{
  "reason": "ui_heartbeat_stall",
  "timestamp": "20251218_004534",
  "system": {
    "timestamp": "2025-12-18T00:45:34.231263Z",
    "hostname": "Rob-Gaming-Desk",
    "platform": {
      "system": "Windows",
      "release": "10",
      "version": "10.0.26100",
      "machine": "AMD64",
      "processor": "Intel64 Family 6 Model 183 Stepping 1, GenuineIntel"
    },
    "python": {
      "implementation": "CPython",
      "version": "3.10.6",
      "executable": "<USER_HOME>\\AppData\\Local\\Programs\\Python\\Python310\\python.exe"
    },
    "user": "rob",
    "cwd": "<USER_HOME>\\projects\\StableNew",
    "repo_root": "<USER_HOME>\\projects\\StableNew",
    "memory": {
      "total_mb": 32527.05859375,
      "available_mb": 17080.03125,
      "used_mb": 15447.02734375,
      "percent": 47.5
    },
    "cpu": {
      "percent": 7.1,
      "count_logical": 32,
      "count_physical": 24
    },
    "disk": {
      "total_mb": 1952658.99609375,
      "used_mb": 392698.15234375,
      "free_mb": 1559960.84375
    }
  }
}