[
  {
    "level": "INFO",
    "name": "src.services.queue_store_v2",
    "message": "Loaded queue state: 0 jobs, auto_run=True, paused=False",
    "created": 1765145743.1765358
  },
  {
    "level": "INFO",
    "name": "src.controller.app_controller",
    "message": "Restored queue state: auto_run=True, paused=False, 0 jobs (jobs not restored in V1 queue)",
    "created": 1765145743.1765358
  },
  {
    "level": "INFO",
    "name": "src.utils.config",
    "message": "Found 15 presets",
    "created": 1765145743.2271607
  },
  {
    "level": "INFO",
    "name": "src.utils.file_io",
    "message": "Found 12 prompt packs in packs",
    "created": 1765145743.2381604
  },
  {
    "level": "INFO",
    "name": "src.utils.file_io",
    "message": "Read 10 prompts from SDXL_angelic_warriors_Fantasy.txt",
    "created": 1765145743.2381604
  },
  {
    "level": "INFO",
    "name": "src.utils.file_io",
    "message": "Read 10 prompts from SDXL_angelic_warriors_Realistic.txt",
    "created": 1765145743.2391605
  },
  {
    "level": "INFO",
    "name": "src.utils.file_io",
    "message": "Read 10 prompts from SDXL_beautiful_women_Fantasy.txt",
    "created": 1765145743.2391605
  },
  {
    "level": "INFO",
    "name": "src.utils.file_io",
    "message": "Read 10 prompts from SDXL_beautiful_women_Realistic.txt",
    "created": 1765145743.2391605
  },
  {
    "level": "INFO",
    "name": "src.utils.file_io",
    "message": "Read 10 prompts from SDXL_epic_structures_Fantasy.txt",
    "created": 1765145743.2391605
  },
  {
    "level": "INFO",
    "name": "src.utils.file_io",
    "message": "Read 10 prompts from SDXL_epic_structures_Realistic.txt",
    "created": 1765145743.2401595
  },
  {
    "level": "INFO",
    "name": "src.utils.file_io",
    "message": "Read 10 prompts from SDXL_female_fantasy_heroes_Fantasy.txt",
    "created": 1765145743.2401595
  },
  {
    "level": "INFO",
    "name": "src.utils.file_io",
    "message": "Read 10 prompts from SDXL_female_fantasy_heroes_Realistic.txt",
    "created": 1765145743.2401595
  },
  {
    "level": "INFO",
    "name": "src.utils.file_io",
    "message": "Read 10 prompts from SDXL_male_fantasy_heroes_Fantasy.txt",
    "created": 1765145743.2401595
  },
  {
    "level": "INFO",
    "name": "src.utils.file_io",
    "message": "Read 10 prompts from SDXL_male_fantasy_heroes_Realistic.txt",
    "created": 1765145743.2411604
  },
  {
    "level": "INFO",
    "name": "src.utils.file_io",
    "message": "Read 10 prompts from SDXL_mythical_beasts_Fantasy.txt",
    "created": 1765145743.2411604
  },
  {
    "level": "INFO",
    "name": "src.utils.file_io",
    "message": "Read 10 prompts from SDXL_mythical_beasts_Realistic.txt",
    "created": 1765145743.2411604
  },
  {
    "level": "INFO",
    "name": "src.utils.file_io",
    "message": "Found 12 prompt packs in packs",
    "created": 1765145743.3261597
  },
  {
    "level": "INFO",
    "name": "src.api.webui_process_manager",
    "message": "Starting WebUI process | {\"command\": [\"webui-user.bat\", \"--api\", \"--xformers\"], \"subsystem\": \"api\", \"working_dir\": \"C:\\\\Users\\\\rob\\\\stable-diffusion-webui\"}",
    "created": 1765145743.8312204,
    "payload": {
      "message": "Starting WebUI process",
      "subsystem": "api",
      "command": [
        "webui-user.bat",
        "--api",
        "--xformers"
      ],
      "working_dir": "<USER_HOME>\\stable-diffusion-webui"
    }
  },
  {
    "level": "INFO",
    "name": "src.api.webui_process_manager",
    "message": "[PROC] launch run_session=4b3ca719 pid=41224 cmd=\"webui-user.bat --api --xformers\" cwd=\"<USER_HOME>\\stable-diffusion-webui\"",
    "created": 1765145743.8362212
  },
  {
    "level": "INFO",
    "name": "src.api.healthcheck",
    "message": "Probing WebUI readiness at models/options endpoints | {\"models_endpoint\": \"/sdapi/v1/sd-models\", \"options_endpoint\": \"/sdapi/v1/options\", \"subsystem\": \"api\"}",
    "created": 1765145743.8372216,
    "payload": {
      "message": "Probing WebUI readiness at models/options endpoints",
      "subsystem": "api",
      "models_endpoint": "/sdapi/v1/sd-models",
      "options_endpoint": "/sdapi/v1/options"
    }
  },
  {
    "level": "INFO",
    "name": "root",
    "message": "WebUI stdout: Using PYTHON=<USER_HOME>\\AppData\\Local\\Programs\\Python\\Python310\\python.exe",
    "created": 1765145743.8492205
  },
  {
    "level": "INFO",
    "name": "src.api.healthcheck",
    "message": "WebUI API ready (models endpoint): http://127.0.0.1:7860/sdapi/v1/sd-models | {\"endpoint\": \"/sdapi/v1/sd-models\", \"subsystem\": \"api\"}",
    "created": 1765145743.8652256,
    "payload": {
      "message": "WebUI API ready (models endpoint): http://127.0.0.1:7860/sdapi/v1/sd-models",
      "subsystem": "api",
      "endpoint": "/sdapi/v1/sd-models"
    }
  },
  {
    "level": "INFO",
    "name": "root",
    "message": "WebUI bootstrap completed asynchronously",
    "created": 1765145743.8652256
  },
  {
    "level": "INFO",
    "name": "root",
    "message": "WebUI status update: state = WebUIConnectionState.DISCONNECTED",
    "created": 1765145743.8662255
  },
  {
    "level": "INFO",
    "name": "root",
    "message": "WebUI stdout: venv \"<USER_HOME>\\stable-diffusion-webui\\venv\\Scripts\\Python.exe\"",
    "created": 1765145744.100086
  },
  {
    "level": "INFO",
    "name": "root",
    "message": "WebUI stderr: <USER_HOME>\\stable-diffusion-webui\\venv\\lib\\site-packages\\timm\\models\\layers\\__init__.py:48: FutureWarning: Importing from timm.models.layers is deprecated, please import via timm.layers",
    "created": 1765145748.336267
  },
  {
    "level": "INFO",
    "name": "root",
    "message": "WebUI stderr: warnings.warn(f\"Importing from {__name__} is deprecated, please import via timm.layers\", FutureWarning)",
    "created": 1765145748.3372686
  },
  {
    "level": "INFO",
    "name": "src.api.healthcheck",
    "message": "Probing WebUI readiness at models/options endpoints | {\"models_endpoint\": \"/sdapi/v1/sd-models\", \"options_endpoint\": \"/sdapi/v1/options\", \"subsystem\": \"api\"}",
    "created": 1765145749.8786476,
    "payload": {
      "message": "Probing WebUI readiness at models/options endpoints",
      "subsystem": "api",
      "models_endpoint": "/sdapi/v1/sd-models",
      "options_endpoint": "/sdapi/v1/options"
    }
  },
  {
    "level": "INFO",
    "name": "src.api.healthcheck",
    "message": "WebUI API ready (models endpoint): http://127.0.0.1:7860/sdapi/v1/sd-models | {\"endpoint\": \"/sdapi/v1/sd-models\", \"subsystem\": \"api\"}",
    "created": 1765145749.8817494,
    "payload": {
      "message": "WebUI API ready (models endpoint): http://127.0.0.1:7860/sdapi/v1/sd-models",
      "subsystem": "api",
      "endpoint": "/sdapi/v1/sd-models"
    }
  },
  {
    "level": "INFO",
    "name": "src.controller.webui_connection_controller",
    "message": "WebUI models/options are ready at http://127.0.0.1:7860",
    "created": 1765145749.8827498
  },
  {
    "level": "INFO",
    "name": "src.api.client",
    "message": "Retrieved 22 models",
    "created": 1765145749.8867497
  },
  {
    "level": "INFO",
    "name": "src.api.client",
    "message": "Retrieved 10 VAE models",
    "created": 1765145749.9125419
  },
  {
    "level": "INFO",
    "name": "src.api.client",
    "message": "Retrieved 20 samplers",
    "created": 1765145749.9155428
  },
  {
    "level": "INFO",
    "name": "src.api.client",
    "message": "Retrieved 12 schedulers",
    "created": 1765145749.9438696
  },
  {
    "level": "INFO",
    "name": "src.api.client",
    "message": "Retrieved 14 upscalers",
    "created": 1765145749.959781
  },
  {
    "level": "INFO",
    "name": "src.api.client",
    "message": "Retrieved 22 models",
    "created": 1765145749.99087
  },
  {
    "level": "INFO",
    "name": "src.api.client",
    "message": "Retrieved 10 VAE models",
    "created": 1765145749.9928696
  },
  {
    "level": "INFO",
    "name": "src.controller.app_controller",
    "message": "Resource update: 22 models, 10 vaes, 20 samplers, 12 schedulers, 14 upscalers",
    "created": 1765145749.9958692
  },
  {
    "level": "INFO",
    "name": "src.api.client",
    "message": "Retrieved 22 models",
    "created": 1765145750.021143
  },
  {
    "level": "INFO",
    "name": "src.api.client",
    "message": "Retrieved 10 VAE models",
    "created": 1765145750.0241437
  },
  {
    "level": "INFO",
    "name": "root",
    "message": "WebUI stdout: Launching Web UI with arguments: --xformers --opt-sdp-attention --opt-channelslast --no-half-vae --api --skip-install --skip-prepare-environment",
    "created": 1765145750.225305
  },
  {
    "level": "INFO",
    "name": "root",
    "message": "WebUI stdout: [-] ADetailer initialized. version: 25.3.0, num models: 10",
    "created": 1765145750.225305
  },
  {
    "level": "INFO",
    "name": "root",
    "message": "WebUI stdout: Loading weights [dd08fa32f9] from <USER_HOME>\\stable-diffusion-webui\\models\\Stable-diffusion\\juggernautXL_ragnarokBy.safetensors",
    "created": 1765145750.8425088
  },
  {
    "level": "INFO",
    "name": "root",
    "message": "WebUI stderr: <USER_HOME>\\stable-diffusion-webui\\venv\\lib\\site-packages\\huggingface_hub\\file_download.py:942: FutureWarning: `resume_download` is deprecated and will be removed in version 1.0.0. Downloads always resume when possible. If you want to force a new download, use `force_download=True`.",
    "created": 1765145751.0137768
  },
  {
    "level": "INFO",
    "name": "root",
    "message": "WebUI stderr: warnings.warn(",
    "created": 1765145751.0137768
  },
  {
    "level": "INFO",
    "name": "src.utils.config",
    "message": "Loaded preset: Beast_Boss_Juggernaut_SDXL",
    "created": 1765146994.5027132
  },
  {
    "level": "INFO",
    "name": "src.utils.config",
    "message": "Set default preset to: Beast_Boss_Juggernaut_SDXL",
    "created": 1765146994.51372
  },
  {
    "level": "INFO",
    "name": "src.utils.file_io",
    "message": "Read 10 prompts from SDXL_angelic_warriors_Realistic.txt",
    "created": 1765147028.4616985
  }
]