{
  "txt2img": {
    "steps": 32,
    "sampler_name": "DPM++ 2M",
    "scheduler": "Karras",
    "cfg_scale": 6.0,
    "width": 1024,
    "height": 1024,
    "negative_prompt": "blurry, bad quality, distorted",
    "seed": -1,
    "seed_resize_from_h": -1,
    "seed_resize_from_w": -1,
    "enable_hr": true,
    "hr_scale": 1.5,
    "hr_upscaler": "Latent",
    "hr_sampler_name": "DPM++ 2M",
    "hr_second_pass_steps": 15,
    "hr_resize_x": 0,
    "hr_resize_y": 0,
    "denoising_strength": 0.2,
    "clip_skip": 2,
    "model": "juggernautXL_ragnarokBy.safetensors [dd08fa32f9]",
    "vae": "",
    "hypernetwork": "None",
    "hypernetwork_strength": 1.0,
    "styles": [],
    "refiner_checkpoint": "",
    "refiner_switch_at": 0.8,
    "refiner_switch_steps": 0,
    "hires_steps": 15,
    "face_restoration_enabled": false,
    "face_restoration_model": "GFPGAN",
    "face_restoration_weight": 0.5
  },
  "img2img": {
    "steps": 15,
    "sampler_name": "Euler a",
    "scheduler": "Normal",
    "cfg_scale": 7.0,
    "denoising_strength": 0.3,
    "seed": -1,
    "clip_skip": 2,
    "model": "",
    "vae": "",
    "hypernetwork": "None",
    "hypernetwork_strength": 1.0,
    "prompt_adjust": "",
    "negative_adjust": ""
  },
  "upscale": {
    "upscaler": "4xUltrasharp_4xUltrasharpV10",
    "upscaling_resize": 1.5,
    "upscale_mode": "single",
    "denoising_strength": 0.2,
    "steps": 15,
    "sampler_name": "DPM++ 2M",
    "scheduler": "Karras",
    "gfpgan_visibility": 0.0,
    "codeformer_visibility": 0.0,
    "codeformer_weight": 0.0
  },
  "adetailer": {
    "adetailer_enabled": true,
    "adetailer_model": "face_yolov8n.pt",
    "adetailer_confidence": 0.5,
    "adetailer_mask_feather": 8,
    "adetailer_sampler": "DPM++ 2M",
    "adetailer_steps": 12,
    "adetailer_denoise": 0.19166666666666668,
    "adetailer_cfg": 6.0,
    "adetailer_prompt": "",
    "adetailer_negative_prompt": ""
  },
  "video": {
    "fps": 24,
    "codec": "libx264",
    "quality": "medium"
  },
  "api": {
    "base_url": "http://127.0.0.1:7860",
    "timeout": 300
  },
  "randomization": {
    "enabled": true,
    "prompt_sr": {
      "enabled": false,
      "mode": "random",
      "rules": [],
      "raw_text": ""
    },
    "wildcards": {
      "enabled": false,
      "mode": "random",
      "tokens": [],
      "raw_text": ""
    },
    "matrix": {
      "enabled": true,
      "mode": "fanout",
      "limit": 0,
      "slots": [
        {
          "name": "hair",
          "values": [
            "blonde",
            "black",
            "brown",
            "red"
          ]
        },
        {
          "name": "clothes",
          "values": [
            "bikini armor",
            "bikini",
            "bralette and thong"
          ]
        },
        {
          "name": "style",
          "values": [
            "sexy",
            "gorgeous",
            "radiant"
          ]
        },
        {
          "name": "light",
          "values": [
            "soft glowing light",
            "shadows and torchlight",
            "blue ambient glow"
          ]
        },
        {
          "name": "angle",
          "values": [
            "3/4 character",
            "waist up",
            "low-angle close up"
          ]
        }
      ],
      "raw_text": "# Base: a [[hair]] hair colored female, wearing [[clothes]] and looking [[style]] in the [[light]] with a [[angle]] angle\nhair: blonde | black | brown | red\nclothes: bikini armor | bikini | bralette and thong\nstyle: sexy | gorgeous | radiant\nlight: soft glowing light | shadows and torchlight | blue ambient glow\nangle: 3/4 character | waist up | low-angle close up",
      "prompt_mode": "prepend",
      "base_prompt": "a [[hair]] hair colored female, wearing [[clothes]] and looking [[style]] in the [[light]] with a [[angle]] angle"
    }
  },
  "aesthetic": {
    "enabled": false,
    "mode": "script",
    "weight": 0.9,
    "steps": 5,
    "learning_rate": 0.0001,
    "slerp": false,
    "slerp_angle": 0.1,
    "embedding": "None",
    "text": "",
    "text_is_negative": false,
    "fallback_prompt": ""
  },
  "pipeline": {
    "img2img_enabled": false,
    "upscale_enabled": true,
    "adetailer_enabled": true,
    "allow_hr_with_stages": false,
    "refiner_compare_mode": false,
    "apply_global_negative_txt2img": true,
    "apply_global_negative_img2img": true,
    "apply_global_negative_upscale": true,
    "apply_global_negative_adetailer": true,
    "txt2img_enabled": true,
    "video_enabled": false,
    "loop_type": "single",
    "loop_count": 1,
    "pack_mode": "selected",
    "images_per_prompt": 1,
    "model_matrix": [],
    "hypernetworks": [],
    "variant_mode": "fanout"
  }
}
