{
  "reason": "thread_exception",
  "timestamp": "20251208_033320",
  "system": {
    "timestamp": "2025-12-08T03:33:20.465331Z",
    "hostname": "Rob-Gaming-Desk",
    "platform": {
      "system": "Windows",
      "release": "10",
      "version": "10.0.26100",
      "machine": "AMD64",
      "processor": "Intel64 Family 6 Model 183 Stepping 1, GenuineIntel"
    },
    "python": {
      "implementation": "CPython",
      "version": "3.10.6",
      "executable": "<USER_HOME>\\AppData\\Local\\Programs\\Python\\Python310\\python.exe"
    },
    "user": "rob",
    "cwd": "<USER_HOME>\\projects\\StableNew",
    "repo_root": "<USER_HOME>\\projects\\StableNew",
    "memory": {
      "total_mb": 32527.05859375,
      "available_mb": 19261.546875,
      "used_mb": 13265.51171875,
      "percent": 40.8
    },
    "cpu": {
      "percent": 0.0,
      "count_logical": 32,
      "count_physical": 24
    },
    "disk": {
      "total_mb": 1952658.99609375,
      "used_mb": 389741.2421875,
      "free_mb": 1562917.75390625
    }
  },
  "context": {
    "thread": "ProcessAutoScanner",
    "traceback": "Traceback (most recent call last):\n  File \"<USER_HOME>\\AppData\\Local\\Programs\\Python\\Python310\\lib\\threading.py\", line 1016, in _bootstrap_inner\n    self.run()\n  File \"<USER_HOME>\\AppData\\Local\\Programs\\Python\\Python310\\lib\\threading.py\", line 953, in run\n    self._target(*self._args, **self._kwargs)\n  File \"<USER_HOME>\\projects\\StableNew\\src\\controller\\process_auto_scanner_service.py\", line 61, in _run_loop\n    self.scan_once()\n  File \"<USER_HOME>\\projects\\StableNew\\src\\controller\\process_auto_scanner_service.py\", line 104, in scan_once\n    protected = set(int(pid) for pid in self._protected_pids() if isinstance(pid, int))\n  File \"<USER_HOME>\\projects\\StableNew\\src\\controller\\app_controller.py\", line 1459, in _get_protected_process_pids\n    snapshot = self.job_service.get_diagnostics_snapshot()\nAttributeError: 'FakeJobService' object has no attribute 'get_diagnostics_snapshot'\n"
  },
  "job_snapshot": {
    "jobs": [],
    "cached_metadata": {},
    "containers": {},
    "active_watchdogs": [],
    "watchdog_events": [],
    "cleanup_history": [],
    "process_container_config": {
      "enabled": true,
      "memory_limit_mb": null,
      "cpu_limit_percent": null,
      "max_processes": null
    }
  }
}