{
  "reason": "ui_heartbeat_stall",
  "timestamp": "20251222_201424",
  "system": {
    "timestamp": "2025-12-22T20:14:24.433563Z",
    "hostname": "Rob-Gaming-Desk",
    "platform": {
      "system": "Windows",
      "release": "10",
      "version": "10.0.26100",
      "machine": "AMD64",
      "processor": "Intel64 Family 6 Model 183 Stepping 1, GenuineIntel"
    },
    "python": {
      "implementation": "CPython",
      "version": "3.10.6",
      "executable": "<USER_HOME>\\AppData\\Local\\Programs\\Python\\Python310\\python.exe"
    },
    "user": "rob",
    "cwd": "<USER_HOME>\\projects\\StableNew",
    "repo_root": "<USER_HOME>\\projects\\StableNew",
    "memory": {
      "total_mb": 32527.05859375,
      "available_mb": 18203.42578125,
      "used_mb": 14323.6328125,
      "percent": 44.0
    },
    "cpu": {
      "percent": 33.3,
      "count_logical": 32,
      "count_physical": 24
    },
    "disk": {
      "total_mb": 1952658.99609375,
      "used_mb": 422206.9609375,
      "free_mb": 1530452.03515625
    }
  }
}