[
  {
    "level": "INFO",
    "name": "src.services.queue_store_v2",
    "message": "Loaded queue state: 0 jobs, auto_run=True, paused=False",
    "created": 1765551738.8350687
  },
  {
    "level": "INFO",
    "name": "src.controller.app_controller",
    "message": "Restored queue state: auto_run=True, paused=False, 0 jobs (jobs not restored in V1 queue)",
    "created": 1765551738.859061
  },
  {
    "level": "INFO",
    "name": "src.services.queue_store_v2",
    "message": "Loaded queue state: 0 jobs, auto_run=True, paused=False",
    "created": 1765551738.8852649
  },
  {
    "level": "INFO",
    "name": "src.controller.job_execution_controller",
    "message": "Restored queue state: auto_run=True, paused=False, 0 restored job(s)",
    "created": 1765551738.908677
  },
  {
    "level": "INFO",
    "name": "src.services.queue_store_v2",
    "message": "QUEUE_STATE_SAVED | Persisted queue state",
    "created": 1765551738.9337444
  },
  {
    "level": "INFO",
    "name": "src.services.queue_store_v2",
    "message": "Loaded queue state: 0 jobs, auto_run=True, paused=False",
    "created": 1765551738.9602826
  },
  {
    "level": "INFO",
    "name": "src.controller.app_controller",
    "message": "Restored queue state: auto_run=True, paused=False, 0 jobs (jobs not restored in V1 queue)",
    "created": 1765551738.9844947
  },
  {
    "level": "INFO",
    "name": "src.services.queue_store_v2",
    "message": "Loaded queue state: 0 jobs, auto_run=True, paused=False",
    "created": 1765551739.0116816
  },
  {
    "level": "INFO",
    "name": "src.controller.job_execution_controller",
    "message": "Restored queue state: auto_run=True, paused=False, 0 restored job(s)",
    "created": 1765551739.0369122
  },
  {
    "level": "INFO",
    "name": "src.services.queue_store_v2",
    "message": "QUEUE_STATE_SAVED | Persisted queue state",
    "created": 1765551739.0612154
  },
  {
    "level": "INFO",
    "name": "src.services.queue_store_v2",
    "message": "Loaded queue state: 0 jobs, auto_run=True, paused=False",
    "created": 1765551739.089458
  },
  {
    "level": "INFO",
    "name": "src.controller.app_controller",
    "message": "Restored queue state: auto_run=True, paused=False, 0 jobs (jobs not restored in V1 queue)",
    "created": 1765551739.1133187
  },
  {
    "level": "INFO",
    "name": "src.services.queue_store_v2",
    "message": "Loaded queue state: 0 jobs, auto_run=True, paused=False",
    "created": 1765551739.1389594
  },
  {
    "level": "INFO",
    "name": "src.controller.job_execution_controller",
    "message": "Restored queue state: auto_run=True, paused=False, 0 restored job(s)",
    "created": 1765551739.1654289
  },
  {
    "level": "INFO",
    "name": "src.services.queue_store_v2",
    "message": "QUEUE_STATE_SAVED | Persisted queue state",
    "created": 1765551739.1906946
  },
  {
    "level": "INFO",
    "name": "src.services.queue_store_v2",
    "message": "Loaded queue state: 0 jobs, auto_run=True, paused=False",
    "created": 1765551739.2178862
  },
  {
    "level": "INFO",
    "name": "src.controller.app_controller",
    "message": "Restored queue state: auto_run=True, paused=False, 0 jobs (jobs not restored in V1 queue)",
    "created": 1765551739.2438862
  },
  {
    "level": "INFO",
    "name": "src.controller.job_service",
    "message": "Queuing job test-dummy for background execution | {\"job_id\": \"test-dummy\", \"subsystem\": \"job_service\"}",
    "created": 1765551739.2697105,
    "payload": {
      "message": "Queuing job test-dummy for background execution",
      "job_id": "test-dummy",
      "subsystem": "job_service"
    }
  },
  {
    "level": "INFO",
    "name": "src.controller.job_service",
    "message": "Queue worker starting | {\"job_id\": \"test-dummy\", \"runner\": \"SingleNodeJobRunner\", \"subsystem\": \"job_service\"}",
    "created": 1765551739.293956,
    "payload": {
      "message": "Queue worker starting",
      "job_id": "test-dummy",
      "subsystem": "job_service",
      "runner": "SingleNodeJobRunner"
    }
  },
  {
    "level": "INFO",
    "name": "src.queue.single_node_runner",
    "message": "QUEUE_JOB_START | Starting execution via runner | {\"job_id\": \"test-dummy\", \"prompt_pack_id\": \"test-pack-core\", \"run_mode\": \"queue\", \"subsystem\": \"queue_runner\"}",
    "created": 1765551739.3191965,
    "payload": {
      "message": "QUEUE_JOB_START | Starting execution via runner",
      "job_id": "test-dummy",
      "subsystem": "queue_runner",
      "run_mode": "queue",
      "prompt_pack_id": "test-pack-core"
    }
  },
  {
    "level": "INFO",
    "name": "src.queue.single_node_runner",
    "message": "Dequeued job for execution | {\"job_id\": \"test-dummy\", \"prompt_pack_id\": \"test-pack-core\", \"run_mode\": \"queue\", \"subsystem\": \"queue_runner\"}",
    "created": 1765551739.3336422,
    "payload": {
      "message": "Dequeued job for execution",
      "job_id": "test-dummy",
      "subsystem": "queue_runner",
      "run_mode": "queue",
      "prompt_pack_id": "test-pack-core"
    }
  },
  {
    "level": "INFO",
    "name": "src.controller.job_service",
    "message": "Job status change | {\"job_id\": \"test-dummy\", \"prompt_pack_id\": \"test-pack-core\", \"run_mode\": \"queue\", \"status\": \"running\", \"subsystem\": \"job_service\"}",
    "created": 1765551739.3566425,
    "payload": {
      "message": "Job status change",
      "job_id": "test-dummy",
      "subsystem": "job_service",
      "status": "running",
      "run_mode": "queue",
      "prompt_pack_id": "test-pack-core"
    }
  },
  {
    "level": "INFO",
    "name": "src.queue.single_node_runner",
    "message": "QUEUE_JOB_PIPELINE_CALL | Invoking pipeline for job | {\"job_id\": \"test-dummy\", \"subsystem\": \"queue_runner\"}",
    "created": 1765551739.3734431,
    "payload": {
      "message": "QUEUE_JOB_PIPELINE_CALL | Invoking pipeline for job",
      "job_id": "test-dummy",
      "subsystem": "queue_runner"
    }
  },
  {
    "level": "INFO",
    "name": "src.controller.job_service",
    "message": "Job status change | {\"job_id\": \"test-dummy\", \"prompt_pack_id\": \"test-pack-core\", \"run_mode\": \"queue\", \"status\": \"completed\", \"subsystem\": \"job_service\"}",
    "created": 1765551739.3945177,
    "payload": {
      "message": "Job status change",
      "job_id": "test-dummy",
      "subsystem": "job_service",
      "status": "completed",
      "run_mode": "queue",
      "prompt_pack_id": "test-pack-core"
    }
  },
  {
    "level": "INFO",
    "name": "src.queue.single_node_runner",
    "message": "QUEUE_JOB_PIPELINE_RETURN | Pipeline finished | {\"job_id\": \"test-dummy\", \"status\": \"completed\", \"subsystem\": \"queue_runner\"}",
    "created": 1765551739.417853,
    "payload": {
      "message": "QUEUE_JOB_PIPELINE_RETURN | Pipeline finished",
      "job_id": "test-dummy",
      "subsystem": "queue_runner",
      "status": "completed"
    }
  },
  {
    "level": "INFO",
    "name": "src.queue.single_node_runner",
    "message": "QUEUE_JOB_DONE | Job execution completed | {\"duration_ms\": 62, \"job_id\": \"test-dummy\", \"prompt_pack_id\": \"test-pack-core\", \"run_mode\": \"queue\", \"status\": \"completed\", \"subsystem\": \"queue_runner\"}",
    "created": 1765551739.4318473,
    "payload": {
      "message": "QUEUE_JOB_DONE | Job execution completed",
      "job_id": "test-dummy",
      "subsystem": "queue_runner",
      "run_mode": "queue",
      "prompt_pack_id": "test-pack-core",
      "duration_ms": 62,
      "status": "completed"
    }
  },
  {
    "level": "INFO",
    "name": "src.services.queue_store_v2",
    "message": "Loaded queue state: 0 jobs, auto_run=True, paused=False",
    "created": 1765551739.448967
  },
  {
    "level": "INFO",
    "name": "src.controller.job_execution_controller",
    "message": "Restored queue state: auto_run=True, paused=False, 0 restored job(s)",
    "created": 1765551739.4749665
  },
  {
    "level": "INFO",
    "name": "src.services.queue_store_v2",
    "message": "QUEUE_STATE_SAVED | Persisted queue state",
    "created": 1765551739.5010145
  },
  {
    "level": "INFO",
    "name": "src.services.queue_store_v2",
    "message": "Loaded queue state: 0 jobs, auto_run=True, paused=False",
    "created": 1765551739.5292387
  },
  {
    "level": "INFO",
    "name": "src.controller.job_execution_controller",
    "message": "Restored queue state: auto_run=True, paused=False, 0 restored job(s)",
    "created": 1765551739.5552943
  },
  {
    "level": "INFO",
    "name": "src.services.queue_store_v2",
    "message": "QUEUE_STATE_SAVED | Persisted queue state",
    "created": 1765551739.5802865
  },
  {
    "level": "INFO",
    "name": "src.services.queue_store_v2",
    "message": "Loaded queue state: 0 jobs, auto_run=True, paused=False",
    "created": 1765551739.6082866
  },
  {
    "level": "INFO",
    "name": "src.controller.job_execution_controller",
    "message": "Restored queue state: auto_run=True, paused=False, 0 restored job(s)",
    "created": 1765551739.6334798
  },
  {
    "level": "INFO",
    "name": "src.services.queue_store_v2",
    "message": "QUEUE_STATE_SAVED | Persisted queue state",
    "created": 1765551739.6579049
  },
  {
    "level": "ERROR",
    "name": "src.controller.job_execution_controller",
    "message": "JOB_EXEC_ERROR | Missing normalized record for queued job | {\"error\": \"Missing normalized record for queued job\", \"job_id\": \"missing\", \"run_mode\": \"queue\", \"subsystem\": \"job_exec\"}",
    "created": 1765551739.6829057,
    "payload": {
      "message": "JOB_EXEC_ERROR | Missing normalized record for queued job",
      "job_id": "missing",
      "subsystem": "job_exec",
      "run_mode": "queue",
      "error": "Missing normalized record for queued job"
    }
  },
  {
    "level": "INFO",
    "name": "src.services.queue_store_v2",
    "message": "Loaded queue state: 0 jobs, auto_run=True, paused=False",
    "created": 1765551739.7099235
  },
  {
    "level": "INFO",
    "name": "src.controller.job_execution_controller",
    "message": "Restored queue state: auto_run=True, paused=False, 0 restored job(s)",
    "created": 1765551739.7345798
  },
  {
    "level": "INFO",
    "name": "src.services.queue_store_v2",
    "message": "QUEUE_STATE_SAVED | Persisted queue state",
    "created": 1765551739.7599397
  },
  {
    "level": "INFO",
    "name": "src.controller.job_execution_controller",
    "message": "JOB_EXEC_START | Dispatching job for execution | {\"has_njr\": true, \"job_id\": \"replay-error\", \"prompt_pack_id\": null, \"run_mode\": \"queue\", \"subsystem\": \"job_exec\"}",
    "created": 1765551739.784928,
    "payload": {
      "message": "JOB_EXEC_START | Dispatching job for execution",
      "job_id": "replay-error",
      "subsystem": "job_exec",
      "run_mode": "queue",
      "has_njr": true,
      "prompt_pack_id": null
    }
  },
  {
    "level": "INFO",
    "name": "src.controller.job_execution_controller",
    "message": "JOB_EXEC_REPLAY | Executing NJR via replay engine | {\"job_id\": \"replay-error\", \"subsystem\": \"job_exec\"}",
    "created": 1765551739.8095315,
    "payload": {
      "message": "JOB_EXEC_REPLAY | Executing NJR via replay engine",
      "job_id": "replay-error",
      "subsystem": "job_exec"
    }
  },
  {
    "level": "ERROR",
    "name": "src.controller.job_execution_controller",
    "message": "JOB_EXEC_ERROR | NJR execution failed | {\"error\": \"NJR execution failed: replay failed\", \"job_id\": \"replay-error\", \"subsystem\": \"job_exec\"}",
    "created": 1765551739.8342907,
    "payload": {
      "message": "JOB_EXEC_ERROR | NJR execution failed",
      "job_id": "replay-error",
      "subsystem": "job_exec",
      "error": "NJR execution failed: replay failed"
    }
  },
  {
    "level": "INFO",
    "name": "src.services.queue_store_v2",
    "message": "Loaded queue state: 0 jobs, auto_run=True, paused=False",
    "created": 1765551739.865298
  },
  {
    "level": "INFO",
    "name": "src.controller.job_execution_controller",
    "message": "Restored queue state: auto_run=True, paused=False, 0 restored job(s)",
    "created": 1765551739.89261
  },
  {
    "level": "INFO",
    "name": "src.services.queue_store_v2",
    "message": "QUEUE_STATE_SAVED | Persisted queue state",
    "created": 1765551739.919681
  },
  {
    "level": "INFO",
    "name": "src.services.queue_store_v2",
    "message": "Loaded queue state: 0 jobs, auto_run=True, paused=False",
    "created": 1765551739.9468043
  },
  {
    "level": "INFO",
    "name": "src.controller.app_controller",
    "message": "Restored queue state: auto_run=True, paused=False, 0 jobs (jobs not restored in V1 queue)",
    "created": 1765551739.973792
  },
  {
    "level": "INFO",
    "name": "src.services.queue_store_v2",
    "message": "Loaded queue state: 0 jobs, auto_run=True, paused=False",
    "created": 1765551740.0014086
  },
  {
    "level": "INFO",
    "name": "src.controller.job_execution_controller",
    "message": "Restored queue state: auto_run=True, paused=False, 0 restored job(s)",
    "created": 1765551740.0266159
  },
  {
    "level": "INFO",
    "name": "src.services.queue_store_v2",
    "message": "QUEUE_STATE_SAVED | Persisted queue state",
    "created": 1765551740.053119
  },
  {
    "level": "INFO",
    "name": "src.services.queue_store_v2",
    "message": "Loaded queue state: 0 jobs, auto_run=True, paused=False",
    "created": 1765551740.0813057
  },
  {
    "level": "INFO",
    "name": "src.controller.app_controller",
    "message": "Restored queue state: auto_run=True, paused=False, 0 jobs (jobs not restored in V1 queue)",
    "created": 1765551740.1084685
  },
  {
    "level": "INFO",
    "name": "src.services.queue_store_v2",
    "message": "Loaded queue state: 0 jobs, auto_run=True, paused=False",
    "created": 1765551740.1839554
  },
  {
    "level": "INFO",
    "name": "src.controller.job_execution_controller",
    "message": "Restored queue state: auto_run=True, paused=False, 0 restored job(s)",
    "created": 1765551740.2126064
  },
  {
    "level": "INFO",
    "name": "src.services.queue_store_v2",
    "message": "QUEUE_STATE_SAVED | Persisted queue state",
    "created": 1765551740.240827
  },
  {
    "level": "INFO",
    "name": "src.services.queue_store_v2",
    "message": "Loaded queue state: 0 jobs, auto_run=True, paused=False",
    "created": 1765551740.267239
  },
  {
    "level": "INFO",
    "name": "src.controller.app_controller",
    "message": "Restored queue state: auto_run=True, paused=False, 0 jobs (jobs not restored in V1 queue)",
    "created": 1765551740.2942395
  },
  {
    "level": "INFO",
    "name": "src.services.queue_store_v2",
    "message": "Loaded queue state: 0 jobs, auto_run=True, paused=False",
    "created": 1765551740.3232331
  },
  {
    "level": "INFO",
    "name": "src.controller.job_execution_controller",
    "message": "Restored queue state: auto_run=True, paused=False, 0 restored job(s)",
    "created": 1765551740.3512323
  },
  {
    "level": "INFO",
    "name": "src.services.queue_store_v2",
    "message": "QUEUE_STATE_SAVED | Persisted queue state",
    "created": 1765551740.377736
  },
  {
    "level": "INFO",
    "name": "src.services.queue_store_v2",
    "message": "Loaded queue state: 0 jobs, auto_run=True, paused=False",
    "created": 1765551740.4079823
  },
  {
    "level": "INFO",
    "name": "src.controller.app_controller",
    "message": "Restored queue state: auto_run=True, paused=False, 0 jobs (jobs not restored in V1 queue)",
    "created": 1765551740.4360318
  },
  {
    "level": "INFO",
    "name": "src.services.queue_store_v2",
    "message": "Loaded queue state: 0 jobs, auto_run=True, paused=False",
    "created": 1765551740.466474
  },
  {
    "level": "INFO",
    "name": "src.controller.job_execution_controller",
    "message": "Restored queue state: auto_run=True, paused=False, 0 restored job(s)",
    "created": 1765551740.495762
  },
  {
    "level": "INFO",
    "name": "src.services.queue_store_v2",
    "message": "QUEUE_STATE_SAVED | Persisted queue state",
    "created": 1765551740.5242038
  },
  {
    "level": "INFO",
    "name": "src.services.queue_store_v2",
    "message": "Loaded queue state: 0 jobs, auto_run=True, paused=False",
    "created": 1765551740.5545673
  },
  {
    "level": "INFO",
    "name": "src.controller.app_controller",
    "message": "Restored queue state: auto_run=True, paused=False, 0 jobs (jobs not restored in V1 queue)",
    "created": 1765551740.5824037
  },
  {
    "level": "INFO",
    "name": "src.controller.job_service",
    "message": "Job status change | {\"job_id\": \"job-container\", \"prompt_pack_id\": null, \"run_mode\": \"queue\", \"status\": \"running\", \"subsystem\": \"job_service\"}",
    "created": 1765551740.6088407,
    "payload": {
      "message": "Job status change",
      "job_id": "job-container",
      "subsystem": "job_service",
      "status": "running",
      "run_mode": "queue",
      "prompt_pack_id": null
    }
  },
  {
    "level": "INFO",
    "name": "src.controller.job_service",
    "message": "Job status change | {\"job_id\": \"job-container\", \"prompt_pack_id\": null, \"run_mode\": \"queue\", \"status\": \"completed\", \"subsystem\": \"job_service\"}",
    "created": 1765551740.6414,
    "payload": {
      "message": "Job status change",
      "job_id": "job-container",
      "subsystem": "job_service",
      "status": "completed",
      "run_mode": "queue",
      "prompt_pack_id": null
    }
  },
  {
    "level": "INFO",
    "name": "src.controller.job_service",
    "message": "Cleaning external processes | {\"job_id\": \"job-container\", \"pid_count\": 1, \"reason\": \"completed\", \"subsystem\": \"job_service\"}",
    "created": 1765551740.6686907,
    "payload": {
      "message": "Cleaning external processes",
      "job_id": "job-container",
      "subsystem": "job_service",
      "pid_count": 1,
      "reason": "completed"
    }
  },
  {
    "level": "INFO",
    "name": "src.controller.job_service",
    "message": "[CONTAINER] job kill_all invoked | {\"job_id\": \"job-container\", \"subsystem\": \"process_container\"}",
    "created": 1765551740.696563,
    "payload": {
      "message": "[CONTAINER] job kill_all invoked",
      "job_id": "job-container",
      "subsystem": "process_container"
    }
  },
  {
    "level": "INFO",
    "name": "src.controller.job_service",
    "message": "Job status change | {\"job_id\": \"done\", \"prompt_pack_id\": null, \"run_mode\": \"queue\", \"status\": \"completed\", \"subsystem\": \"job_service\"}",
    "created": 1765551740.7365131,
    "payload": {
      "message": "Job status change",
      "job_id": "done",
      "subsystem": "job_service",
      "status": "completed",
      "run_mode": "queue",
      "prompt_pack_id": null
    }
  },
  {
    "level": "INFO",
    "name": "src.controller.job_service",
    "message": "Job status change | {\"job_id\": \"fail\", \"prompt_pack_id\": null, \"run_mode\": \"queue\", \"status\": \"failed\", \"subsystem\": \"job_service\"}",
    "created": 1765551740.7655053,
    "payload": {
      "message": "Job status change",
      "job_id": "fail",
      "subsystem": "job_service",
      "status": "failed",
      "run_mode": "queue",
      "prompt_pack_id": null
    }
  },
  {
    "level": "ERROR",
    "name": "src.controller.job_service",
    "message": "Normalized job missing pack identity | {\"job_id\": \"record\", \"prompt_pack_id\": \"\", \"prompt_pack_name\": \"\", \"prompt_source\": \"pack\", \"sample_prompt\": \"test\", \"subsystem\": \"job_service\"}",
    "created": 1765551740.7941604,
    "payload": {
      "message": "Normalized job missing pack identity",
      "job_id": "record",
      "subsystem": "job_service",
      "prompt_source": "pack",
      "prompt_pack_id": "",
      "prompt_pack_name": "",
      "sample_prompt": "test"
    }
  },
  {
    "level": "INFO",
    "name": "src.controller.job_service",
    "message": "Submitting job missing-normalized with run_mode=queue | {\"job_id\": \"missing-normalized\", \"run_mode\": \"queue\", \"subsystem\": \"job_service\"}",
    "created": 1765551740.8224618,
    "payload": {
      "message": "Submitting job missing-normalized with run_mode=queue",
      "job_id": "missing-normalized",
      "subsystem": "job_service",
      "run_mode": "queue"
    }
  },
  {
    "level": "WARNING",
    "name": "src.controller.job_service",
    "message": "Job validation failed | {\"code\": \"missing_snapshot\", \"job_id\": \"missing-normalized\", \"message\": \"Job is missing normalized metadata.\", \"subsystem\": \"job_service\"}",
    "created": 1765551740.857551,
    "payload": {
      "message": "Job is missing normalized metadata.",
      "job_id": "missing-normalized",
      "subsystem": "job_service",
      "code": "missing_snapshot"
    }
  },
  {
    "level": "INFO",
    "name": "src.controller.job_service",
    "message": "Submitting job e42932ff-2b0e-4943-95ac-660c7d6ccc26 with run_mode=queue | {\"job_id\": \"e42932ff-2b0e-4943-95ac-660c7d6ccc26\", \"run_mode\": \"queue\", \"subsystem\": \"job_service\"}",
    "created": 1765551740.8905513,
    "payload": {
      "message": "Submitting job e42932ff-2b0e-4943-95ac-660c7d6ccc26 with run_mode=queue",
      "job_id": "e42932ff-2b0e-4943-95ac-660c7d6ccc26",
      "subsystem": "job_service",
      "run_mode": "queue"
    }
  },
  {
    "level": "INFO",
    "name": "src.controller.job_service",
    "message": "Queuing job e42932ff-2b0e-4943-95ac-660c7d6ccc26 for background execution | {\"job_id\": \"e42932ff-2b0e-4943-95ac-660c7d6ccc26\", \"subsystem\": \"job_service\"}",
    "created": 1765551740.9165504,
    "payload": {
      "message": "Queuing job e42932ff-2b0e-4943-95ac-660c7d6ccc26 for background execution",
      "job_id": "e42932ff-2b0e-4943-95ac-660c7d6ccc26",
      "subsystem": "job_service"
    }
  },
  {
    "level": "INFO",
    "name": "src.controller.job_service",
    "message": "Queue worker starting | {\"job_id\": \"e42932ff-2b0e-4943-95ac-660c7d6ccc26\", \"runner\": \"StubRunner\", \"subsystem\": \"job_service\"}",
    "created": 1765551740.9438176,
    "payload": {
      "message": "Queue worker starting",
      "job_id": "e42932ff-2b0e-4943-95ac-660c7d6ccc26",
      "subsystem": "job_service",
      "runner": "StubRunner"
    }
  },
  {
    "level": "INFO",
    "name": "src.controller.job_service",
    "message": "Cleaning external processes | {\"job_id\": \"job-123\", \"pid_count\": 1, \"reason\": \"cleanup\", \"subsystem\": \"job_service\"}",
    "created": 1765551740.98281,
    "payload": {
      "message": "Cleaning external processes",
      "job_id": "job-123",
      "subsystem": "job_service",
      "pid_count": 1,
      "reason": "cleanup"
    }
  },
  {
    "level": "INFO",
    "name": "src.controller.job_service",
    "message": "Job status change | {\"job_id\": \"job-run\", \"prompt_pack_id\": null, \"run_mode\": \"queue\", \"status\": \"running\", \"subsystem\": \"job_service\"}",
    "created": 1765551741.012851,
    "payload": {
      "message": "Job status change",
      "job_id": "job-run",
      "subsystem": "job_service",
      "status": "running",
      "run_mode": "queue",
      "prompt_pack_id": null
    }
  },
  {
    "level": "INFO",
    "name": "src.controller.job_service",
    "message": "Job status change | {\"job_id\": \"cancel\", \"prompt_pack_id\": null, \"run_mode\": \"queue\", \"status\": \"cancelled\", \"subsystem\": \"job_service\"}",
    "created": 1765551741.0438168,
    "payload": {
      "message": "Job status change",
      "job_id": "cancel",
      "subsystem": "job_service",
      "status": "cancelled",
      "run_mode": "queue",
      "prompt_pack_id": null
    }
  },
  {
    "level": "INFO",
    "name": "src.controller.job_service",
    "message": "Job status change | {\"job_id\": \"start-finish\", \"prompt_pack_id\": null, \"run_mode\": \"queue\", \"status\": \"running\", \"subsystem\": \"job_service\"}",
    "created": 1765551741.0742035,
    "payload": {
      "message": "Job status change",
      "job_id": "start-finish",
      "subsystem": "job_service",
      "status": "running",
      "run_mode": "queue",
      "prompt_pack_id": null
    }
  },
  {
    "level": "INFO",
    "name": "src.controller.job_service",
    "message": "Job status change | {\"job_id\": \"start-finish\", \"prompt_pack_id\": null, \"run_mode\": \"queue\", \"status\": \"completed\", \"subsystem\": \"job_service\"}",
    "created": 1765551741.1016753,
    "payload": {
      "message": "Job status change",
      "job_id": "start-finish",
      "subsystem": "job_service",
      "status": "completed",
      "run_mode": "queue",
      "prompt_pack_id": null
    }
  },
  {
    "level": "INFO",
    "name": "src.controller.job_service",
    "message": "Job status change | {\"job_id\": \"queue-fail\", \"prompt_pack_id\": null, \"run_mode\": \"queue\", \"status\": \"running\", \"subsystem\": \"job_service\"}",
    "created": 1765551741.130775,
    "payload": {
      "message": "Job status change",
      "job_id": "queue-fail",
      "subsystem": "job_service",
      "status": "running",
      "run_mode": "queue",
      "prompt_pack_id": null
    }
  },
  {
    "level": "INFO",
    "name": "src.controller.job_service",
    "message": "Job status change | {\"job_id\": \"queue-fail\", \"prompt_pack_id\": null, \"run_mode\": \"queue\", \"status\": \"failed\", \"subsystem\": \"job_service\"}",
    "created": 1765551741.1589298,
    "payload": {
      "message": "Job status change",
      "job_id": "queue-fail",
      "subsystem": "job_service",
      "status": "failed",
      "run_mode": "queue",
      "prompt_pack_id": null
    }
  },
  {
    "level": "INFO",
    "name": "src.controller.job_service",
    "message": "Job status change | {\"job_id\": \"job-watchdog\", \"prompt_pack_id\": null, \"run_mode\": \"queue\", \"status\": \"running\", \"subsystem\": \"job_service\"}",
    "created": 1765551741.1873412,
    "payload": {
      "message": "Job status change",
      "job_id": "job-watchdog",
      "subsystem": "job_service",
      "status": "running",
      "run_mode": "queue",
      "prompt_pack_id": null
    }
  },
  {
    "level": "WARNING",
    "name": "src.controller.job_service",
    "message": "[WATCHDOG] job=job-watchdog reason=MEMORY info={'watchdog_reason': 'MEMORY', 'pid': 1} | {\"error_envelope\": {\"context\": {\"pid\": 1, \"watchdog_reason\": \"MEMORY\"}, \"error_type\": \"WatchdogViolationError\", \"job_id\": \"job-watchdog\", \"message\": \"Watchdog memory violation\", \"remediation\": \"Reduce job size or raise resource caps in configuration.\", \"retry_info\": null, \"severity\": \"ERROR\", \"stack\": \"src.utils.exceptions_v2.WatchdogViolationError: Watchdog memory violation\\n\", \"stage\": null, \"subsystem\": \"watchdog\", \"timestamp\": 1765551741.2157764}, \"subsystem\": \"watchdog\"}",
    "created": 1765551741.2157764,
    "payload": {
      "message": "[WATCHDOG] job=job-watchdog reason=MEMORY info={'watchdog_reason': 'MEMORY', 'pid': 1}",
      "subsystem": "watchdog",
      "error_envelope": {
        "error_type": "WatchdogViolationError",
        "subsystem": "watchdog",
        "severity": "ERROR",
        "message": "Watchdog memory violation",
        "stack": "src.utils.exceptions_v2.WatchdogViolationError: Watchdog memory violation\n",
        "job_id": "job-watchdog",
        "stage": null,
        "timestamp": 1765551741.2157764,
        "remediation": "Reduce job size or raise resource caps in configuration.",
        "context": {
          "watchdog_reason": "MEMORY",
          "pid": 1
        },
        "retry_info": null
      }
    }
  },
  {
    "level": "INFO",
    "name": "src.services.queue_store_v2",
    "message": "Loaded queue state: 0 jobs, auto_run=True, paused=False",
    "created": 1765551741.274241
  },
  {
    "level": "INFO",
    "name": "src.controller.job_execution_controller",
    "message": "Restored queue state: auto_run=True, paused=False, 0 restored job(s)",
    "created": 1765551741.3025513
  },
  {
    "level": "INFO",
    "name": "src.services.queue_store_v2",
    "message": "QUEUE_STATE_SAVED | Persisted queue state",
    "created": 1765551741.3308961
  },
  {
    "level": "INFO",
    "name": "src.services.queue_store_v2",
    "message": "Loaded queue state: 0 jobs, auto_run=True, paused=False",
    "created": 1765551741.3643594
  },
  {
    "level": "INFO",
    "name": "src.controller.job_execution_controller",
    "message": "Restored queue state: auto_run=True, paused=False, 0 restored job(s)",
    "created": 1765551741.3907459
  },
  {
    "level": "INFO",
    "name": "src.services.queue_store_v2",
    "message": "QUEUE_STATE_SAVED | Persisted queue state",
    "created": 1765551741.421722
  },
  {
    "level": "INFO",
    "name": "src.services.queue_store_v2",
    "message": "Loaded queue state: 0 jobs, auto_run=True, paused=False",
    "created": 1765551741.4537218
  },
  {
    "level": "INFO",
    "name": "src.controller.app_controller",
    "message": "Restored queue state: auto_run=True, paused=False, 0 jobs (jobs not restored in V1 queue)",
    "created": 1765551741.48295
  },
  {
    "level": "INFO",
    "name": "src.utils.file_io",
    "message": "Read 1 prompts from test_pack.txt",
    "created": 1765551741.51395
  },
  {
    "level": "INFO",
    "name": "src.services.queue_store_v2",
    "message": "Loaded queue state: 0 jobs, auto_run=True, paused=False",
    "created": 1765551741.5471518
  },
  {
    "level": "INFO",
    "name": "src.controller.job_execution_controller",
    "message": "Restored queue state: auto_run=True, paused=False, 0 restored job(s)",
    "created": 1765551741.5728786
  },
  {
    "level": "INFO",
    "name": "src.services.queue_store_v2",
    "message": "QUEUE_STATE_SAVED | Persisted queue state",
    "created": 1765551741.6059456
  },
  {
    "level": "INFO",
    "name": "src.services.queue_store_v2",
    "message": "Loaded queue state: 0 jobs, auto_run=True, paused=False",
    "created": 1765551741.665381
  },
  {
    "level": "INFO",
    "name": "src.controller.job_execution_controller",
    "message": "Restored queue state: auto_run=True, paused=False, 0 restored job(s)",
    "created": 1765551741.69596
  },
  {
    "level": "INFO",
    "name": "src.services.queue_store_v2",
    "message": "QUEUE_STATE_SAVED | Persisted queue state",
    "created": 1765551741.725289
  },
  {
    "level": "INFO",
    "name": "src.gui.state",
    "message": "State transition: IDLE -> RUNNING",
    "created": 1765551741.7545507
  },
  {
    "level": "INFO",
    "name": "src.controller.pipeline_controller",
    "message": "Submitted 1 jobs via V2 pipeline",
    "created": 1765551741.7866309
  },
  {
    "level": "INFO",
    "name": "src.services.queue_store_v2",
    "message": "Loaded queue state: 0 jobs, auto_run=True, paused=False",
    "created": 1765551741.8173783
  },
  {
    "level": "INFO",
    "name": "src.controller.job_execution_controller",
    "message": "Restored queue state: auto_run=True, paused=False, 0 restored job(s)",
    "created": 1765551741.847646
  },
  {
    "level": "INFO",
    "name": "src.services.queue_store_v2",
    "message": "QUEUE_STATE_SAVED | Persisted queue state",
    "created": 1765551741.8777974
  },
  {
    "level": "INFO",
    "name": "src.gui.state",
    "message": "State transition: IDLE -> RUNNING",
    "created": 1765551741.9297974
  },
  {
    "level": "INFO",
    "name": "src.controller.pipeline_controller",
    "message": "Submitted 1 jobs via V2 pipeline",
    "created": 1765551741.957796
  },
  {
    "level": "INFO",
    "name": "src.services.queue_store_v2",
    "message": "Loaded queue state: 0 jobs, auto_run=True, paused=False",
    "created": 1765551741.988796
  },
  {
    "level": "INFO",
    "name": "src.controller.job_execution_controller",
    "message": "Restored queue state: auto_run=True, paused=False, 0 restored job(s)",
    "created": 1765551742.0172887
  },
  {
    "level": "INFO",
    "name": "src.services.queue_store_v2",
    "message": "QUEUE_STATE_SAVED | Persisted queue state",
    "created": 1765551742.046289
  },
  {
    "level": "INFO",
    "name": "src.gui.state",
    "message": "State transition: IDLE -> RUNNING",
    "created": 1765551742.0757892
  },
  {
    "level": "INFO",
    "name": "src.controller.pipeline_controller",
    "message": "Submitted 3 jobs via V2 pipeline",
    "created": 1765551742.1022065
  },
  {
    "level": "INFO",
    "name": "src.services.queue_store_v2",
    "message": "Loaded queue state: 0 jobs, auto_run=True, paused=False",
    "created": 1765551742.1368282
  },
  {
    "level": "INFO",
    "name": "src.controller.job_execution_controller",
    "message": "Restored queue state: auto_run=True, paused=False, 0 restored job(s)",
    "created": 1765551742.1620507
  },
  {
    "level": "INFO",
    "name": "src.services.queue_store_v2",
    "message": "QUEUE_STATE_SAVED | Persisted queue state",
    "created": 1765551742.1954052
  },
  {
    "level": "INFO",
    "name": "src.gui.state",
    "message": "State transition: IDLE -> RUNNING",
    "created": 1765551742.2255657
  },
  {
    "level": "INFO",
    "name": "src.controller.pipeline_controller",
    "message": "Submitted 2 jobs via V2 pipeline",
    "created": 1765551742.2548296
  },
  {
    "level": "INFO",
    "name": "src.services.queue_store_v2",
    "message": "Loaded queue state: 0 jobs, auto_run=True, paused=False",
    "created": 1765551742.2872925
  },
  {
    "level": "INFO",
    "name": "src.controller.job_execution_controller",
    "message": "Restored queue state: auto_run=True, paused=False, 0 restored job(s)",
    "created": 1765551742.3175747
  },
  {
    "level": "INFO",
    "name": "src.services.queue_store_v2",
    "message": "QUEUE_STATE_SAVED | Persisted queue state",
    "created": 1765551742.3470109
  },
  {
    "level": "INFO",
    "name": "src.gui.state",
    "message": "State transition: IDLE -> RUNNING",
    "created": 1765551742.3750048
  },
  {
    "level": "INFO",
    "name": "src.controller.pipeline_controller",
    "message": "Submitted 1 jobs via V2 pipeline",
    "created": 1765551742.407686
  },
  {
    "level": "INFO",
    "name": "src.services.queue_store_v2",
    "message": "Loaded queue state: 0 jobs, auto_run=True, paused=False",
    "created": 1765551742.434848
  },
  {
    "level": "INFO",
    "name": "src.controller.job_execution_controller",
    "message": "Restored queue state: auto_run=True, paused=False, 0 restored job(s)",
    "created": 1765551742.4669943
  },
  {
    "level": "INFO",
    "name": "src.services.queue_store_v2",
    "message": "QUEUE_STATE_SAVED | Persisted queue state",
    "created": 1765551742.4977057
  },
  {
    "level": "WARNING",
    "name": "src.controller.pipeline_controller",
    "message": "JobBuilderV2 returned no jobs for current state",
    "created": 1765551742.5296488
  },
  {
    "level": "WARNING",
    "name": "src.controller.pipeline_controller",
    "message": "No jobs to submit",
    "created": 1765551742.557663
  },
  {
    "level": "INFO",
    "name": "src.services.queue_store_v2",
    "message": "Loaded queue state: 0 jobs, auto_run=True, paused=False",
    "created": 1765551742.5887775
  },
  {
    "level": "INFO",
    "name": "src.controller.job_execution_controller",
    "message": "Restored queue state: auto_run=True, paused=False, 0 restored job(s)",
    "created": 1765551742.6179967
  },
  {
    "level": "INFO",
    "name": "src.services.queue_store_v2",
    "message": "QUEUE_STATE_SAVED | Persisted queue state",
    "created": 1765551742.6462684
  },
  {
    "level": "WARNING",
    "name": "src.controller.pipeline_controller",
    "message": "JobBuilderV2 returned no jobs for current state",
    "created": 1765551742.6778045
  },
  {
    "level": "WARNING",
    "name": "src.controller.pipeline_controller",
    "message": "No jobs to submit",
    "created": 1765551742.7031622
  },
  {
    "level": "INFO",
    "name": "src.services.queue_store_v2",
    "message": "Loaded queue state: 0 jobs, auto_run=True, paused=False",
    "created": 1765551742.7366688
  },
  {
    "level": "INFO",
    "name": "src.controller.job_execution_controller",
    "message": "Restored queue state: auto_run=True, paused=False, 0 restored job(s)",
    "created": 1765551742.7673619
  },
  {
    "level": "INFO",
    "name": "src.services.queue_store_v2",
    "message": "QUEUE_STATE_SAVED | Persisted queue state",
    "created": 1765551742.7978604
  },
  {
    "level": "INFO",
    "name": "src.gui.state",
    "message": "State transition: IDLE -> RUNNING",
    "created": 1765551742.8291082
  },
  {
    "level": "INFO",
    "name": "src.controller.pipeline_controller",
    "message": "Submitted 1 jobs via V2 pipeline",
    "created": 1765551742.85855
  },
  {
    "level": "INFO",
    "name": "src.services.queue_store_v2",
    "message": "Loaded queue state: 0 jobs, auto_run=True, paused=False",
    "created": 1765551742.888646
  },
  {
    "level": "INFO",
    "name": "src.controller.job_execution_controller",
    "message": "Restored queue state: auto_run=True, paused=False, 0 restored job(s)",
    "created": 1765551742.9178243
  },
  {
    "level": "INFO",
    "name": "src.services.queue_store_v2",
    "message": "QUEUE_STATE_SAVED | Persisted queue state",
    "created": 1765551742.9467807
  },
  {
    "level": "INFO",
    "name": "src.gui.state",
    "message": "State transition: IDLE -> RUNNING",
    "created": 1765551742.97672
  },
  {
    "level": "INFO",
    "name": "src.controller.pipeline_controller",
    "message": "Submitted 1 jobs via V2 pipeline",
    "created": 1765551743.006726
  },
  {
    "level": "INFO",
    "name": "src.services.queue_store_v2",
    "message": "Loaded queue state: 0 jobs, auto_run=True, paused=False",
    "created": 1765551743.036571
  },
  {
    "level": "INFO",
    "name": "src.controller.job_execution_controller",
    "message": "Restored queue state: auto_run=True, paused=False, 0 restored job(s)",
    "created": 1765551743.066897
  },
  {
    "level": "INFO",
    "name": "src.services.queue_store_v2",
    "message": "QUEUE_STATE_SAVED | Persisted queue state",
    "created": 1765551743.096265
  },
  {
    "level": "INFO",
    "name": "src.services.queue_store_v2",
    "message": "Loaded queue state: 0 jobs, auto_run=True, paused=False",
    "created": 1765551743.1302314
  },
  {
    "level": "INFO",
    "name": "src.controller.job_execution_controller",
    "message": "Restored queue state: auto_run=True, paused=False, 0 restored job(s)",
    "created": 1765551743.1574452
  },
  {
    "level": "INFO",
    "name": "src.services.queue_store_v2",
    "message": "QUEUE_STATE_SAVED | Persisted queue state",
    "created": 1765551743.1901107
  },
  {
    "level": "INFO",
    "name": "src.gui.state",
    "message": "State transition: IDLE -> RUNNING",
    "created": 1765551743.21944
  },
  {
    "level": "INFO",
    "name": "src.services.queue_store_v2",
    "message": "Loaded queue state: 0 jobs, auto_run=True, paused=False",
    "created": 1765551743.2507484
  },
  {
    "level": "INFO",
    "name": "src.controller.job_execution_controller",
    "message": "Restored queue state: auto_run=True, paused=False, 0 restored job(s)",
    "created": 1765551743.282454
  },
  {
    "level": "INFO",
    "name": "src.services.queue_store_v2",
    "message": "QUEUE_STATE_SAVED | Persisted queue state",
    "created": 1765551743.3114264
  },
  {
    "level": "INFO",
    "name": "src.gui.state",
    "message": "State transition: IDLE -> RUNNING",
    "created": 1765551743.3399367
  },
  {
    "level": "WARNING",
    "name": "src.gui.state",
    "message": "Invalid state transition: RUNNING -> RUNNING",
    "created": 1765551743.3711202
  },
  {
    "level": "WARNING",
    "name": "src.gui.state",
    "message": "Invalid state transition: RUNNING -> RUNNING",
    "created": 1765551743.4014523
  },
  {
    "level": "INFO",
    "name": "src.gui.state",
    "message": "State transition: RUNNING -> IDLE",
    "created": 1765551743.431929
  },
  {
    "level": "INFO",
    "name": "src.services.queue_store_v2",
    "message": "Loaded queue state: 0 jobs, auto_run=True, paused=False",
    "created": 1765551743.464094
  },
  {
    "level": "INFO",
    "name": "src.controller.job_execution_controller",
    "message": "Restored queue state: auto_run=True, paused=False, 0 restored job(s)",
    "created": 1765551743.4931004
  },
  {
    "level": "INFO",
    "name": "src.services.queue_store_v2",
    "message": "QUEUE_STATE_SAVED | Persisted queue state",
    "created": 1765551743.52238
  },
  {
    "level": "WARNING",
    "name": "src.gui.state",
    "message": "Invalid state transition: IDLE -> STOPPING",
    "created": 1765551743.5525882
  },
  {
    "level": "INFO",
    "name": "src.services.queue_store_v2",
    "message": "Loaded queue state: 0 jobs, auto_run=True, paused=False",
    "created": 1765551743.58081
  },
  {
    "level": "INFO",
    "name": "src.controller.job_execution_controller",
    "message": "Restored queue state: auto_run=True, paused=False, 0 restored job(s)",
    "created": 1765551743.6148388
  },
  {
    "level": "INFO",
    "name": "src.services.queue_store_v2",
    "message": "QUEUE_STATE_SAVED | Persisted queue state",
    "created": 1765551743.6449356
  },
  {
    "level": "INFO",
    "name": "src.gui.state",
    "message": "State transition: IDLE -> RUNNING",
    "created": 1765551743.672503
  },
  {
    "level": "INFO",
    "name": "src.controller.pipeline_controller",
    "message": "Submitted 1 jobs via V2 pipeline",
    "created": 1765551743.7038047
  },
  {
    "level": "INFO",
    "name": "src.services.queue_store_v2",
    "message": "Loaded queue state: 0 jobs, auto_run=True, paused=False",
    "created": 1765551743.7341588
  },
  {
    "level": "INFO",
    "name": "src.controller.job_execution_controller",
    "message": "Restored queue state: auto_run=True, paused=False, 0 restored job(s)",
    "created": 1765551743.7667544
  },
  {
    "level": "INFO",
    "name": "src.services.queue_store_v2",
    "message": "QUEUE_STATE_SAVED | Persisted queue state",
    "created": 1765551743.7957544
  },
  {
    "level": "INFO",
    "name": "src.gui.state",
    "message": "State transition: IDLE -> RUNNING",
    "created": 1765551743.826001
  },
  {
    "level": "INFO",
    "name": "src.controller.pipeline_controller",
    "message": "Submitted 1 jobs via V2 pipeline",
    "created": 1765551743.8551846
  },
  {
    "level": "INFO",
    "name": "src.services.queue_store_v2",
    "message": "Loaded queue state: 0 jobs, auto_run=True, paused=False",
    "created": 1765551743.8871846
  },
  {
    "level": "INFO",
    "name": "src.controller.job_execution_controller",
    "message": "Restored queue state: auto_run=True, paused=False, 0 restored job(s)",
    "created": 1765551743.9170058
  },
  {
    "level": "INFO",
    "name": "src.services.queue_store_v2",
    "message": "QUEUE_STATE_SAVED | Persisted queue state",
    "created": 1765551743.946005
  },
  {
    "level": "INFO",
    "name": "src.gui.state",
    "message": "State transition: IDLE -> RUNNING",
    "created": 1765551743.9779944
  },
  {
    "level": "INFO",
    "name": "src.controller.pipeline_controller",
    "message": "Submitted 1 jobs via V2 pipeline",
    "created": 1765551744.008768
  },
  {
    "level": "INFO",
    "name": "src.services.queue_store_v2",
    "message": "Loaded queue state: 0 jobs, auto_run=True, paused=False",
    "created": 1765551744.036863
  },
  {
    "level": "INFO",
    "name": "src.controller.job_execution_controller",
    "message": "Restored queue state: auto_run=True, paused=False, 0 restored job(s)",
    "created": 1765551744.0700452
  },
  {
    "level": "INFO",
    "name": "src.services.queue_store_v2",
    "message": "QUEUE_STATE_SAVED | Persisted queue state",
    "created": 1765551744.1003466
  },
  {
    "level": "INFO",
    "name": "src.gui.state",
    "message": "State transition: IDLE -> RUNNING",
    "created": 1765551744.1294067
  },
  {
    "level": "INFO",
    "name": "src.controller.pipeline_controller",
    "message": "Submitted 1 jobs via V2 pipeline",
    "created": 1765551744.1593437
  },
  {
    "level": "INFO",
    "name": "src.services.queue_store_v2",
    "message": "Loaded queue state: 0 jobs, auto_run=True, paused=False",
    "created": 1765551744.191498
  },
  {
    "level": "INFO",
    "name": "src.controller.job_execution_controller",
    "message": "Restored queue state: auto_run=True, paused=False, 0 restored job(s)",
    "created": 1765551744.2180245
  },
  {
    "level": "INFO",
    "name": "src.services.queue_store_v2",
    "message": "QUEUE_STATE_SAVED | Persisted queue state",
    "created": 1765551744.2498052
  },
  {
    "level": "INFO",
    "name": "src.gui.state",
    "message": "State transition: IDLE -> RUNNING",
    "created": 1765551744.279494
  },
  {
    "level": "INFO",
    "name": "src.controller.pipeline_controller",
    "message": "Submitted 3 jobs via V2 pipeline",
    "created": 1765551744.3084867
  },
  {
    "level": "INFO",
    "name": "src.services.queue_store_v2",
    "message": "Loaded queue state: 0 jobs, auto_run=True, paused=False",
    "created": 1765551744.339779
  },
  {
    "level": "INFO",
    "name": "src.controller.job_execution_controller",
    "message": "Restored queue state: auto_run=True, paused=False, 0 restored job(s)",
    "created": 1765551744.3701727
  },
  {
    "level": "INFO",
    "name": "src.services.queue_store_v2",
    "message": "QUEUE_STATE_SAVED | Persisted queue state",
    "created": 1765551744.3995342
  },
  {
    "level": "INFO",
    "name": "src.gui.state",
    "message": "State transition: IDLE -> RUNNING",
    "created": 1765551744.4305398
  },
  {
    "level": "INFO",
    "name": "src.controller.pipeline_controller",
    "message": "Submitted 2 jobs via V2 pipeline",
    "created": 1765551744.4616454
  },
  {
    "level": "INFO",
    "name": "src.services.queue_store_v2",
    "message": "Loaded queue state: 0 jobs, auto_run=True, paused=False",
    "created": 1765551744.493102
  },
  {
    "level": "INFO",
    "name": "src.controller.job_execution_controller",
    "message": "Restored queue state: auto_run=True, paused=False, 0 restored job(s)",
    "created": 1765551744.5218287
  },
  {
    "level": "INFO",
    "name": "src.services.queue_store_v2",
    "message": "QUEUE_STATE_SAVED | Persisted queue state",
    "created": 1765551744.5520566
  },
  {
    "level": "INFO",
    "name": "src.gui.state",
    "message": "State transition: IDLE -> RUNNING",
    "created": 1765551744.5824614
  },
  {
    "level": "INFO",
    "name": "src.controller.pipeline_controller",
    "message": "Submitted 1 jobs via V2 pipeline",
    "created": 1765551744.6128013
  },
  {
    "level": "INFO",
    "name": "src.services.queue_store_v2",
    "message": "Loaded queue state: 0 jobs, auto_run=True, paused=False",
    "created": 1765551744.648675
  },
  {
    "level": "INFO",
    "name": "src.controller.job_execution_controller",
    "message": "Restored queue state: auto_run=True, paused=False, 0 restored job(s)",
    "created": 1765551744.6796806
  },
  {
    "level": "INFO",
    "name": "src.services.queue_store_v2",
    "message": "QUEUE_STATE_SAVED | Persisted queue state",
    "created": 1765551744.7086995
  },
  {
    "level": "INFO",
    "name": "src.gui.state",
    "message": "State transition: IDLE -> RUNNING",
    "created": 1765551744.7399194
  },
  {
    "level": "INFO",
    "name": "src.controller.pipeline_controller",
    "message": "Submitted 2 jobs via V2 pipeline",
    "created": 1765551744.7699206
  },
  {
    "level": "INFO",
    "name": "src.services.queue_store_v2",
    "message": "Loaded queue state: 0 jobs, auto_run=True, paused=False",
    "created": 1765551744.8025112
  },
  {
    "level": "INFO",
    "name": "src.controller.job_execution_controller",
    "message": "Restored queue state: auto_run=True, paused=False, 0 restored job(s)",
    "created": 1765551744.8325098
  },
  {
    "level": "INFO",
    "name": "src.services.queue_store_v2",
    "message": "QUEUE_STATE_SAVED | Persisted queue state",
    "created": 1765551744.8615472
  },
  {
    "level": "INFO",
    "name": "src.services.queue_store_v2",
    "message": "Loaded queue state: 0 jobs, auto_run=True, paused=False",
    "created": 1765551744.8957458
  },
  {
    "level": "INFO",
    "name": "src.controller.job_execution_controller",
    "message": "Restored queue state: auto_run=True, paused=False, 0 restored job(s)",
    "created": 1765551744.9237597
  },
  {
    "level": "INFO",
    "name": "src.services.queue_store_v2",
    "message": "QUEUE_STATE_SAVED | Persisted queue state",
    "created": 1765551744.953387
  },
  {
    "level": "INFO",
    "name": "src.gui.state",
    "message": "State transition: IDLE -> ERROR",
    "created": 1765551744.9837887
  },
  {
    "level": "INFO",
    "name": "src.services.queue_store_v2",
    "message": "Loaded queue state: 0 jobs, auto_run=True, paused=False",
    "created": 1765551745.0128663
  },
  {
    "level": "INFO",
    "name": "src.controller.job_execution_controller",
    "message": "Restored queue state: auto_run=True, paused=False, 0 restored job(s)",
    "created": 1765551745.0467284
  },
  {
    "level": "INFO",
    "name": "src.services.queue_store_v2",
    "message": "QUEUE_STATE_SAVED | Persisted queue state",
    "created": 1765551745.0759044
  },
  {
    "level": "INFO",
    "name": "src.gui.state",
    "message": "State transition: IDLE -> RUNNING",
    "created": 1765551745.1069908
  },
  {
    "level": "WARNING",
    "name": "src.controller.pipeline_controller",
    "message": "PR-CORE1-B2: Job submitted without normalized_record in NJR-only mode. Job ID: job-1, Source: gui",
    "created": 1765551745.1408186
  },
  {
    "level": "INFO",
    "name": "src.services.queue_store_v2",
    "message": "Loaded queue state: 0 jobs, auto_run=True, paused=False",
    "created": 1765551745.1707485
  },
  {
    "level": "INFO",
    "name": "src.controller.job_execution_controller",
    "message": "Restored queue state: auto_run=True, paused=False, 0 restored job(s)",
    "created": 1765551745.2001197
  },
  {
    "level": "INFO",
    "name": "src.services.queue_store_v2",
    "message": "QUEUE_STATE_SAVED | Persisted queue state",
    "created": 1765551745.2304277
  },
  {
    "level": "INFO",
    "name": "src.services.queue_store_v2",
    "message": "Loaded queue state: 0 jobs, auto_run=True, paused=False",
    "created": 1765551745.261548
  },
  {
    "level": "INFO",
    "name": "src.controller.app_controller",
    "message": "Restored queue state: auto_run=True, paused=False, 0 jobs (jobs not restored in V1 queue)",
    "created": 1765551745.2915473
  },
  {
    "level": "INFO",
    "name": "src.services.queue_store_v2",
    "message": "Loaded queue state: 0 jobs, auto_run=True, paused=False",
    "created": 1765551745.3225646
  },
  {
    "level": "INFO",
    "name": "src.controller.job_execution_controller",
    "message": "Restored queue state: auto_run=True, paused=False, 0 restored job(s)",
    "created": 1765551745.3533015
  },
  {
    "level": "INFO",
    "name": "src.services.queue_store_v2",
    "message": "QUEUE_STATE_SAVED | Persisted queue state",
    "created": 1765551745.384641
  },
  {
    "level": "INFO",
    "name": "src.services.queue_store_v2",
    "message": "Loaded queue state: 0 jobs, auto_run=True, paused=False",
    "created": 1765551745.4173937
  },
  {
    "level": "INFO",
    "name": "src.controller.app_controller",
    "message": "Restored queue state: auto_run=True, paused=False, 0 jobs (jobs not restored in V1 queue)",
    "created": 1765551745.4488683
  },
  {
    "level": "INFO",
    "name": "src.services.queue_store_v2",
    "message": "Loaded queue state: 0 jobs, auto_run=True, paused=False",
    "created": 1765551745.4821472
  },
  {
    "level": "INFO",
    "name": "src.controller.job_execution_controller",
    "message": "Restored queue state: auto_run=True, paused=False, 0 restored job(s)",
    "created": 1765551745.5145724
  },
  {
    "level": "INFO",
    "name": "src.services.queue_store_v2",
    "message": "QUEUE_STATE_SAVED | Persisted queue state",
    "created": 1765551745.5469797
  },
  {
    "level": "INFO",
    "name": "src.services.queue_store_v2",
    "message": "Loaded queue state: 0 jobs, auto_run=True, paused=False",
    "created": 1765551745.5801988
  },
  {
    "level": "INFO",
    "name": "src.controller.app_controller",
    "message": "Restored queue state: auto_run=True, paused=False, 0 jobs (jobs not restored in V1 queue)",
    "created": 1765551745.6123254
  },
  {
    "level": "INFO",
    "name": "src.controller.pipeline_controller",
    "message": "Replayed job replay-job with 1 queued job(s)",
    "created": 1765551745.653234
  },
  {
    "level": "INFO",
    "name": "src.services.queue_store_v2",
    "message": "Loaded queue state: 0 jobs, auto_run=True, paused=False",
    "created": 1765551745.6871524
  },
  {
    "level": "INFO",
    "name": "src.controller.job_execution_controller",
    "message": "Restored queue state: auto_run=True, paused=False, 0 restored job(s)",
    "created": 1765551745.7205546
  },
  {
    "level": "INFO",
    "name": "src.services.queue_store_v2",
    "message": "QUEUE_STATE_SAVED | Persisted queue state",
    "created": 1765551745.7541318
  },
  {
    "level": "INFO",
    "name": "src.services.queue_store_v2",
    "message": "Loaded queue state: 0 jobs, auto_run=True, paused=False",
    "created": 1765551745.788486
  },
  {
    "level": "INFO",
    "name": "src.controller.app_controller",
    "message": "Restored queue state: auto_run=True, paused=False, 0 jobs (jobs not restored in V1 queue)",
    "created": 1765551745.822486
  },
  {
    "level": "INFO",
    "name": "src.services.queue_store_v2",
    "message": "Loaded queue state: 0 jobs, auto_run=True, paused=False",
    "created": 1765551745.8584607
  },
  {
    "level": "INFO",
    "name": "src.controller.job_execution_controller",
    "message": "Restored queue state: auto_run=True, paused=False, 0 restored job(s)",
    "created": 1765551745.8932726
  },
  {
    "level": "INFO",
    "name": "src.services.queue_store_v2",
    "message": "QUEUE_STATE_SAVED | Persisted queue state",
    "created": 1765551745.9272072
  },
  {
    "level": "INFO",
    "name": "src.services.queue_store_v2",
    "message": "Loaded queue state: 0 jobs, auto_run=True, paused=False",
    "created": 1765551745.9642074
  },
  {
    "level": "INFO",
    "name": "src.controller.app_controller",
    "message": "Restored queue state: auto_run=True, paused=False, 0 jobs (jobs not restored in V1 queue)",
    "created": 1765551745.9987297
  },
  {
    "level": "INFO",
    "name": "src.services.queue_store_v2",
    "message": "Loaded queue state: 0 jobs, auto_run=True, paused=False",
    "created": 1765551746.035784
  },
  {
    "level": "INFO",
    "name": "src.controller.job_execution_controller",
    "message": "Restored queue state: auto_run=True, paused=False, 0 restored job(s)",
    "created": 1765551746.0727906
  },
  {
    "level": "INFO",
    "name": "src.services.queue_store_v2",
    "message": "QUEUE_STATE_SAVED | Persisted queue state",
    "created": 1765551746.1072721
  },
  {
    "level": "INFO",
    "name": "src.services.queue_store_v2",
    "message": "Loaded queue state: 0 jobs, auto_run=True, paused=False",
    "created": 1765551746.1463883
  },
  {
    "level": "INFO",
    "name": "src.controller.job_execution_controller",
    "message": "Restored queue state: auto_run=True, paused=False, 0 restored job(s)",
    "created": 1765551746.1820529
  },
  {
    "level": "INFO",
    "name": "src.services.queue_store_v2",
    "message": "QUEUE_STATE_SAVED | Persisted queue state",
    "created": 1765551746.21706
  },
  {
    "level": "INFO",
    "name": "src.services.queue_store_v2",
    "message": "Loaded queue state: 0 jobs, auto_run=True, paused=False",
    "created": 1765551746.2654984
  },
  {
    "level": "INFO",
    "name": "src.controller.job_execution_controller",
    "message": "Restored queue state: auto_run=True, paused=False, 0 restored job(s)",
    "created": 1765551746.2991266
  },
  {
    "level": "INFO",
    "name": "src.services.queue_store_v2",
    "message": "QUEUE_STATE_SAVED | Persisted queue state",
    "created": 1765551746.330399
  },
  {
    "level": "INFO",
    "name": "root",
    "message": "Using model profile preset best (source=internet_prior) for TestModel + ['TestLora'].",
    "created": 1765551746.361787
  },
  {
    "level": "INFO",
    "name": "src.services.queue_store_v2",
    "message": "Loaded queue state: 0 jobs, auto_run=True, paused=False",
    "created": 1765551746.3977802
  },
  {
    "level": "INFO",
    "name": "src.controller.job_execution_controller",
    "message": "Restored queue state: auto_run=True, paused=False, 0 restored job(s)",
    "created": 1765551746.4297795
  },
  {
    "level": "INFO",
    "name": "src.services.queue_store_v2",
    "message": "QUEUE_STATE_SAVED | Persisted queue state",
    "created": 1765551746.4697795
  },
  {
    "level": "INFO",
    "name": "root",
    "message": "Using model profile preset best (source=internet_prior) for TestModel + ['TestLora'].",
    "created": 1765551746.5117874
  },
  {
    "level": "INFO",
    "name": "src.services.queue_store_v2",
    "message": "Loaded queue state: 0 jobs, auto_run=True, paused=False",
    "created": 1765551746.5455341
  },
  {
    "level": "INFO",
    "name": "src.controller.job_execution_controller",
    "message": "Restored queue state: auto_run=True, paused=False, 0 restored job(s)",
    "created": 1765551746.5790715
  },
  {
    "level": "INFO",
    "name": "src.services.queue_store_v2",
    "message": "QUEUE_STATE_SAVED | Persisted queue state",
    "created": 1765551746.612278
  },
  {
    "level": "INFO",
    "name": "src.services.queue_store_v2",
    "message": "Loaded queue state: 0 jobs, auto_run=True, paused=False",
    "created": 1765551746.6463094
  },
  {
    "level": "INFO",
    "name": "src.controller.job_execution_controller",
    "message": "Restored queue state: auto_run=True, paused=False, 0 restored job(s)",
    "created": 1765551746.6804388
  },
  {
    "level": "INFO",
    "name": "src.services.queue_store_v2",
    "message": "QUEUE_STATE_SAVED | Persisted queue state",
    "created": 1765551746.713494
  },
  {
    "level": "INFO",
    "name": "src.services.queue_store_v2",
    "message": "Loaded queue state: 0 jobs, auto_run=True, paused=False",
    "created": 1765551746.7499251
  },
  {
    "level": "INFO",
    "name": "src.controller.job_execution_controller",
    "message": "Restored queue state: auto_run=True, paused=False, 0 restored job(s)",
    "created": 1765551746.783971
  },
  {
    "level": "INFO",
    "name": "src.services.queue_store_v2",
    "message": "QUEUE_STATE_SAVED | Persisted queue state",
    "created": 1765551746.8191936
  },
  {
    "level": "INFO",
    "name": "src.services.queue_store_v2",
    "message": "Loaded queue state: 0 jobs, auto_run=True, paused=False",
    "created": 1765551746.8552017
  },
  {
    "level": "INFO",
    "name": "src.controller.job_execution_controller",
    "message": "Restored queue state: auto_run=True, paused=False, 0 restored job(s)",
    "created": 1765551746.8884315
  },
  {
    "level": "INFO",
    "name": "src.services.queue_store_v2",
    "message": "QUEUE_STATE_SAVED | Persisted queue state",
    "created": 1765551746.9228358
  },
  {
    "level": "INFO",
    "name": "src.controller.job_service",
    "message": "Queuing job job-1 for background execution | {\"job_id\": \"job-1\", \"subsystem\": \"job_service\"}",
    "created": 1765551746.9753642,
    "payload": {
      "message": "Queuing job job-1 for background execution",
      "job_id": "job-1",
      "subsystem": "job_service"
    }
  },
  {
    "level": "INFO",
    "name": "src.controller.job_service",
    "message": "Queue worker starting | {\"job_id\": \"job-1\", \"runner\": \"StubRunner\", \"subsystem\": \"job_service\"}",
    "created": 1765551747.007511,
    "payload": {
      "message": "Queue worker starting",
      "job_id": "job-1",
      "subsystem": "job_service",
      "runner": "StubRunner"
    }
  },
  {
    "level": "INFO",
    "name": "src.controller.job_service",
    "message": "Queuing job job-2 for background execution | {\"job_id\": \"job-2\", \"subsystem\": \"job_service\"}",
    "created": 1765551747.0380585,
    "payload": {
      "message": "Queuing job job-2 for background execution",
      "job_id": "job-2",
      "subsystem": "job_service"
    }
  },
  {
    "level": "INFO",
    "name": "src.controller.job_service",
    "message": "Queuing job job-fail for background execution | {\"job_id\": \"job-fail\", \"subsystem\": \"job_service\"}",
    "created": 1765551747.0695002,
    "payload": {
      "message": "Queuing job job-fail for background execution",
      "job_id": "job-fail",
      "subsystem": "job_service"
    }
  },
  {
    "level": "INFO",
    "name": "src.controller.job_service",
    "message": "Queue worker starting | {\"job_id\": \"job-fail\", \"runner\": \"FailingRunner\", \"subsystem\": \"job_service\"}",
    "created": 1765551747.100784,
    "payload": {
      "message": "Queue worker starting",
      "job_id": "job-fail",
      "subsystem": "job_service",
      "runner": "FailingRunner"
    }
  },
  {
    "level": "ERROR",
    "name": "src.controller.job_service",
    "message": "Queue worker failed to start | {\"error\": \"worker start failed\", \"runner\": \"FailingRunner\", \"subsystem\": \"job_service\"}",
    "created": 1765551747.1312053,
    "payload": {
      "message": "Queue worker failed to start",
      "subsystem": "job_service",
      "runner": "FailingRunner",
      "error": "worker start failed"
    }
  },
  {
    "level": "INFO",
    "name": "src.services.queue_store_v2",
    "message": "Loaded queue state: 0 jobs, auto_run=True, paused=False",
    "created": 1765551747.1692138
  },
  {
    "level": "INFO",
    "name": "src.controller.job_execution_controller",
    "message": "Restored queue state: auto_run=True, paused=False, 0 restored job(s)",
    "created": 1765551747.2029333
  },
  {
    "level": "INFO",
    "name": "src.services.queue_store_v2",
    "message": "QUEUE_STATE_SAVED | Persisted queue state",
    "created": 1765551747.2365203
  },
  {
    "level": "INFO",
    "name": "src.services.queue_store_v2",
    "message": "Loaded queue state: 0 jobs, auto_run=True, paused=False",
    "created": 1765551747.2707062
  },
  {
    "level": "INFO",
    "name": "src.controller.app_controller",
    "message": "Restored queue state: auto_run=True, paused=False, 0 jobs (jobs not restored in V1 queue)",
    "created": 1765551747.304538
  },
  {
    "level": "INFO",
    "name": "src.controller.app_controller",
    "message": "Resource update: 0 models, 0 vaes, 0 samplers, 0 schedulers, 0 upscalers",
    "created": 1765551747.3375382
  },
  {
    "level": "INFO",
    "name": "shutdown_inspector_threads",
    "message": "=== Shutdown inspector (thread-check) ===",
    "created": 1765551747.3726492
  },
  {
    "level": "INFO",
    "name": "shutdown_inspector_threads",
    "message": "Thread: name=MainThread daemon=False alive=True ident=7820",
    "created": 1765551747.404146
  },
  {
    "level": "INFO",
    "name": "shutdown_inspector_threads",
    "message": "Thread: name=Thread-9 (_worker_loop) daemon=True alive=True ident=18120",
    "created": 1765551747.4344962
  },
  {
    "level": "INFO",
    "name": "shutdown_inspector_threads",
    "message": "Thread: name=Thread-10 (_worker_loop) daemon=True alive=True ident=22304",
    "created": 1765551747.467183
  },
  {
    "level": "INFO",
    "name": "shutdown_inspector_threads",
    "message": "Thread: name=Thread-11 (_worker_loop) daemon=True alive=True ident=27908",
    "created": 1765551747.4988112
  },
  {
    "level": "INFO",
    "name": "shutdown_inspector_threads",
    "message": "Shutdown inspector: no child processes attached.",
    "created": 1765551747.5354555
  },
  {
    "level": "INFO",
    "name": "shutdown_inspector_children",
    "message": "=== Shutdown inspector (child-check) ===",
    "created": 1765551747.570645
  },
  {
    "level": "INFO",
    "name": "shutdown_inspector_children",
    "message": "Thread: name=MainThread daemon=False alive=True ident=7820",
    "created": 1765551747.6022706
  },
  {
    "level": "INFO",
    "name": "shutdown_inspector_children",
    "message": "Thread: name=Thread-9 (_worker_loop) daemon=True alive=True ident=18120",
    "created": 1765551747.632592
  },
  {
    "level": "INFO",
    "name": "shutdown_inspector_children",
    "message": "Thread: name=Thread-10 (_worker_loop) daemon=True alive=True ident=22304",
    "created": 1765551747.6638458
  },
  {
    "level": "INFO",
    "name": "shutdown_inspector_children",
    "message": "Thread: name=Thread-11 (_worker_loop) daemon=True alive=True ident=27908",
    "created": 1765551747.6952739
  },
  {
    "level": "INFO",
    "name": "shutdown_inspector_children",
    "message": "Shutdown inspector: no child processes attached.",
    "created": 1765551747.7265563
  },
  {
    "level": "INFO",
    "name": "src.services.queue_store_v2",
    "message": "Loaded queue state: 0 jobs, auto_run=True, paused=False",
    "created": 1765551747.7609036
  },
  {
    "level": "INFO",
    "name": "src.controller.job_execution_controller",
    "message": "Restored queue state: auto_run=True, paused=False, 0 restored job(s)",
    "created": 1765551747.7949107
  },
  {
    "level": "INFO",
    "name": "src.services.queue_store_v2",
    "message": "QUEUE_STATE_SAVED | Persisted queue state",
    "created": 1765551747.82859
  },
  {
    "level": "INFO",
    "name": "src.controller.webui_connection_controller",
    "message": "WebUI models/options are ready at http://x",
    "created": 1765551747.8641877
  },
  {
    "level": "INFO",
    "name": "src.controller.webui_connection_controller",
    "message": "WebUI models/options are ready at http://x",
    "created": 1765551747.8955758
  },
  {
    "level": "INFO",
    "name": "src.controller.webui_connection_controller",
    "message": "Trying to auto-detect WebUI on other ports...",
    "created": 1765551752.2644653
  },
  {
    "level": "INFO",
    "name": "src.api.healthcheck",
    "message": "Checking for WebUI API on port 7860 | {\"endpoint\": \"/sdapi/v1/progress\", \"port\": 7860, \"subsystem\": \"api\"}",
    "created": 1765551752.2974203,
    "payload": {
      "message": "Checking for WebUI API on port 7860",
      "subsystem": "api",
      "port": 7860,
      "endpoint": "/sdapi/v1/progress"
    }
  },
  {
    "level": "INFO",
    "name": "src.api.healthcheck",
    "message": "Probing WebUI readiness at models/options endpoints | {\"models_endpoint\": \"/sdapi/v1/sd-models\", \"options_endpoint\": \"/sdapi/v1/options\", \"subsystem\": \"api\"}",
    "created": 1765551754.3597567,
    "payload": {
      "message": "Probing WebUI readiness at models/options endpoints",
      "subsystem": "api",
      "models_endpoint": "/sdapi/v1/sd-models",
      "options_endpoint": "/sdapi/v1/options"
    }
  },
  {
    "level": "WARNING",
    "name": "src.api.healthcheck",
    "message": "WebUI did not become ready within allotted time | {\"subsystem\": \"api\"}",
    "created": 1765551764.157564,
    "payload": {
      "message": "WebUI did not become ready within allotted time",
      "subsystem": "api"
    }
  },
  {
    "level": "INFO",
    "name": "src.api.healthcheck",
    "message": "Checking for WebUI API on port 7861 | {\"endpoint\": \"/sdapi/v1/progress\", \"port\": 7861, \"subsystem\": \"api\"}",
    "created": 1765551769.6389508,
    "payload": {
      "message": "Checking for WebUI API on port 7861",
      "subsystem": "api",
      "port": 7861,
      "endpoint": "/sdapi/v1/progress"
    }
  },
  {
    "level": "INFO",
    "name": "src.api.healthcheck",
    "message": "Probing WebUI readiness at models/options endpoints | {\"models_endpoint\": \"/sdapi/v1/sd-models\", \"options_endpoint\": \"/sdapi/v1/options\", \"subsystem\": \"api\"}",
    "created": 1765551775.048375,
    "payload": {
      "message": "Probing WebUI readiness at models/options endpoints",
      "subsystem": "api",
      "models_endpoint": "/sdapi/v1/sd-models",
      "options_endpoint": "/sdapi/v1/options"
    }
  },
  {
    "level": "WARNING",
    "name": "src.api.healthcheck",
    "message": "WebUI did not become ready within allotted time | {\"subsystem\": \"api\"}",
    "created": 1765551780.788427,
    "payload": {
      "message": "WebUI did not become ready within allotted time",
      "subsystem": "api"
    }
  },
  {
    "level": "INFO",
    "name": "src.api.healthcheck",
    "message": "Checking for WebUI API on port 7862 | {\"endpoint\": \"/sdapi/v1/progress\", \"port\": 7862, \"subsystem\": \"api\"}",
    "created": 1765551786.513749,
    "payload": {
      "message": "Checking for WebUI API on port 7862",
      "subsystem": "api",
      "port": 7862,
      "endpoint": "/sdapi/v1/progress"
    }
  },
  {
    "level": "INFO",
    "name": "src.api.healthcheck",
    "message": "Probing WebUI readiness at models/options endpoints | {\"models_endpoint\": \"/sdapi/v1/sd-models\", \"options_endpoint\": \"/sdapi/v1/options\", \"subsystem\": \"api\"}",
    "created": 1765551792.3597958,
    "payload": {
      "message": "Probing WebUI readiness at models/options endpoints",
      "subsystem": "api",
      "models_endpoint": "/sdapi/v1/sd-models",
      "options_endpoint": "/sdapi/v1/options"
    }
  },
  {
    "level": "WARNING",
    "name": "src.api.healthcheck",
    "message": "WebUI did not become ready within allotted time | {\"subsystem\": \"api\"}",
    "created": 1765551797.9366634,
    "payload": {
      "message": "WebUI did not become ready within allotted time",
      "subsystem": "api"
    }
  },
  {
    "level": "INFO",
    "name": "src.api.healthcheck",
    "message": "Checking for WebUI API on port 7863 | {\"endpoint\": \"/sdapi/v1/progress\", \"port\": 7863, \"subsystem\": \"api\"}",
    "created": 1765551803.640224,
    "payload": {
      "message": "Checking for WebUI API on port 7863",
      "subsystem": "api",
      "port": 7863,
      "endpoint": "/sdapi/v1/progress"
    }
  },
  {
    "level": "INFO",
    "name": "src.api.healthcheck",
    "message": "Probing WebUI readiness at models/options endpoints | {\"models_endpoint\": \"/sdapi/v1/sd-models\", \"options_endpoint\": \"/sdapi/v1/options\", \"subsystem\": \"api\"}",
    "created": 1765551809.4882865,
    "payload": {
      "message": "Probing WebUI readiness at models/options endpoints",
      "subsystem": "api",
      "models_endpoint": "/sdapi/v1/sd-models",
      "options_endpoint": "/sdapi/v1/options"
    }
  },
  {
    "level": "WARNING",
    "name": "src.api.healthcheck",
    "message": "WebUI did not become ready within allotted time | {\"subsystem\": \"api\"}",
    "created": 1765551814.3841805,
    "payload": {
      "message": "WebUI did not become ready within allotted time",
      "subsystem": "api"
    }
  },
  {
    "level": "INFO",
    "name": "src.api.healthcheck",
    "message": "Checking for WebUI API on port 7864 | {\"endpoint\": \"/sdapi/v1/progress\", \"port\": 7864, \"subsystem\": \"api\"}",
    "created": 1765551819.809265,
    "payload": {
      "message": "Checking for WebUI API on port 7864",
      "subsystem": "api",
      "port": 7864,
      "endpoint": "/sdapi/v1/progress"
    }
  },
  {
    "level": "INFO",
    "name": "src.api.healthcheck",
    "message": "Probing WebUI readiness at models/options endpoints | {\"models_endpoint\": \"/sdapi/v1/sd-models\", \"options_endpoint\": \"/sdapi/v1/options\", \"subsystem\": \"api\"}",
    "created": 1765551825.684116,
    "payload": {
      "message": "Probing WebUI readiness at models/options endpoints",
      "subsystem": "api",
      "models_endpoint": "/sdapi/v1/sd-models",
      "options_endpoint": "/sdapi/v1/options"
    }
  },
  {
    "level": "WARNING",
    "name": "src.api.healthcheck",
    "message": "WebUI did not become ready within allotted time | {\"subsystem\": \"api\"}",
    "created": 1765551832.0296695,
    "payload": {
      "message": "WebUI did not become ready within allotted time",
      "subsystem": "api"
    }
  },
  {
    "level": "INFO",
    "name": "src.api.healthcheck",
    "message": "Checking for WebUI API on port 8000 | {\"endpoint\": \"/sdapi/v1/progress\", \"port\": 8000, \"subsystem\": \"api\"}",
    "created": 1765551836.8892071,
    "payload": {
      "message": "Checking for WebUI API on port 8000",
      "subsystem": "api",
      "port": 8000,
      "endpoint": "/sdapi/v1/progress"
    }
  },
  {
    "level": "INFO",
    "name": "src.api.healthcheck",
    "message": "Probing WebUI readiness at models/options endpoints | {\"models_endpoint\": \"/sdapi/v1/sd-models\", \"options_endpoint\": \"/sdapi/v1/options\", \"subsystem\": \"api\"}",
    "created": 1765551842.3534954,
    "payload": {
      "message": "Probing WebUI readiness at models/options endpoints",
      "subsystem": "api",
      "models_endpoint": "/sdapi/v1/sd-models",
      "options_endpoint": "/sdapi/v1/options"
    }
  },
  {
    "level": "WARNING",
    "name": "src.api.healthcheck",
    "message": "WebUI did not become ready within allotted time | {\"subsystem\": \"api\"}",
    "created": 1765551848.1455076,
    "payload": {
      "message": "WebUI did not become ready within allotted time",
      "subsystem": "api"
    }
  },
  {
    "level": "INFO",
    "name": "src.api.healthcheck",
    "message": "Checking for WebUI API on port 8080 | {\"endpoint\": \"/sdapi/v1/progress\", \"port\": 8080, \"subsystem\": \"api\"}",
    "created": 1765551852.3713822,
    "payload": {
      "message": "Checking for WebUI API on port 8080",
      "subsystem": "api",
      "port": 8080,
      "endpoint": "/sdapi/v1/progress"
    }
  },
  {
    "level": "INFO",
    "name": "src.api.healthcheck",
    "message": "Probing WebUI readiness at models/options endpoints | {\"models_endpoint\": \"/sdapi/v1/sd-models\", \"options_endpoint\": \"/sdapi/v1/options\", \"subsystem\": \"api\"}",
    "created": 1765551857.9845417,
    "payload": {
      "message": "Probing WebUI readiness at models/options endpoints",
      "subsystem": "api",
      "models_endpoint": "/sdapi/v1/sd-models",
      "options_endpoint": "/sdapi/v1/options"
    }
  },
  {
    "level": "WARNING",
    "name": "src.api.healthcheck",
    "message": "WebUI did not become ready within allotted time | {\"subsystem\": \"api\"}",
    "created": 1765551863.1592329,
    "payload": {
      "message": "WebUI did not become ready within allotted time",
      "subsystem": "api"
    }
  },
  {
    "level": "INFO",
    "name": "src.api.healthcheck",
    "message": "Checking for WebUI API on port 5000 | {\"endpoint\": \"/sdapi/v1/progress\", \"port\": 5000, \"subsystem\": \"api\"}",
    "created": 1765551867.891599,
    "payload": {
      "message": "Checking for WebUI API on port 5000",
      "subsystem": "api",
      "port": 5000,
      "endpoint": "/sdapi/v1/progress"
    }
  },
  {
    "level": "INFO",
    "name": "src.api.healthcheck",
    "message": "Probing WebUI readiness at models/options endpoints | {\"models_endpoint\": \"/sdapi/v1/sd-models\", \"options_endpoint\": \"/sdapi/v1/options\", \"subsystem\": \"api\"}",
    "created": 1765551873.7331033,
    "payload": {
      "message": "Probing WebUI readiness at models/options endpoints",
      "subsystem": "api",
      "models_endpoint": "/sdapi/v1/sd-models",
      "options_endpoint": "/sdapi/v1/options"
    }
  },
  {
    "level": "WARNING",
    "name": "src.api.healthcheck",
    "message": "WebUI did not become ready within allotted time | {\"subsystem\": \"api\"}",
    "created": 1765551878.8739405,
    "payload": {
      "message": "WebUI did not become ready within allotted time",
      "subsystem": "api"
    }
  },
  {
    "level": "INFO",
    "name": "src.controller.webui_connection_controller",
    "message": "WebUI models/options are ready at http://test",
    "created": 1765551883.7421553
  },
  {
    "level": "INFO",
    "name": "src.utils.diagnostics_bundle_v2",
    "message": "Crash bundle saved to reports\\diagnostics\\stablenew_diagnostics_20251212_150443_uncaught_exception.zip",
    "created": 1765551884.3729484
  },
  {
    "level": "INFO",
    "name": "src.utils.diagnostics_bundle_v2",
    "message": "Crash bundle saved to reports\\diagnostics\\stablenew_diagnostics_20251212_150444_uncaught_exception.zip",
    "created": 1765551884.5531404
  },
  {
    "level": "INFO",
    "name": "src.utils.diagnostics_bundle_v2",
    "message": "Crash bundle saved to reports\\diagnostics\\stablenew_diagnostics_20251212_150444_uncaught_exception.zip",
    "created": 1765551884.7359326
  },
  {
    "level": "INFO",
    "name": "src.utils.diagnostics_bundle_v2",
    "message": "Crash bundle saved to reports\\diagnostics\\stablenew_diagnostics_20251212_150444_uncaught_exception.zip",
    "created": 1765551884.9352582
  },
  {
    "level": "INFO",
    "name": "src.utils.diagnostics_bundle_v2",
    "message": "Crash bundle saved to reports\\diagnostics\\stablenew_diagnostics_20251212_150444_uncaught_exception.zip",
    "created": 1765551885.1159127
  },
  {
    "level": "INFO",
    "name": "src.utils.diagnostics_bundle_v2",
    "message": "Crash bundle saved to reports\\diagnostics\\stablenew_diagnostics_20251212_150445_uncaught_exception.zip",
    "created": 1765551885.2972612
  },
  {
    "level": "INFO",
    "name": "src.utils.diagnostics_bundle_v2",
    "message": "Crash bundle saved to reports\\diagnostics\\stablenew_diagnostics_20251212_150445_uncaught_exception.zip",
    "created": 1765551885.4797997
  },
  {
    "level": "INFO",
    "name": "src.utils.diagnostics_bundle_v2",
    "message": "Crash bundle saved to reports\\diagnostics\\stablenew_diagnostics_20251212_150445_uncaught_exception.zip",
    "created": 1765551885.6644142
  },
  {
    "level": "INFO",
    "name": "src.utils.diagnostics_bundle_v2",
    "message": "Crash bundle saved to reports\\diagnostics\\stablenew_diagnostics_20251212_150445_uncaught_exception.zip",
    "created": 1765551885.8464885
  },
  {
    "level": "INFO",
    "name": "src.utils.diagnostics_bundle_v2",
    "message": "Crash bundle saved to reports\\diagnostics\\stablenew_diagnostics_20251212_150445_uncaught_exception.zip",
    "created": 1765551886.0278592
  },
  {
    "level": "INFO",
    "name": "src.utils.diagnostics_bundle_v2",
    "message": "Crash bundle saved to reports\\diagnostics\\stablenew_diagnostics_20251212_150446_uncaught_exception.zip",
    "created": 1765551886.2130058
  },
  {
    "level": "INFO",
    "name": "src.utils.diagnostics_bundle_v2",
    "message": "Crash bundle saved to reports\\diagnostics\\stablenew_diagnostics_20251212_150446_uncaught_exception.zip",
    "created": 1765551886.39821
  },
  {
    "level": "INFO",
    "name": "src.utils.diagnostics_bundle_v2",
    "message": "Crash bundle saved to reports\\diagnostics\\stablenew_diagnostics_20251212_150446_uncaught_exception.zip",
    "created": 1765551886.579731
  },
  {
    "level": "INFO",
    "name": "src.utils.diagnostics_bundle_v2",
    "message": "Crash bundle saved to reports\\diagnostics\\stablenew_diagnostics_20251212_150446_uncaught_exception.zip",
    "created": 1765551886.7574496
  },
  {
    "level": "INFO",
    "name": "src.utils.diagnostics_bundle_v2",
    "message": "Crash bundle saved to reports\\diagnostics\\stablenew_diagnostics_20251212_150446_uncaught_exception.zip",
    "created": 1765551886.9438066
  }
]