{
  "reason": "ui_heartbeat_stall",
  "timestamp": "20251215_042200",
  "system": {
    "timestamp": "2025-12-15T04:22:00.713744Z",
    "hostname": "Rob-Gaming-Desk",
    "platform": {
      "system": "Windows",
      "release": "10",
      "version": "10.0.26100",
      "machine": "AMD64",
      "processor": "Intel64 Family 6 Model 183 Stepping 1, GenuineIntel"
    },
    "python": {
      "implementation": "CPython",
      "version": "3.10.6",
      "executable": "<USER_HOME>\\AppData\\Local\\Programs\\Python\\Python310\\python.exe"
    },
    "user": "rob",
    "cwd": "<USER_HOME>\\projects\\StableNew",
    "repo_root": "<USER_HOME>\\projects\\StableNew",
    "memory": {
      "total_mb": 32527.05859375,
      "available_mb": 19761.13671875,
      "used_mb": 12765.921875,
      "percent": 39.2
    },
    "cpu": {
      "percent": 0.0,
      "count_logical": 32,
      "count_physical": 24
    },
    "disk": {
      "total_mb": 1952658.99609375,
      "used_mb": 387145.7421875,
      "free_mb": 1565513.25390625
    }
  }
}