{
  "reason": "uncaught_exception",
  "timestamp": "20251212_145257",
  "system": {
    "timestamp": "2025-12-12T14:52:57.890973Z",
    "hostname": "Rob-Gaming-Desk",
    "platform": {
      "system": "Windows",
      "release": "10",
      "version": "10.0.26100",
      "machine": "AMD64",
      "processor": "Intel64 Family 6 Model 183 Stepping 1, GenuineIntel"
    },
    "python": {
      "implementation": "CPython",
      "version": "3.10.6",
      "executable": "<USER_HOME>\\AppData\\Local\\Programs\\Python\\Python310\\python.exe"
    },
    "user": "rob",
    "cwd": "<USER_HOME>\\projects\\StableNew",
    "repo_root": "<USER_HOME>\\projects\\StableNew",
    "memory": {
      "total_mb": 32527.05859375,
      "available_mb": 18442.13671875,
      "used_mb": 14084.921875,
      "percent": 43.3
    },
    "cpu": {
      "percent": 12.5,
      "count_logical": 32,
      "count_physical": 24
    },
    "disk": {
      "total_mb": 1952658.99609375,
      "used_mb": 385911.01953125,
      "free_mb": 1566747.9765625
    }
  },
  "context": {
    "exception": "[Errno 22] Invalid argument",
    "traceback": "Traceback (most recent call last):\n  File \"<USER_HOME>\\AppData\\Local\\Programs\\Python\\Python310\\lib\\runpy.py\", line 196, in _run_module_as_main\n    return _run_code(code, main_globals, None,\n  File \"<USER_HOME>\\AppData\\Local\\Programs\\Python\\Python310\\lib\\runpy.py\", line 86, in _run_code\n    exec(code, run_globals)\n  File \"<USER_HOME>\\AppData\\Local\\Programs\\Python\\Python310\\lib\\site-packages\\pytest\\__main__.py\", line 9, in <module>\n    raise SystemExit(pytest.console_main())\n  File \"<USER_HOME>\\AppData\\Local\\Programs\\Python\\Python310\\lib\\site-packages\\_pytest\\config\\__init__.py\", line 222, in console_main\n    sys.stdout.flush()\nOSError: [Errno 22] Invalid argument\n"
  },
  "job_snapshot": {
    "jobs": [
      {
        "job_id": "test-dummy",
        "status": "completed",
        "priority": "NORMAL",
        "run_mode": "queue",
        "prompt_source": "pack",
        "prompt_pack_id": "test-pack-core",
        "validation_status": "ok",
        "legacy_snapshot_mode": false,
        "external_pids": [],
        "retry_attempts": [],
        "started_at": "2025-12-12T14:50:40.281336",
        "completed_at": "2025-12-12T14:50:40.295302",
        "error_envelope": null
      }
    ],
    "cached_metadata": {},
    "containers": {},
    "active_watchdogs": [],
    "watchdog_events": [],
    "cleanup_history": [],
    "process_container_config": {
      "enabled": true,
      "memory_limit_mb": null,
      "cpu_limit_percent": null,
      "max_processes": null
    }
  }
}