[
  {
    "level": "INFO",
    "name": "src.services.queue_store_v2",
    "message": "Loaded queue state: 0 jobs, auto_run=True, paused=False",
    "created": 1765549991.0996335
  },
  {
    "level": "INFO",
    "name": "src.controller.app_controller",
    "message": "Restored queue state: auto_run=True, paused=False, 0 jobs (jobs not restored in V1 queue)",
    "created": 1765549991.102631
  },
  {
    "level": "INFO",
    "name": "src.controller.app_controller",
    "message": "[controller] shutdown_app called (destroy)",
    "created": 1765549991.1314762
  },
  {
    "level": "INFO",
    "name": "src.services.queue_store_v2",
    "message": "Loaded queue state: 0 jobs, auto_run=True, paused=False",
    "created": 1765549991.1395247
  },
  {
    "level": "INFO",
    "name": "src.controller.job_execution_controller",
    "message": "Restored queue state: auto_run=True, paused=False, 0 restored job(s)",
    "created": 1765549991.1418202
  },
  {
    "level": "INFO",
    "name": "src.services.queue_store_v2",
    "message": "QUEUE_STATE_SAVED | Persisted queue state",
    "created": 1765549991.1448245
  },
  {
    "level": "INFO",
    "name": "src.services.queue_store_v2",
    "message": "Loaded queue state: 0 jobs, auto_run=True, paused=False",
    "created": 1765549991.1527076
  },
  {
    "level": "INFO",
    "name": "src.controller.job_execution_controller",
    "message": "Restored queue state: auto_run=True, paused=False, 0 restored job(s)",
    "created": 1765549991.1557877
  },
  {
    "level": "INFO",
    "name": "src.services.queue_store_v2",
    "message": "QUEUE_STATE_SAVED | Persisted queue state",
    "created": 1765549991.1587884
  },
  {
    "level": "INFO",
    "name": "src.services.queue_store_v2",
    "message": "Loaded queue state: 0 jobs, auto_run=True, paused=False",
    "created": 1765549991.1697416
  },
  {
    "level": "INFO",
    "name": "src.controller.job_execution_controller",
    "message": "Restored queue state: auto_run=True, paused=False, 0 restored job(s)",
    "created": 1765549991.1717396
  },
  {
    "level": "INFO",
    "name": "src.services.queue_store_v2",
    "message": "QUEUE_STATE_SAVED | Persisted queue state",
    "created": 1765549991.1749558
  },
  {
    "level": "INFO",
    "name": "src.services.queue_store_v2",
    "message": "Loaded queue state: 0 jobs, auto_run=True, paused=False",
    "created": 1765549991.1789584
  },
  {
    "level": "INFO",
    "name": "src.controller.job_execution_controller",
    "message": "Restored queue state: auto_run=True, paused=False, 0 restored job(s)",
    "created": 1765549991.181957
  },
  {
    "level": "INFO",
    "name": "src.services.queue_store_v2",
    "message": "QUEUE_STATE_SAVED | Persisted queue state",
    "created": 1765549991.184957
  },
  {
    "level": "INFO",
    "name": "src.services.queue_store_v2",
    "message": "Loaded queue state: 0 jobs, auto_run=True, paused=False",
    "created": 1765549991.1889572
  },
  {
    "level": "INFO",
    "name": "src.controller.job_execution_controller",
    "message": "Restored queue state: auto_run=True, paused=False, 0 restored job(s)",
    "created": 1765549991.1910763
  },
  {
    "level": "INFO",
    "name": "src.services.queue_store_v2",
    "message": "QUEUE_STATE_SAVED | Persisted queue state",
    "created": 1765549991.1940768
  },
  {
    "level": "INFO",
    "name": "src.services.queue_store_v2",
    "message": "Loaded queue state: 0 jobs, auto_run=True, paused=False",
    "created": 1765549991.1971674
  },
  {
    "level": "INFO",
    "name": "src.controller.job_execution_controller",
    "message": "Restored queue state: auto_run=True, paused=False, 0 restored job(s)",
    "created": 1765549991.2001677
  },
  {
    "level": "INFO",
    "name": "src.services.queue_store_v2",
    "message": "QUEUE_STATE_SAVED | Persisted queue state",
    "created": 1765549991.2031832
  },
  {
    "level": "INFO",
    "name": "src.services.queue_store_v2",
    "message": "Loaded queue state: 0 jobs, auto_run=True, paused=False",
    "created": 1765549991.2081833
  },
  {
    "level": "INFO",
    "name": "src.controller.job_execution_controller",
    "message": "Restored queue state: auto_run=True, paused=False, 0 restored job(s)",
    "created": 1765549991.2101834
  },
  {
    "level": "INFO",
    "name": "src.services.queue_store_v2",
    "message": "QUEUE_STATE_SAVED | Persisted queue state",
    "created": 1765549991.2131817
  },
  {
    "level": "INFO",
    "name": "src.services.queue_store_v2",
    "message": "Loaded queue state: 0 jobs, auto_run=True, paused=False",
    "created": 1765549991.2161827
  },
  {
    "level": "INFO",
    "name": "src.controller.app_controller",
    "message": "Restored queue state: auto_run=True, paused=False, 0 jobs (jobs not restored in V1 queue)",
    "created": 1765549991.2191842
  },
  {
    "level": "INFO",
    "name": "src.services.queue_store_v2",
    "message": "Loaded queue state: 0 jobs, auto_run=True, paused=False",
    "created": 1765549991.2221842
  },
  {
    "level": "INFO",
    "name": "src.controller.job_execution_controller",
    "message": "Restored queue state: auto_run=True, paused=False, 0 restored job(s)",
    "created": 1765549991.225182
  },
  {
    "level": "INFO",
    "name": "src.services.queue_store_v2",
    "message": "QUEUE_STATE_SAVED | Persisted queue state",
    "created": 1765549991.2271826
  },
  {
    "level": "INFO",
    "name": "src.api.healthcheck",
    "message": "Probing WebUI readiness at models/options endpoints | {\"models_endpoint\": \"/sdapi/v1/sd-models\", \"options_endpoint\": \"/sdapi/v1/options\", \"subsystem\": \"api\"}",
    "created": 1765549991.2301824,
    "payload": {
      "message": "Probing WebUI readiness at models/options endpoints",
      "subsystem": "api",
      "models_endpoint": "/sdapi/v1/sd-models",
      "options_endpoint": "/sdapi/v1/options"
    }
  },
  {
    "level": "INFO",
    "name": "src.api.healthcheck",
    "message": "WebUI API ready (models endpoint): http://127.0.0.1:7860/sdapi/v1/sd-models | {\"endpoint\": \"/sdapi/v1/sd-models\", \"subsystem\": \"api\"}",
    "created": 1765549991.2351835,
    "payload": {
      "message": "WebUI API ready (models endpoint): http://127.0.0.1:7860/sdapi/v1/sd-models",
      "subsystem": "api",
      "endpoint": "/sdapi/v1/sd-models"
    }
  },
  {
    "level": "INFO",
    "name": "src.controller.webui_connection_controller",
    "message": "WebUI models/options are ready at http://127.0.0.1:7860",
    "created": 1765549991.238183
  },
  {
    "level": "INFO",
    "name": "src.controller.job_service",
    "message": "Submitting job test-dummy with run_mode=queue | {\"job_id\": \"test-dummy\", \"run_mode\": \"queue\", \"subsystem\": \"job_service\"}",
    "created": 1765549991.2401829,
    "payload": {
      "message": "Submitting job test-dummy with run_mode=queue",
      "job_id": "test-dummy",
      "subsystem": "job_service",
      "run_mode": "queue"
    }
  },
  {
    "level": "INFO",
    "name": "src.controller.job_service",
    "message": "Queuing job test-dummy for background execution | {\"job_id\": \"test-dummy\", \"subsystem\": \"job_service\"}",
    "created": 1765549991.2421823,
    "payload": {
      "message": "Queuing job test-dummy for background execution",
      "job_id": "test-dummy",
      "subsystem": "job_service"
    }
  },
  {
    "level": "INFO",
    "name": "src.controller.job_service",
    "message": "Queue worker starting | {\"job_id\": \"test-dummy\", \"runner\": \"StubRunner\", \"subsystem\": \"job_service\"}",
    "created": 1765549991.2441826,
    "payload": {
      "message": "Queue worker starting",
      "job_id": "test-dummy",
      "subsystem": "job_service",
      "runner": "StubRunner"
    }
  },
  {
    "level": "INFO",
    "name": "src.gui.state",
    "message": "State transition: IDLE -> RUNNING",
    "created": 1765549991.2471826
  },
  {
    "level": "INFO",
    "name": "src.controller.pipeline_controller",
    "message": "Submitted 1 jobs via V2 pipeline",
    "created": 1765549991.2491822
  },
  {
    "level": "INFO",
    "name": "src.services.queue_store_v2",
    "message": "Loaded queue state: 0 jobs, auto_run=True, paused=False",
    "created": 1765549991.2556932
  },
  {
    "level": "INFO",
    "name": "src.controller.job_execution_controller",
    "message": "Restored queue state: auto_run=True, paused=False, 0 restored job(s)",
    "created": 1765549991.258728
  },
  {
    "level": "INFO",
    "name": "src.services.queue_store_v2",
    "message": "QUEUE_STATE_SAVED | Persisted queue state",
    "created": 1765549991.2607262
  },
  {
    "level": "INFO",
    "name": "src.services.queue_store_v2",
    "message": "Loaded queue state: 0 jobs, auto_run=True, paused=False",
    "created": 1765549991.2640295
  },
  {
    "level": "INFO",
    "name": "src.controller.app_controller",
    "message": "Restored queue state: auto_run=True, paused=False, 0 jobs (jobs not restored in V1 queue)",
    "created": 1765549991.2670298
  },
  {
    "level": "INFO",
    "name": "src.services.queue_store_v2",
    "message": "Loaded queue state: 0 jobs, auto_run=True, paused=False",
    "created": 1765549991.2720299
  },
  {
    "level": "INFO",
    "name": "src.controller.job_execution_controller",
    "message": "Restored queue state: auto_run=True, paused=False, 0 restored job(s)",
    "created": 1765549991.274029
  },
  {
    "level": "INFO",
    "name": "src.services.queue_store_v2",
    "message": "QUEUE_STATE_SAVED | Persisted queue state",
    "created": 1765549991.2770293
  },
  {
    "level": "INFO",
    "name": "src.services.queue_store_v2",
    "message": "Loaded queue state: 0 jobs, auto_run=True, paused=False",
    "created": 1765549991.2810302
  },
  {
    "level": "INFO",
    "name": "src.controller.app_controller",
    "message": "Restored queue state: auto_run=True, paused=False, 0 jobs (jobs not restored in V1 queue)",
    "created": 1765549991.283029
  },
  {
    "level": "INFO",
    "name": "src.services.queue_store_v2",
    "message": "Loaded queue state: 0 jobs, auto_run=True, paused=False",
    "created": 1765549991.2880287
  },
  {
    "level": "INFO",
    "name": "src.controller.job_execution_controller",
    "message": "Restored queue state: auto_run=True, paused=False, 0 restored job(s)",
    "created": 1765549991.2900298
  },
  {
    "level": "INFO",
    "name": "src.services.queue_store_v2",
    "message": "QUEUE_STATE_SAVED | Persisted queue state",
    "created": 1765549991.293029
  },
  {
    "level": "INFO",
    "name": "src.services.queue_store_v2",
    "message": "Loaded queue state: 0 jobs, auto_run=True, paused=False",
    "created": 1765549991.2960315
  },
  {
    "level": "INFO",
    "name": "src.controller.app_controller",
    "message": "Restored queue state: auto_run=True, paused=False, 0 jobs (jobs not restored in V1 queue)",
    "created": 1765549991.29903
  },
  {
    "level": "INFO",
    "name": "src.services.queue_store_v2",
    "message": "Loaded queue state: 0 jobs, auto_run=True, paused=False",
    "created": 1765549991.3052788
  },
  {
    "level": "INFO",
    "name": "src.controller.job_execution_controller",
    "message": "Restored queue state: auto_run=True, paused=False, 0 restored job(s)",
    "created": 1765549991.3073726
  },
  {
    "level": "INFO",
    "name": "src.services.queue_store_v2",
    "message": "QUEUE_STATE_SAVED | Persisted queue state",
    "created": 1765549991.3113186
  },
  {
    "level": "INFO",
    "name": "src.services.queue_store_v2",
    "message": "Loaded queue state: 0 jobs, auto_run=True, paused=False",
    "created": 1765549991.3143737
  },
  {
    "level": "INFO",
    "name": "src.controller.app_controller",
    "message": "Restored queue state: auto_run=True, paused=False, 0 jobs (jobs not restored in V1 queue)",
    "created": 1765549991.3173738
  },
  {
    "level": "INFO",
    "name": "src.controller.job_service",
    "message": "Queuing job test-dummy for background execution | {\"job_id\": \"test-dummy\", \"subsystem\": \"job_service\"}",
    "created": 1765549991.3193734,
    "payload": {
      "message": "Queuing job test-dummy for background execution",
      "job_id": "test-dummy",
      "subsystem": "job_service"
    }
  },
  {
    "level": "INFO",
    "name": "src.controller.job_service",
    "message": "Queue worker starting | {\"job_id\": \"test-dummy\", \"runner\": \"SingleNodeJobRunner\", \"subsystem\": \"job_service\"}",
    "created": 1765549991.3233745,
    "payload": {
      "message": "Queue worker starting",
      "job_id": "test-dummy",
      "subsystem": "job_service",
      "runner": "SingleNodeJobRunner"
    }
  },
  {
    "level": "INFO",
    "name": "src.queue.single_node_runner",
    "message": "QUEUE_JOB_START | Starting execution via runner | {\"job_id\": \"test-dummy\", \"prompt_pack_id\": \"test-pack-core\", \"run_mode\": \"queue\", \"subsystem\": \"queue_runner\"}",
    "created": 1765549991.3253732,
    "payload": {
      "message": "QUEUE_JOB_START | Starting execution via runner",
      "job_id": "test-dummy",
      "subsystem": "queue_runner",
      "run_mode": "queue",
      "prompt_pack_id": "test-pack-core"
    }
  },
  {
    "level": "INFO",
    "name": "src.queue.single_node_runner",
    "message": "Dequeued job for execution | {\"job_id\": \"test-dummy\", \"prompt_pack_id\": \"test-pack-core\", \"run_mode\": \"queue\", \"subsystem\": \"queue_runner\"}",
    "created": 1765549991.328376,
    "payload": {
      "message": "Dequeued job for execution",
      "job_id": "test-dummy",
      "subsystem": "queue_runner",
      "run_mode": "queue",
      "prompt_pack_id": "test-pack-core"
    }
  },
  {
    "level": "INFO",
    "name": "src.controller.job_service",
    "message": "Job status change | {\"job_id\": \"test-dummy\", \"prompt_pack_id\": \"test-pack-core\", \"run_mode\": \"queue\", \"status\": \"running\", \"subsystem\": \"job_service\"}",
    "created": 1765549991.3373764,
    "payload": {
      "message": "Job status change",
      "job_id": "test-dummy",
      "subsystem": "job_service",
      "status": "running",
      "run_mode": "queue",
      "prompt_pack_id": "test-pack-core"
    }
  },
  {
    "level": "INFO",
    "name": "src.queue.single_node_runner",
    "message": "QUEUE_JOB_PIPELINE_CALL | Invoking pipeline for job | {\"job_id\": \"test-dummy\", \"subsystem\": \"queue_runner\"}",
    "created": 1765549991.3403742,
    "payload": {
      "message": "QUEUE_JOB_PIPELINE_CALL | Invoking pipeline for job",
      "job_id": "test-dummy",
      "subsystem": "queue_runner"
    }
  },
  {
    "level": "INFO",
    "name": "src.controller.job_service",
    "message": "Job status change | {\"job_id\": \"test-dummy\", \"prompt_pack_id\": \"test-pack-core\", \"run_mode\": \"queue\", \"status\": \"completed\", \"subsystem\": \"job_service\"}",
    "created": 1765549991.3493743,
    "payload": {
      "message": "Job status change",
      "job_id": "test-dummy",
      "subsystem": "job_service",
      "status": "completed",
      "run_mode": "queue",
      "prompt_pack_id": "test-pack-core"
    }
  },
  {
    "level": "INFO",
    "name": "src.queue.single_node_runner",
    "message": "QUEUE_JOB_PIPELINE_RETURN | Pipeline finished | {\"job_id\": \"test-dummy\", \"status\": \"completed\", \"subsystem\": \"queue_runner\"}",
    "created": 1765549991.357374,
    "payload": {
      "message": "QUEUE_JOB_PIPELINE_RETURN | Pipeline finished",
      "job_id": "test-dummy",
      "subsystem": "queue_runner",
      "status": "completed"
    }
  },
  {
    "level": "INFO",
    "name": "src.queue.single_node_runner",
    "message": "QUEUE_JOB_DONE | Job execution completed | {\"duration_ms\": 15, \"job_id\": \"test-dummy\", \"prompt_pack_id\": \"test-pack-core\", \"run_mode\": \"queue\", \"status\": \"completed\", \"subsystem\": \"queue_runner\"}",
    "created": 1765549991.360763,
    "payload": {
      "message": "QUEUE_JOB_DONE | Job execution completed",
      "job_id": "test-dummy",
      "subsystem": "queue_runner",
      "run_mode": "queue",
      "prompt_pack_id": "test-pack-core",
      "duration_ms": 15,
      "status": "completed"
    }
  },
  {
    "level": "INFO",
    "name": "src.services.queue_store_v2",
    "message": "Loaded queue state: 0 jobs, auto_run=True, paused=False",
    "created": 1765549991.3647623
  },
  {
    "level": "INFO",
    "name": "src.controller.job_execution_controller",
    "message": "Restored queue state: auto_run=True, paused=False, 0 restored job(s)",
    "created": 1765549991.3677597
  },
  {
    "level": "INFO",
    "name": "src.services.queue_store_v2",
    "message": "QUEUE_STATE_SAVED | Persisted queue state",
    "created": 1765549991.3707612
  },
  {
    "level": "INFO",
    "name": "src.services.queue_store_v2",
    "message": "Loaded queue state: 0 jobs, auto_run=True, paused=False",
    "created": 1765549991.3757615
  },
  {
    "level": "INFO",
    "name": "src.controller.job_execution_controller",
    "message": "Restored queue state: auto_run=True, paused=False, 0 restored job(s)",
    "created": 1765549991.3787608
  },
  {
    "level": "INFO",
    "name": "src.services.queue_store_v2",
    "message": "QUEUE_STATE_SAVED | Persisted queue state",
    "created": 1765549991.3817618
  },
  {
    "level": "INFO",
    "name": "src.services.queue_store_v2",
    "message": "Loaded queue state: 0 jobs, auto_run=True, paused=False",
    "created": 1765549991.3867612
  },
  {
    "level": "INFO",
    "name": "src.controller.job_execution_controller",
    "message": "Restored queue state: auto_run=True, paused=False, 0 restored job(s)",
    "created": 1765549991.3887594
  },
  {
    "level": "INFO",
    "name": "src.services.queue_store_v2",
    "message": "QUEUE_STATE_SAVED | Persisted queue state",
    "created": 1765549991.3927603
  },
  {
    "level": "ERROR",
    "name": "src.controller.job_execution_controller",
    "message": "JOB_EXEC_ERROR | Missing normalized record for queued job | {\"error\": \"Missing normalized record for queued job\", \"job_id\": \"missing\", \"run_mode\": \"queue\", \"subsystem\": \"job_exec\"}",
    "created": 1765549991.39576,
    "payload": {
      "message": "JOB_EXEC_ERROR | Missing normalized record for queued job",
      "job_id": "missing",
      "subsystem": "job_exec",
      "run_mode": "queue",
      "error": "Missing normalized record for queued job"
    }
  },
  {
    "level": "INFO",
    "name": "src.services.queue_store_v2",
    "message": "Loaded queue state: 0 jobs, auto_run=True, paused=False",
    "created": 1765549991.3997622
  },
  {
    "level": "INFO",
    "name": "src.controller.job_execution_controller",
    "message": "Restored queue state: auto_run=True, paused=False, 0 restored job(s)",
    "created": 1765549991.4027607
  },
  {
    "level": "INFO",
    "name": "src.services.queue_store_v2",
    "message": "QUEUE_STATE_SAVED | Persisted queue state",
    "created": 1765549991.4057605
  },
  {
    "level": "INFO",
    "name": "src.controller.job_execution_controller",
    "message": "JOB_EXEC_START | Dispatching job for execution | {\"has_njr\": true, \"job_id\": \"replay-error\", \"prompt_pack_id\": null, \"run_mode\": \"queue\", \"subsystem\": \"job_exec\"}",
    "created": 1765549991.4083714,
    "payload": {
      "message": "JOB_EXEC_START | Dispatching job for execution",
      "job_id": "replay-error",
      "subsystem": "job_exec",
      "run_mode": "queue",
      "has_njr": true,
      "prompt_pack_id": null
    }
  },
  {
    "level": "INFO",
    "name": "src.controller.job_execution_controller",
    "message": "JOB_EXEC_REPLAY | Executing NJR via replay engine | {\"job_id\": \"replay-error\", \"subsystem\": \"job_exec\"}",
    "created": 1765549991.411406,
    "payload": {
      "message": "JOB_EXEC_REPLAY | Executing NJR via replay engine",
      "job_id": "replay-error",
      "subsystem": "job_exec"
    }
  },
  {
    "level": "ERROR",
    "name": "src.controller.job_execution_controller",
    "message": "JOB_EXEC_ERROR | NJR execution failed | {\"error\": \"NJR execution failed: replay failed\", \"job_id\": \"replay-error\", \"subsystem\": \"job_exec\"}",
    "created": 1765549991.4134064,
    "payload": {
      "message": "JOB_EXEC_ERROR | NJR execution failed",
      "job_id": "replay-error",
      "subsystem": "job_exec",
      "error": "NJR execution failed: replay failed"
    }
  },
  {
    "level": "INFO",
    "name": "src.services.queue_store_v2",
    "message": "Loaded queue state: 0 jobs, auto_run=True, paused=False",
    "created": 1765549991.4184537
  },
  {
    "level": "INFO",
    "name": "src.controller.job_execution_controller",
    "message": "Restored queue state: auto_run=True, paused=False, 0 restored job(s)",
    "created": 1765549991.421589
  },
  {
    "level": "INFO",
    "name": "src.services.queue_store_v2",
    "message": "QUEUE_STATE_SAVED | Persisted queue state",
    "created": 1765549991.4245899
  },
  {
    "level": "INFO",
    "name": "src.services.queue_store_v2",
    "message": "Loaded queue state: 0 jobs, auto_run=True, paused=False",
    "created": 1765549991.427589
  },
  {
    "level": "INFO",
    "name": "src.controller.app_controller",
    "message": "Restored queue state: auto_run=True, paused=False, 0 jobs (jobs not restored in V1 queue)",
    "created": 1765549991.4305902
  },
  {
    "level": "INFO",
    "name": "src.services.queue_store_v2",
    "message": "Loaded queue state: 0 jobs, auto_run=True, paused=False",
    "created": 1765549991.43459
  },
  {
    "level": "INFO",
    "name": "src.controller.job_execution_controller",
    "message": "Restored queue state: auto_run=True, paused=False, 0 restored job(s)",
    "created": 1765549991.4375901
  },
  {
    "level": "INFO",
    "name": "src.services.queue_store_v2",
    "message": "QUEUE_STATE_SAVED | Persisted queue state",
    "created": 1765549991.4417999
  },
  {
    "level": "INFO",
    "name": "src.services.queue_store_v2",
    "message": "Loaded queue state: 0 jobs, auto_run=True, paused=False",
    "created": 1765549991.4447997
  },
  {
    "level": "INFO",
    "name": "src.controller.app_controller",
    "message": "Restored queue state: auto_run=True, paused=False, 0 jobs (jobs not restored in V1 queue)",
    "created": 1765549991.4478004
  },
  {
    "level": "INFO",
    "name": "src.services.queue_store_v2",
    "message": "Loaded queue state: 0 jobs, auto_run=True, paused=False",
    "created": 1765549991.520735
  },
  {
    "level": "INFO",
    "name": "src.controller.job_execution_controller",
    "message": "Restored queue state: auto_run=True, paused=False, 0 restored job(s)",
    "created": 1765549991.5281205
  },
  {
    "level": "INFO",
    "name": "src.services.queue_store_v2",
    "message": "QUEUE_STATE_SAVED | Persisted queue state",
    "created": 1765549991.5490649
  },
  {
    "level": "INFO",
    "name": "src.services.queue_store_v2",
    "message": "Loaded queue state: 0 jobs, auto_run=True, paused=False",
    "created": 1765549991.5530634
  },
  {
    "level": "INFO",
    "name": "src.controller.app_controller",
    "message": "Restored queue state: auto_run=True, paused=False, 0 jobs (jobs not restored in V1 queue)",
    "created": 1765549991.5549774
  },
  {
    "level": "INFO",
    "name": "src.services.queue_store_v2",
    "message": "Loaded queue state: 0 jobs, auto_run=True, paused=False",
    "created": 1765549991.5610464
  },
  {
    "level": "INFO",
    "name": "src.controller.job_execution_controller",
    "message": "Restored queue state: auto_run=True, paused=False, 0 restored job(s)",
    "created": 1765549991.5640442
  },
  {
    "level": "INFO",
    "name": "src.services.queue_store_v2",
    "message": "QUEUE_STATE_SAVED | Persisted queue state",
    "created": 1765549991.567044
  },
  {
    "level": "INFO",
    "name": "src.services.queue_store_v2",
    "message": "Loaded queue state: 0 jobs, auto_run=True, paused=False",
    "created": 1765549991.571045
  },
  {
    "level": "INFO",
    "name": "src.controller.app_controller",
    "message": "Restored queue state: auto_run=True, paused=False, 0 jobs (jobs not restored in V1 queue)",
    "created": 1765549991.5740194
  },
  {
    "level": "INFO",
    "name": "src.services.queue_store_v2",
    "message": "Loaded queue state: 0 jobs, auto_run=True, paused=False",
    "created": 1765549991.5780356
  },
  {
    "level": "INFO",
    "name": "src.controller.job_execution_controller",
    "message": "Restored queue state: auto_run=True, paused=False, 0 restored job(s)",
    "created": 1765549991.5812771
  },
  {
    "level": "INFO",
    "name": "src.services.queue_store_v2",
    "message": "QUEUE_STATE_SAVED | Persisted queue state",
    "created": 1765549991.5842762
  },
  {
    "level": "INFO",
    "name": "src.services.queue_store_v2",
    "message": "Loaded queue state: 0 jobs, auto_run=True, paused=False",
    "created": 1765549991.588886
  },
  {
    "level": "INFO",
    "name": "src.controller.app_controller",
    "message": "Restored queue state: auto_run=True, paused=False, 0 jobs (jobs not restored in V1 queue)",
    "created": 1765549991.5919697
  },
  {
    "level": "INFO",
    "name": "src.controller.job_service",
    "message": "Job status change | {\"job_id\": \"job-container\", \"prompt_pack_id\": null, \"run_mode\": \"queue\", \"status\": \"running\", \"subsystem\": \"job_service\"}",
    "created": 1765549991.5964978,
    "payload": {
      "message": "Job status change",
      "job_id": "job-container",
      "subsystem": "job_service",
      "status": "running",
      "run_mode": "queue",
      "prompt_pack_id": null
    }
  },
  {
    "level": "INFO",
    "name": "src.controller.job_service",
    "message": "Job status change | {\"job_id\": \"job-container\", \"prompt_pack_id\": null, \"run_mode\": \"queue\", \"status\": \"completed\", \"subsystem\": \"job_service\"}",
    "created": 1765549991.5995412,
    "payload": {
      "message": "Job status change",
      "job_id": "job-container",
      "subsystem": "job_service",
      "status": "completed",
      "run_mode": "queue",
      "prompt_pack_id": null
    }
  },
  {
    "level": "INFO",
    "name": "src.controller.job_service",
    "message": "Cleaning external processes | {\"job_id\": \"job-container\", \"pid_count\": 1, \"reason\": \"completed\", \"subsystem\": \"job_service\"}",
    "created": 1765549991.6025417,
    "payload": {
      "message": "Cleaning external processes",
      "job_id": "job-container",
      "subsystem": "job_service",
      "pid_count": 1,
      "reason": "completed"
    }
  },
  {
    "level": "INFO",
    "name": "src.controller.job_service",
    "message": "[CONTAINER] job kill_all invoked | {\"job_id\": \"job-container\", \"subsystem\": \"process_container\"}",
    "created": 1765549991.6055415,
    "payload": {
      "message": "[CONTAINER] job kill_all invoked",
      "job_id": "job-container",
      "subsystem": "process_container"
    }
  },
  {
    "level": "INFO",
    "name": "src.controller.job_service",
    "message": "Job status change | {\"job_id\": \"done\", \"prompt_pack_id\": null, \"run_mode\": \"queue\", \"status\": \"completed\", \"subsystem\": \"job_service\"}",
    "created": 1765549991.617577,
    "payload": {
      "message": "Job status change",
      "job_id": "done",
      "subsystem": "job_service",
      "status": "completed",
      "run_mode": "queue",
      "prompt_pack_id": null
    }
  },
  {
    "level": "INFO",
    "name": "src.controller.job_service",
    "message": "Job status change | {\"job_id\": \"fail\", \"prompt_pack_id\": null, \"run_mode\": \"queue\", \"status\": \"failed\", \"subsystem\": \"job_service\"}",
    "created": 1765549991.621577,
    "payload": {
      "message": "Job status change",
      "job_id": "fail",
      "subsystem": "job_service",
      "status": "failed",
      "run_mode": "queue",
      "prompt_pack_id": null
    }
  },
  {
    "level": "ERROR",
    "name": "src.controller.job_service",
    "message": "Normalized job missing pack identity | {\"job_id\": \"record\", \"prompt_pack_id\": \"\", \"prompt_pack_name\": \"\", \"prompt_source\": \"pack\", \"sample_prompt\": \"test\", \"subsystem\": \"job_service\"}",
    "created": 1765549991.6245766,
    "payload": {
      "message": "Normalized job missing pack identity",
      "job_id": "record",
      "subsystem": "job_service",
      "prompt_source": "pack",
      "prompt_pack_id": "",
      "prompt_pack_name": "",
      "sample_prompt": "test"
    }
  },
  {
    "level": "INFO",
    "name": "src.controller.job_service",
    "message": "Submitting job missing-normalized with run_mode=queue | {\"job_id\": \"missing-normalized\", \"run_mode\": \"queue\", \"subsystem\": \"job_service\"}",
    "created": 1765549991.6298203,
    "payload": {
      "message": "Submitting job missing-normalized with run_mode=queue",
      "job_id": "missing-normalized",
      "subsystem": "job_service",
      "run_mode": "queue"
    }
  },
  {
    "level": "WARNING",
    "name": "src.controller.job_service",
    "message": "Job validation failed | {\"code\": \"missing_snapshot\", \"job_id\": \"missing-normalized\", \"message\": \"Job is missing normalized metadata.\", \"subsystem\": \"job_service\"}",
    "created": 1765549991.6328092,
    "payload": {
      "message": "Job is missing normalized metadata.",
      "job_id": "missing-normalized",
      "subsystem": "job_service",
      "code": "missing_snapshot"
    }
  },
  {
    "level": "INFO",
    "name": "src.controller.job_service",
    "message": "Submitting job 4336fd1e-a96a-41eb-a49e-de9be94994f2 with run_mode=queue | {\"job_id\": \"4336fd1e-a96a-41eb-a49e-de9be94994f2\", \"run_mode\": \"queue\", \"subsystem\": \"job_service\"}",
    "created": 1765549991.6353629,
    "payload": {
      "message": "Submitting job 4336fd1e-a96a-41eb-a49e-de9be94994f2 with run_mode=queue",
      "job_id": "4336fd1e-a96a-41eb-a49e-de9be94994f2",
      "subsystem": "job_service",
      "run_mode": "queue"
    }
  },
  {
    "level": "INFO",
    "name": "src.controller.job_service",
    "message": "Queuing job 4336fd1e-a96a-41eb-a49e-de9be94994f2 for background execution | {\"job_id\": \"4336fd1e-a96a-41eb-a49e-de9be94994f2\", \"subsystem\": \"job_service\"}",
    "created": 1765549991.639874,
    "payload": {
      "message": "Queuing job 4336fd1e-a96a-41eb-a49e-de9be94994f2 for background execution",
      "job_id": "4336fd1e-a96a-41eb-a49e-de9be94994f2",
      "subsystem": "job_service"
    }
  },
  {
    "level": "INFO",
    "name": "src.controller.job_service",
    "message": "Queue worker starting | {\"job_id\": \"4336fd1e-a96a-41eb-a49e-de9be94994f2\", \"runner\": \"StubRunner\", \"subsystem\": \"job_service\"}",
    "created": 1765549991.641873,
    "payload": {
      "message": "Queue worker starting",
      "job_id": "4336fd1e-a96a-41eb-a49e-de9be94994f2",
      "subsystem": "job_service",
      "runner": "StubRunner"
    }
  },
  {
    "level": "INFO",
    "name": "src.controller.job_service",
    "message": "Cleaning external processes | {\"job_id\": \"job-123\", \"pid_count\": 1, \"reason\": \"cleanup\", \"subsystem\": \"job_service\"}",
    "created": 1765549991.6550653,
    "payload": {
      "message": "Cleaning external processes",
      "job_id": "job-123",
      "subsystem": "job_service",
      "pid_count": 1,
      "reason": "cleanup"
    }
  },
  {
    "level": "INFO",
    "name": "src.controller.job_service",
    "message": "Job status change | {\"job_id\": \"job-run\", \"prompt_pack_id\": null, \"run_mode\": \"queue\", \"status\": \"running\", \"subsystem\": \"job_service\"}",
    "created": 1765549991.6592374,
    "payload": {
      "message": "Job status change",
      "job_id": "job-run",
      "subsystem": "job_service",
      "status": "running",
      "run_mode": "queue",
      "prompt_pack_id": null
    }
  },
  {
    "level": "INFO",
    "name": "src.controller.job_service",
    "message": "Job status change | {\"job_id\": \"cancel\", \"prompt_pack_id\": null, \"run_mode\": \"queue\", \"status\": \"cancelled\", \"subsystem\": \"job_service\"}",
    "created": 1765549991.6652377,
    "payload": {
      "message": "Job status change",
      "job_id": "cancel",
      "subsystem": "job_service",
      "status": "cancelled",
      "run_mode": "queue",
      "prompt_pack_id": null
    }
  },
  {
    "level": "INFO",
    "name": "src.controller.job_service",
    "message": "Job status change | {\"job_id\": \"start-finish\", \"prompt_pack_id\": null, \"run_mode\": \"queue\", \"status\": \"running\", \"subsystem\": \"job_service\"}",
    "created": 1765549991.6692376,
    "payload": {
      "message": "Job status change",
      "job_id": "start-finish",
      "subsystem": "job_service",
      "status": "running",
      "run_mode": "queue",
      "prompt_pack_id": null
    }
  },
  {
    "level": "INFO",
    "name": "src.controller.job_service",
    "message": "Job status change | {\"job_id\": \"start-finish\", \"prompt_pack_id\": null, \"run_mode\": \"queue\", \"status\": \"completed\", \"subsystem\": \"job_service\"}",
    "created": 1765549991.6722364,
    "payload": {
      "message": "Job status change",
      "job_id": "start-finish",
      "subsystem": "job_service",
      "status": "completed",
      "run_mode": "queue",
      "prompt_pack_id": null
    }
  },
  {
    "level": "INFO",
    "name": "src.controller.job_service",
    "message": "Job status change | {\"job_id\": \"queue-fail\", \"prompt_pack_id\": null, \"run_mode\": \"queue\", \"status\": \"running\", \"subsystem\": \"job_service\"}",
    "created": 1765549991.6762378,
    "payload": {
      "message": "Job status change",
      "job_id": "queue-fail",
      "subsystem": "job_service",
      "status": "running",
      "run_mode": "queue",
      "prompt_pack_id": null
    }
  },
  {
    "level": "INFO",
    "name": "src.controller.job_service",
    "message": "Job status change | {\"job_id\": \"queue-fail\", \"prompt_pack_id\": null, \"run_mode\": \"queue\", \"status\": \"failed\", \"subsystem\": \"job_service\"}",
    "created": 1765549991.6792371,
    "payload": {
      "message": "Job status change",
      "job_id": "queue-fail",
      "subsystem": "job_service",
      "status": "failed",
      "run_mode": "queue",
      "prompt_pack_id": null
    }
  },
  {
    "level": "INFO",
    "name": "src.controller.job_service",
    "message": "Job status change | {\"job_id\": \"job-watchdog\", \"prompt_pack_id\": null, \"run_mode\": \"queue\", \"status\": \"running\", \"subsystem\": \"job_service\"}",
    "created": 1765549991.6842382,
    "payload": {
      "message": "Job status change",
      "job_id": "job-watchdog",
      "subsystem": "job_service",
      "status": "running",
      "run_mode": "queue",
      "prompt_pack_id": null
    }
  },
  {
    "level": "WARNING",
    "name": "src.controller.job_service",
    "message": "[WATCHDOG] job=job-watchdog reason=MEMORY info={'watchdog_reason': 'MEMORY', 'pid': 1} | {\"error_envelope\": {\"context\": {\"pid\": 1, \"watchdog_reason\": \"MEMORY\"}, \"error_type\": \"WatchdogViolationError\", \"job_id\": \"job-watchdog\", \"message\": \"Watchdog memory violation\", \"remediation\": \"Reduce job size or raise resource caps in configuration.\", \"retry_info\": null, \"severity\": \"ERROR\", \"stack\": \"src.utils.exceptions_v2.WatchdogViolationError: Watchdog memory violation\\n\", \"stage\": null, \"subsystem\": \"watchdog\", \"timestamp\": 1765549991.6872373}, \"subsystem\": \"watchdog\"}",
    "created": 1765549991.6872373,
    "payload": {
      "message": "[WATCHDOG] job=job-watchdog reason=MEMORY info={'watchdog_reason': 'MEMORY', 'pid': 1}",
      "subsystem": "watchdog",
      "error_envelope": {
        "error_type": "WatchdogViolationError",
        "subsystem": "watchdog",
        "severity": "ERROR",
        "message": "Watchdog memory violation",
        "stack": "src.utils.exceptions_v2.WatchdogViolationError: Watchdog memory violation\n",
        "job_id": "job-watchdog",
        "stage": null,
        "timestamp": 1765549991.6872373,
        "remediation": "Reduce job size or raise resource caps in configuration.",
        "context": {
          "watchdog_reason": "MEMORY",
          "pid": 1
        },
        "retry_info": null
      }
    }
  },
  {
    "level": "INFO",
    "name": "src.services.queue_store_v2",
    "message": "Loaded queue state: 0 jobs, auto_run=True, paused=False",
    "created": 1765549991.7172377
  },
  {
    "level": "INFO",
    "name": "src.controller.job_execution_controller",
    "message": "Restored queue state: auto_run=True, paused=False, 0 restored job(s)",
    "created": 1765549991.7202375
  },
  {
    "level": "INFO",
    "name": "src.services.queue_store_v2",
    "message": "QUEUE_STATE_SAVED | Persisted queue state",
    "created": 1765549991.7242367
  },
  {
    "level": "INFO",
    "name": "src.services.queue_store_v2",
    "message": "Loaded queue state: 0 jobs, auto_run=True, paused=False",
    "created": 1765549991.730237
  },
  {
    "level": "INFO",
    "name": "src.controller.job_execution_controller",
    "message": "Restored queue state: auto_run=True, paused=False, 0 restored job(s)",
    "created": 1765549991.7332373
  },
  {
    "level": "INFO",
    "name": "src.services.queue_store_v2",
    "message": "QUEUE_STATE_SAVED | Persisted queue state",
    "created": 1765549991.7370067
  },
  {
    "level": "INFO",
    "name": "src.services.queue_store_v2",
    "message": "Loaded queue state: 0 jobs, auto_run=True, paused=False",
    "created": 1765549991.748068
  },
  {
    "level": "INFO",
    "name": "src.controller.app_controller",
    "message": "Restored queue state: auto_run=True, paused=False, 0 jobs (jobs not restored in V1 queue)",
    "created": 1765549991.7513025
  },
  {
    "level": "INFO",
    "name": "src.utils.file_io",
    "message": "Read 1 prompts from test_pack.txt",
    "created": 1765549991.7551808
  },
  {
    "level": "INFO",
    "name": "src.services.queue_store_v2",
    "message": "Loaded queue state: 0 jobs, auto_run=True, paused=False",
    "created": 1765549991.7611816
  },
  {
    "level": "INFO",
    "name": "src.controller.job_execution_controller",
    "message": "Restored queue state: auto_run=True, paused=False, 0 restored job(s)",
    "created": 1765549991.7641807
  },
  {
    "level": "INFO",
    "name": "src.services.queue_store_v2",
    "message": "QUEUE_STATE_SAVED | Persisted queue state",
    "created": 1765549991.7683601
  },
  {
    "level": "INFO",
    "name": "src.services.queue_store_v2",
    "message": "Loaded queue state: 0 jobs, auto_run=True, paused=False",
    "created": 1765549991.799984
  },
  {
    "level": "INFO",
    "name": "src.controller.job_execution_controller",
    "message": "Restored queue state: auto_run=True, paused=False, 0 restored job(s)",
    "created": 1765549991.803984
  },
  {
    "level": "INFO",
    "name": "src.services.queue_store_v2",
    "message": "QUEUE_STATE_SAVED | Persisted queue state",
    "created": 1765549991.806983
  },
  {
    "level": "INFO",
    "name": "src.gui.state",
    "message": "State transition: IDLE -> RUNNING",
    "created": 1765549991.8099833
  },
  {
    "level": "INFO",
    "name": "src.controller.pipeline_controller",
    "message": "Submitted 1 jobs via V2 pipeline",
    "created": 1765549991.8129833
  },
  {
    "level": "INFO",
    "name": "src.services.queue_store_v2",
    "message": "Loaded queue state: 0 jobs, auto_run=True, paused=False",
    "created": 1765549991.8188636
  },
  {
    "level": "INFO",
    "name": "src.controller.job_execution_controller",
    "message": "Restored queue state: auto_run=True, paused=False, 0 restored job(s)",
    "created": 1765549991.821856
  },
  {
    "level": "INFO",
    "name": "src.services.queue_store_v2",
    "message": "QUEUE_STATE_SAVED | Persisted queue state",
    "created": 1765549991.8248553
  },
  {
    "level": "INFO",
    "name": "src.gui.state",
    "message": "State transition: IDLE -> RUNNING",
    "created": 1765549991.828973
  },
  {
    "level": "INFO",
    "name": "src.controller.pipeline_controller",
    "message": "Submitted 1 jobs via V2 pipeline",
    "created": 1765549991.8329735
  },
  {
    "level": "INFO",
    "name": "src.services.queue_store_v2",
    "message": "Loaded queue state: 0 jobs, auto_run=True, paused=False",
    "created": 1765549991.8369725
  },
  {
    "level": "INFO",
    "name": "src.controller.job_execution_controller",
    "message": "Restored queue state: auto_run=True, paused=False, 0 restored job(s)",
    "created": 1765549991.840974
  },
  {
    "level": "INFO",
    "name": "src.services.queue_store_v2",
    "message": "QUEUE_STATE_SAVED | Persisted queue state",
    "created": 1765549991.8449733
  },
  {
    "level": "INFO",
    "name": "src.gui.state",
    "message": "State transition: IDLE -> RUNNING",
    "created": 1765549991.848255
  },
  {
    "level": "INFO",
    "name": "src.controller.pipeline_controller",
    "message": "Submitted 3 jobs via V2 pipeline",
    "created": 1765549991.851254
  },
  {
    "level": "INFO",
    "name": "src.services.queue_store_v2",
    "message": "Loaded queue state: 0 jobs, auto_run=True, paused=False",
    "created": 1765549991.8552537
  },
  {
    "level": "INFO",
    "name": "src.controller.job_execution_controller",
    "message": "Restored queue state: auto_run=True, paused=False, 0 restored job(s)",
    "created": 1765549991.8582554
  },
  {
    "level": "INFO",
    "name": "src.services.queue_store_v2",
    "message": "QUEUE_STATE_SAVED | Persisted queue state",
    "created": 1765549991.8633084
  },
  {
    "level": "INFO",
    "name": "src.gui.state",
    "message": "State transition: IDLE -> RUNNING",
    "created": 1765549991.8663082
  },
  {
    "level": "INFO",
    "name": "src.controller.pipeline_controller",
    "message": "Submitted 2 jobs via V2 pipeline",
    "created": 1765549991.8693085
  },
  {
    "level": "INFO",
    "name": "src.services.queue_store_v2",
    "message": "Loaded queue state: 0 jobs, auto_run=True, paused=False",
    "created": 1765549991.8743086
  },
  {
    "level": "INFO",
    "name": "src.controller.job_execution_controller",
    "message": "Restored queue state: auto_run=True, paused=False, 0 restored job(s)",
    "created": 1765549991.8774812
  },
  {
    "level": "INFO",
    "name": "src.services.queue_store_v2",
    "message": "QUEUE_STATE_SAVED | Persisted queue state",
    "created": 1765549991.8814816
  },
  {
    "level": "INFO",
    "name": "src.gui.state",
    "message": "State transition: IDLE -> RUNNING",
    "created": 1765549991.8850462
  },
  {
    "level": "INFO",
    "name": "src.controller.pipeline_controller",
    "message": "Submitted 1 jobs via V2 pipeline",
    "created": 1765549991.8875973
  },
  {
    "level": "INFO",
    "name": "src.services.queue_store_v2",
    "message": "Loaded queue state: 0 jobs, auto_run=True, paused=False",
    "created": 1765549991.8926451
  },
  {
    "level": "INFO",
    "name": "src.controller.job_execution_controller",
    "message": "Restored queue state: auto_run=True, paused=False, 0 restored job(s)",
    "created": 1765549991.8956952
  },
  {
    "level": "INFO",
    "name": "src.services.queue_store_v2",
    "message": "QUEUE_STATE_SAVED | Persisted queue state",
    "created": 1765549991.8986957
  },
  {
    "level": "WARNING",
    "name": "src.controller.pipeline_controller",
    "message": "JobBuilderV2 returned no jobs for current state",
    "created": 1765549991.9017398
  },
  {
    "level": "WARNING",
    "name": "src.controller.pipeline_controller",
    "message": "No jobs to submit",
    "created": 1765549991.9067872
  },
  {
    "level": "INFO",
    "name": "src.services.queue_store_v2",
    "message": "Loaded queue state: 0 jobs, auto_run=True, paused=False",
    "created": 1765549991.9121559
  },
  {
    "level": "INFO",
    "name": "src.controller.job_execution_controller",
    "message": "Restored queue state: auto_run=True, paused=False, 0 restored job(s)",
    "created": 1765549991.9151561
  },
  {
    "level": "INFO",
    "name": "src.services.queue_store_v2",
    "message": "QUEUE_STATE_SAVED | Persisted queue state",
    "created": 1765549991.917936
  },
  {
    "level": "WARNING",
    "name": "src.controller.pipeline_controller",
    "message": "JobBuilderV2 returned no jobs for current state",
    "created": 1765549991.9219835
  },
  {
    "level": "WARNING",
    "name": "src.controller.pipeline_controller",
    "message": "No jobs to submit",
    "created": 1765549991.9250674
  },
  {
    "level": "INFO",
    "name": "src.services.queue_store_v2",
    "message": "Loaded queue state: 0 jobs, auto_run=True, paused=False",
    "created": 1765549991.9300663
  },
  {
    "level": "INFO",
    "name": "src.controller.job_execution_controller",
    "message": "Restored queue state: auto_run=True, paused=False, 0 restored job(s)",
    "created": 1765549991.9330668
  },
  {
    "level": "INFO",
    "name": "src.services.queue_store_v2",
    "message": "QUEUE_STATE_SAVED | Persisted queue state",
    "created": 1765549991.9360662
  },
  {
    "level": "INFO",
    "name": "src.gui.state",
    "message": "State transition: IDLE -> RUNNING",
    "created": 1765549991.9401991
  },
  {
    "level": "INFO",
    "name": "src.controller.pipeline_controller",
    "message": "Submitted 1 jobs via V2 pipeline",
    "created": 1765549991.9431987
  },
  {
    "level": "INFO",
    "name": "src.services.queue_store_v2",
    "message": "Loaded queue state: 0 jobs, auto_run=True, paused=False",
    "created": 1765549991.9491992
  },
  {
    "level": "INFO",
    "name": "src.controller.job_execution_controller",
    "message": "Restored queue state: auto_run=True, paused=False, 0 restored job(s)",
    "created": 1765549991.9521987
  },
  {
    "level": "INFO",
    "name": "src.services.queue_store_v2",
    "message": "QUEUE_STATE_SAVED | Persisted queue state",
    "created": 1765549991.9563472
  },
  {
    "level": "INFO",
    "name": "src.gui.state",
    "message": "State transition: IDLE -> RUNNING",
    "created": 1765549991.9593463
  },
  {
    "level": "INFO",
    "name": "src.controller.pipeline_controller",
    "message": "Submitted 1 jobs via V2 pipeline",
    "created": 1765549991.9623926
  },
  {
    "level": "INFO",
    "name": "src.services.queue_store_v2",
    "message": "Loaded queue state: 0 jobs, auto_run=True, paused=False",
    "created": 1765549991.9676068
  },
  {
    "level": "INFO",
    "name": "src.controller.job_execution_controller",
    "message": "Restored queue state: auto_run=True, paused=False, 0 restored job(s)",
    "created": 1765549991.970607
  },
  {
    "level": "INFO",
    "name": "src.services.queue_store_v2",
    "message": "QUEUE_STATE_SAVED | Persisted queue state",
    "created": 1765549991.9746954
  },
  {
    "level": "INFO",
    "name": "src.services.queue_store_v2",
    "message": "Loaded queue state: 0 jobs, auto_run=True, paused=False",
    "created": 1765549991.981696
  },
  {
    "level": "INFO",
    "name": "src.controller.job_execution_controller",
    "message": "Restored queue state: auto_run=True, paused=False, 0 restored job(s)",
    "created": 1765549991.984696
  },
  {
    "level": "INFO",
    "name": "src.services.queue_store_v2",
    "message": "QUEUE_STATE_SAVED | Persisted queue state",
    "created": 1765549991.9886954
  },
  {
    "level": "INFO",
    "name": "src.gui.state",
    "message": "State transition: IDLE -> RUNNING",
    "created": 1765549991.9916956
  },
  {
    "level": "INFO",
    "name": "src.services.queue_store_v2",
    "message": "Loaded queue state: 0 jobs, auto_run=True, paused=False",
    "created": 1765549991.9966958
  },
  {
    "level": "INFO",
    "name": "src.controller.job_execution_controller",
    "message": "Restored queue state: auto_run=True, paused=False, 0 restored job(s)",
    "created": 1765549991.9996946
  },
  {
    "level": "INFO",
    "name": "src.services.queue_store_v2",
    "message": "QUEUE_STATE_SAVED | Persisted queue state",
    "created": 1765549992.003695
  },
  {
    "level": "INFO",
    "name": "src.gui.state",
    "message": "State transition: IDLE -> RUNNING",
    "created": 1765549992.0066948
  },
  {
    "level": "WARNING",
    "name": "src.gui.state",
    "message": "Invalid state transition: RUNNING -> RUNNING",
    "created": 1765549992.0096948
  },
  {
    "level": "WARNING",
    "name": "src.gui.state",
    "message": "Invalid state transition: RUNNING -> RUNNING",
    "created": 1765549992.0126946
  },
  {
    "level": "INFO",
    "name": "src.gui.state",
    "message": "State transition: RUNNING -> IDLE",
    "created": 1765549992.0150075
  },
  {
    "level": "INFO",
    "name": "src.services.queue_store_v2",
    "message": "Loaded queue state: 0 jobs, auto_run=True, paused=False",
    "created": 1765549992.0201128
  },
  {
    "level": "INFO",
    "name": "src.controller.job_execution_controller",
    "message": "Restored queue state: auto_run=True, paused=False, 0 restored job(s)",
    "created": 1765549992.0231116
  },
  {
    "level": "INFO",
    "name": "src.services.queue_store_v2",
    "message": "QUEUE_STATE_SAVED | Persisted queue state",
    "created": 1765549992.0271118
  },
  {
    "level": "WARNING",
    "name": "src.gui.state",
    "message": "Invalid state transition: IDLE -> STOPPING",
    "created": 1765549992.0301132
  },
  {
    "level": "INFO",
    "name": "src.services.queue_store_v2",
    "message": "Loaded queue state: 0 jobs, auto_run=True, paused=False",
    "created": 1765549992.0351124
  },
  {
    "level": "INFO",
    "name": "src.controller.job_execution_controller",
    "message": "Restored queue state: auto_run=True, paused=False, 0 restored job(s)",
    "created": 1765549992.0391116
  },
  {
    "level": "INFO",
    "name": "src.services.queue_store_v2",
    "message": "QUEUE_STATE_SAVED | Persisted queue state",
    "created": 1765549992.0431123
  },
  {
    "level": "INFO",
    "name": "src.gui.state",
    "message": "State transition: IDLE -> RUNNING",
    "created": 1765549992.0461123
  },
  {
    "level": "INFO",
    "name": "src.controller.pipeline_controller",
    "message": "Submitted 1 jobs via V2 pipeline",
    "created": 1765549992.0491116
  },
  {
    "level": "INFO",
    "name": "src.services.queue_store_v2",
    "message": "Loaded queue state: 0 jobs, auto_run=True, paused=False",
    "created": 1765549992.0541124
  },
  {
    "level": "INFO",
    "name": "src.controller.job_execution_controller",
    "message": "Restored queue state: auto_run=True, paused=False, 0 restored job(s)",
    "created": 1765549992.0571127
  },
  {
    "level": "INFO",
    "name": "src.services.queue_store_v2",
    "message": "QUEUE_STATE_SAVED | Persisted queue state",
    "created": 1765549992.0611122
  },
  {
    "level": "INFO",
    "name": "src.gui.state",
    "message": "State transition: IDLE -> RUNNING",
    "created": 1765549992.0635166
  },
  {
    "level": "INFO",
    "name": "src.controller.pipeline_controller",
    "message": "Submitted 1 jobs via V2 pipeline",
    "created": 1765549992.0665572
  },
  {
    "level": "INFO",
    "name": "src.services.queue_store_v2",
    "message": "Loaded queue state: 0 jobs, auto_run=True, paused=False",
    "created": 1765549992.0716162
  },
  {
    "level": "INFO",
    "name": "src.controller.job_execution_controller",
    "message": "Restored queue state: auto_run=True, paused=False, 0 restored job(s)",
    "created": 1765549992.074615
  },
  {
    "level": "INFO",
    "name": "src.services.queue_store_v2",
    "message": "QUEUE_STATE_SAVED | Persisted queue state",
    "created": 1765549992.0786786
  },
  {
    "level": "INFO",
    "name": "src.gui.state",
    "message": "State transition: IDLE -> RUNNING",
    "created": 1765549992.0826535
  },
  {
    "level": "INFO",
    "name": "src.controller.pipeline_controller",
    "message": "Submitted 1 jobs via V2 pipeline",
    "created": 1765549992.085667
  },
  {
    "level": "INFO",
    "name": "src.services.queue_store_v2",
    "message": "Loaded queue state: 0 jobs, auto_run=True, paused=False",
    "created": 1765549992.090831
  },
  {
    "level": "INFO",
    "name": "src.controller.job_execution_controller",
    "message": "Restored queue state: auto_run=True, paused=False, 0 restored job(s)",
    "created": 1765549992.0938218
  },
  {
    "level": "INFO",
    "name": "src.services.queue_store_v2",
    "message": "QUEUE_STATE_SAVED | Persisted queue state",
    "created": 1765549992.0968845
  },
  {
    "level": "INFO",
    "name": "src.gui.state",
    "message": "State transition: IDLE -> RUNNING",
    "created": 1765549992.0998871
  },
  {
    "level": "INFO",
    "name": "src.controller.pipeline_controller",
    "message": "Submitted 1 jobs via V2 pipeline",
    "created": 1765549992.103886
  },
  {
    "level": "INFO",
    "name": "src.services.queue_store_v2",
    "message": "Loaded queue state: 0 jobs, auto_run=True, paused=False",
    "created": 1765549992.1088986
  },
  {
    "level": "INFO",
    "name": "src.controller.job_execution_controller",
    "message": "Restored queue state: auto_run=True, paused=False, 0 restored job(s)",
    "created": 1765549992.1118853
  },
  {
    "level": "INFO",
    "name": "src.services.queue_store_v2",
    "message": "QUEUE_STATE_SAVED | Persisted queue state",
    "created": 1765549992.1158855
  },
  {
    "level": "INFO",
    "name": "src.gui.state",
    "message": "State transition: IDLE -> RUNNING",
    "created": 1765549992.1188846
  },
  {
    "level": "INFO",
    "name": "src.controller.pipeline_controller",
    "message": "Submitted 3 jobs via V2 pipeline",
    "created": 1765549992.1218843
  },
  {
    "level": "INFO",
    "name": "src.services.queue_store_v2",
    "message": "Loaded queue state: 0 jobs, auto_run=True, paused=False",
    "created": 1765549992.125885
  },
  {
    "level": "INFO",
    "name": "src.controller.job_execution_controller",
    "message": "Restored queue state: auto_run=True, paused=False, 0 restored job(s)",
    "created": 1765549992.1288846
  },
  {
    "level": "INFO",
    "name": "src.services.queue_store_v2",
    "message": "QUEUE_STATE_SAVED | Persisted queue state",
    "created": 1765549992.132885
  },
  {
    "level": "INFO",
    "name": "src.gui.state",
    "message": "State transition: IDLE -> RUNNING",
    "created": 1765549992.1358848
  },
  {
    "level": "INFO",
    "name": "src.controller.pipeline_controller",
    "message": "Submitted 2 jobs via V2 pipeline",
    "created": 1765549992.138885
  },
  {
    "level": "INFO",
    "name": "src.services.queue_store_v2",
    "message": "Loaded queue state: 0 jobs, auto_run=True, paused=False",
    "created": 1765549992.143885
  },
  {
    "level": "INFO",
    "name": "src.controller.job_execution_controller",
    "message": "Restored queue state: auto_run=True, paused=False, 0 restored job(s)",
    "created": 1765549992.146885
  },
  {
    "level": "INFO",
    "name": "src.services.queue_store_v2",
    "message": "QUEUE_STATE_SAVED | Persisted queue state",
    "created": 1765549992.1508868
  },
  {
    "level": "INFO",
    "name": "src.gui.state",
    "message": "State transition: IDLE -> RUNNING",
    "created": 1765549992.1618855
  },
  {
    "level": "INFO",
    "name": "src.controller.pipeline_controller",
    "message": "Submitted 1 jobs via V2 pipeline",
    "created": 1765549992.1668854
  },
  {
    "level": "INFO",
    "name": "src.services.queue_store_v2",
    "message": "Loaded queue state: 0 jobs, auto_run=True, paused=False",
    "created": 1765549992.1748445
  },
  {
    "level": "INFO",
    "name": "src.controller.job_execution_controller",
    "message": "Restored queue state: auto_run=True, paused=False, 0 restored job(s)",
    "created": 1765549992.1809187
  },
  {
    "level": "INFO",
    "name": "src.services.queue_store_v2",
    "message": "QUEUE_STATE_SAVED | Persisted queue state",
    "created": 1765549992.187002
  },
  {
    "level": "INFO",
    "name": "src.gui.state",
    "message": "State transition: IDLE -> RUNNING",
    "created": 1765549992.193066
  },
  {
    "level": "INFO",
    "name": "src.controller.pipeline_controller",
    "message": "Submitted 2 jobs via V2 pipeline",
    "created": 1765549992.1980643
  },
  {
    "level": "INFO",
    "name": "src.services.queue_store_v2",
    "message": "Loaded queue state: 0 jobs, auto_run=True, paused=False",
    "created": 1765549992.2060716
  },
  {
    "level": "INFO",
    "name": "src.controller.job_execution_controller",
    "message": "Restored queue state: auto_run=True, paused=False, 0 restored job(s)",
    "created": 1765549992.2090638
  },
  {
    "level": "INFO",
    "name": "src.services.queue_store_v2",
    "message": "QUEUE_STATE_SAVED | Persisted queue state",
    "created": 1765549992.2130637
  },
  {
    "level": "INFO",
    "name": "src.services.queue_store_v2",
    "message": "Loaded queue state: 0 jobs, auto_run=True, paused=False",
    "created": 1765549992.2170637
  },
  {
    "level": "INFO",
    "name": "src.controller.job_execution_controller",
    "message": "Restored queue state: auto_run=True, paused=False, 0 restored job(s)",
    "created": 1765549992.2200634
  },
  {
    "level": "INFO",
    "name": "src.services.queue_store_v2",
    "message": "QUEUE_STATE_SAVED | Persisted queue state",
    "created": 1765549992.224064
  },
  {
    "level": "INFO",
    "name": "src.gui.state",
    "message": "State transition: IDLE -> ERROR",
    "created": 1765549992.2270641
  },
  {
    "level": "INFO",
    "name": "src.services.queue_store_v2",
    "message": "Loaded queue state: 0 jobs, auto_run=True, paused=False",
    "created": 1765549992.2320638
  },
  {
    "level": "INFO",
    "name": "src.controller.job_execution_controller",
    "message": "Restored queue state: auto_run=True, paused=False, 0 restored job(s)",
    "created": 1765549992.2350638
  },
  {
    "level": "INFO",
    "name": "src.services.queue_store_v2",
    "message": "QUEUE_STATE_SAVED | Persisted queue state",
    "created": 1765549992.2390647
  },
  {
    "level": "INFO",
    "name": "src.gui.state",
    "message": "State transition: IDLE -> RUNNING",
    "created": 1765549992.2420635
  },
  {
    "level": "WARNING",
    "name": "src.controller.pipeline_controller",
    "message": "PR-CORE1-B2: Job submitted without normalized_record in NJR-only mode. Job ID: job-1, Source: gui",
    "created": 1765549992.2490642
  },
  {
    "level": "INFO",
    "name": "src.services.queue_store_v2",
    "message": "Loaded queue state: 0 jobs, auto_run=True, paused=False",
    "created": 1765549992.2555764
  },
  {
    "level": "INFO",
    "name": "src.controller.job_execution_controller",
    "message": "Restored queue state: auto_run=True, paused=False, 0 restored job(s)",
    "created": 1765549992.258574
  },
  {
    "level": "INFO",
    "name": "src.services.queue_store_v2",
    "message": "QUEUE_STATE_SAVED | Persisted queue state",
    "created": 1765549992.2615736
  },
  {
    "level": "INFO",
    "name": "src.services.queue_store_v2",
    "message": "Loaded queue state: 0 jobs, auto_run=True, paused=False",
    "created": 1765549992.2725754
  },
  {
    "level": "INFO",
    "name": "src.controller.app_controller",
    "message": "Restored queue state: auto_run=True, paused=False, 0 jobs (jobs not restored in V1 queue)",
    "created": 1765549992.2755682
  },
  {
    "level": "INFO",
    "name": "src.services.queue_store_v2",
    "message": "Loaded queue state: 0 jobs, auto_run=True, paused=False",
    "created": 1765549992.2805684
  },
  {
    "level": "INFO",
    "name": "src.controller.job_execution_controller",
    "message": "Restored queue state: auto_run=True, paused=False, 0 restored job(s)",
    "created": 1765549992.282928
  },
  {
    "level": "INFO",
    "name": "src.services.queue_store_v2",
    "message": "QUEUE_STATE_SAVED | Persisted queue state",
    "created": 1765549992.2852097
  },
  {
    "level": "INFO",
    "name": "src.services.queue_store_v2",
    "message": "Loaded queue state: 0 jobs, auto_run=True, paused=False",
    "created": 1765549992.2981045
  },
  {
    "level": "INFO",
    "name": "src.controller.app_controller",
    "message": "Restored queue state: auto_run=True, paused=False, 0 jobs (jobs not restored in V1 queue)",
    "created": 1765549992.3021832
  },
  {
    "level": "INFO",
    "name": "src.services.queue_store_v2",
    "message": "Loaded queue state: 0 jobs, auto_run=True, paused=False",
    "created": 1765549992.3061826
  },
  {
    "level": "INFO",
    "name": "src.controller.job_execution_controller",
    "message": "Restored queue state: auto_run=True, paused=False, 0 restored job(s)",
    "created": 1765549992.3101857
  },
  {
    "level": "INFO",
    "name": "src.services.queue_store_v2",
    "message": "QUEUE_STATE_SAVED | Persisted queue state",
    "created": 1765549992.3143713
  },
  {
    "level": "INFO",
    "name": "src.services.queue_store_v2",
    "message": "Loaded queue state: 0 jobs, auto_run=True, paused=False",
    "created": 1765549992.324383
  },
  {
    "level": "INFO",
    "name": "src.controller.app_controller",
    "message": "Restored queue state: auto_run=True, paused=False, 0 jobs (jobs not restored in V1 queue)",
    "created": 1765549992.3273718
  },
  {
    "level": "INFO",
    "name": "src.controller.pipeline_controller",
    "message": "Replayed job replay-job with 1 queued job(s)",
    "created": 1765549992.3394678
  },
  {
    "level": "INFO",
    "name": "src.services.queue_store_v2",
    "message": "Loaded queue state: 0 jobs, auto_run=True, paused=False",
    "created": 1765549992.3445911
  },
  {
    "level": "INFO",
    "name": "src.controller.job_execution_controller",
    "message": "Restored queue state: auto_run=True, paused=False, 0 restored job(s)",
    "created": 1765549992.347591
  },
  {
    "level": "INFO",
    "name": "src.services.queue_store_v2",
    "message": "QUEUE_STATE_SAVED | Persisted queue state",
    "created": 1765549992.3516502
  },
  {
    "level": "INFO",
    "name": "src.services.queue_store_v2",
    "message": "Loaded queue state: 0 jobs, auto_run=True, paused=False",
    "created": 1765549992.362714
  },
  {
    "level": "INFO",
    "name": "src.controller.app_controller",
    "message": "Restored queue state: auto_run=True, paused=False, 0 jobs (jobs not restored in V1 queue)",
    "created": 1765549992.3657138
  },
  {
    "level": "INFO",
    "name": "src.services.queue_store_v2",
    "message": "Loaded queue state: 0 jobs, auto_run=True, paused=False",
    "created": 1765549992.369714
  },
  {
    "level": "INFO",
    "name": "src.controller.job_execution_controller",
    "message": "Restored queue state: auto_run=True, paused=False, 0 restored job(s)",
    "created": 1765549992.3737137
  },
  {
    "level": "INFO",
    "name": "src.services.queue_store_v2",
    "message": "QUEUE_STATE_SAVED | Persisted queue state",
    "created": 1765549992.3767142
  },
  {
    "level": "INFO",
    "name": "src.services.queue_store_v2",
    "message": "Loaded queue state: 0 jobs, auto_run=True, paused=False",
    "created": 1765549992.3877215
  },
  {
    "level": "INFO",
    "name": "src.controller.app_controller",
    "message": "Restored queue state: auto_run=True, paused=False, 0 jobs (jobs not restored in V1 queue)",
    "created": 1765549992.3917146
  },
  {
    "level": "INFO",
    "name": "src.services.queue_store_v2",
    "message": "Loaded queue state: 0 jobs, auto_run=True, paused=False",
    "created": 1765549992.3967142
  },
  {
    "level": "INFO",
    "name": "src.controller.job_execution_controller",
    "message": "Restored queue state: auto_run=True, paused=False, 0 restored job(s)",
    "created": 1765549992.3997138
  },
  {
    "level": "INFO",
    "name": "src.services.queue_store_v2",
    "message": "QUEUE_STATE_SAVED | Persisted queue state",
    "created": 1765549992.403714
  },
  {
    "level": "INFO",
    "name": "src.services.queue_store_v2",
    "message": "Loaded queue state: 0 jobs, auto_run=True, paused=False",
    "created": 1765549992.4097152
  },
  {
    "level": "INFO",
    "name": "src.controller.job_execution_controller",
    "message": "Restored queue state: auto_run=True, paused=False, 0 restored job(s)",
    "created": 1765549992.4137146
  },
  {
    "level": "INFO",
    "name": "src.services.queue_store_v2",
    "message": "QUEUE_STATE_SAVED | Persisted queue state",
    "created": 1765549992.4177136
  },
  {
    "level": "INFO",
    "name": "src.services.queue_store_v2",
    "message": "Loaded queue state: 0 jobs, auto_run=True, paused=False",
    "created": 1765549992.4325166
  },
  {
    "level": "INFO",
    "name": "src.controller.job_execution_controller",
    "message": "Restored queue state: auto_run=True, paused=False, 0 restored job(s)",
    "created": 1765549992.4355748
  },
  {
    "level": "INFO",
    "name": "src.services.queue_store_v2",
    "message": "QUEUE_STATE_SAVED | Persisted queue state",
    "created": 1765549992.440576
  },
  {
    "level": "INFO",
    "name": "root",
    "message": "Using model profile preset best (source=internet_prior) for TestModel + ['TestLora'].",
    "created": 1765549992.4455771
  },
  {
    "level": "INFO",
    "name": "src.services.queue_store_v2",
    "message": "Loaded queue state: 0 jobs, auto_run=True, paused=False",
    "created": 1765549992.4505823
  },
  {
    "level": "INFO",
    "name": "src.controller.job_execution_controller",
    "message": "Restored queue state: auto_run=True, paused=False, 0 restored job(s)",
    "created": 1765549992.4537628
  },
  {
    "level": "INFO",
    "name": "src.services.queue_store_v2",
    "message": "QUEUE_STATE_SAVED | Persisted queue state",
    "created": 1765549992.4577641
  },
  {
    "level": "INFO",
    "name": "root",
    "message": "Using model profile preset best (source=internet_prior) for TestModel + ['TestLora'].",
    "created": 1765549992.4617631
  },
  {
    "level": "INFO",
    "name": "src.services.queue_store_v2",
    "message": "Loaded queue state: 0 jobs, auto_run=True, paused=False",
    "created": 1765549992.4677725
  },
  {
    "level": "INFO",
    "name": "src.controller.job_execution_controller",
    "message": "Restored queue state: auto_run=True, paused=False, 0 restored job(s)",
    "created": 1765549992.4707632
  },
  {
    "level": "INFO",
    "name": "src.services.queue_store_v2",
    "message": "QUEUE_STATE_SAVED | Persisted queue state",
    "created": 1765549992.4747639
  },
  {
    "level": "INFO",
    "name": "src.services.queue_store_v2",
    "message": "Loaded queue state: 0 jobs, auto_run=True, paused=False",
    "created": 1765549992.4817626
  },
  {
    "level": "INFO",
    "name": "src.controller.job_execution_controller",
    "message": "Restored queue state: auto_run=True, paused=False, 0 restored job(s)",
    "created": 1765549992.4857626
  },
  {
    "level": "INFO",
    "name": "src.services.queue_store_v2",
    "message": "QUEUE_STATE_SAVED | Persisted queue state",
    "created": 1765549992.489763
  },
  {
    "level": "INFO",
    "name": "src.services.queue_store_v2",
    "message": "Loaded queue state: 0 jobs, auto_run=True, paused=False",
    "created": 1765549992.4967625
  },
  {
    "level": "INFO",
    "name": "src.controller.job_execution_controller",
    "message": "Restored queue state: auto_run=True, paused=False, 0 restored job(s)",
    "created": 1765549992.4997635
  },
  {
    "level": "INFO",
    "name": "src.services.queue_store_v2",
    "message": "QUEUE_STATE_SAVED | Persisted queue state",
    "created": 1765549992.5047626
  },
  {
    "level": "INFO",
    "name": "src.services.queue_store_v2",
    "message": "Loaded queue state: 0 jobs, auto_run=True, paused=False",
    "created": 1765549992.5109925
  },
  {
    "level": "INFO",
    "name": "src.controller.job_execution_controller",
    "message": "Restored queue state: auto_run=True, paused=False, 0 restored job(s)",
    "created": 1765549992.5144484
  },
  {
    "level": "INFO",
    "name": "src.services.queue_store_v2",
    "message": "QUEUE_STATE_SAVED | Persisted queue state",
    "created": 1765549992.5184474
  },
  {
    "level": "INFO",
    "name": "src.controller.job_service",
    "message": "Queuing job job-1 for background execution | {\"job_id\": \"job-1\", \"subsystem\": \"job_service\"}",
    "created": 1765549992.5395844,
    "payload": {
      "message": "Queuing job job-1 for background execution",
      "job_id": "job-1",
      "subsystem": "job_service"
    }
  },
  {
    "level": "INFO",
    "name": "src.controller.job_service",
    "message": "Queue worker starting | {\"job_id\": \"job-1\", \"runner\": \"StubRunner\", \"subsystem\": \"job_service\"}",
    "created": 1765549992.5435846,
    "payload": {
      "message": "Queue worker starting",
      "job_id": "job-1",
      "subsystem": "job_service",
      "runner": "StubRunner"
    }
  },
  {
    "level": "INFO",
    "name": "src.controller.job_service",
    "message": "Queuing job job-2 for background execution | {\"job_id\": \"job-2\", \"subsystem\": \"job_service\"}",
    "created": 1765549992.5465846,
    "payload": {
      "message": "Queuing job job-2 for background execution",
      "job_id": "job-2",
      "subsystem": "job_service"
    }
  },
  {
    "level": "INFO",
    "name": "src.controller.job_service",
    "message": "Queuing job job-fail for background execution | {\"job_id\": \"job-fail\", \"subsystem\": \"job_service\"}",
    "created": 1765549992.5508857,
    "payload": {
      "message": "Queuing job job-fail for background execution",
      "job_id": "job-fail",
      "subsystem": "job_service"
    }
  },
  {
    "level": "INFO",
    "name": "src.controller.job_service",
    "message": "Queue worker starting | {\"job_id\": \"job-fail\", \"runner\": \"FailingRunner\", \"subsystem\": \"job_service\"}",
    "created": 1765549992.5548847,
    "payload": {
      "message": "Queue worker starting",
      "job_id": "job-fail",
      "subsystem": "job_service",
      "runner": "FailingRunner"
    }
  },
  {
    "level": "ERROR",
    "name": "src.controller.job_service",
    "message": "Queue worker failed to start | {\"error\": \"worker start failed\", \"runner\": \"FailingRunner\", \"subsystem\": \"job_service\"}",
    "created": 1765549992.5578845,
    "payload": {
      "message": "Queue worker failed to start",
      "subsystem": "job_service",
      "runner": "FailingRunner",
      "error": "worker start failed"
    }
  },
  {
    "level": "INFO",
    "name": "src.services.queue_store_v2",
    "message": "Loaded queue state: 0 jobs, auto_run=True, paused=False",
    "created": 1765549992.562975
  },
  {
    "level": "INFO",
    "name": "src.controller.job_execution_controller",
    "message": "Restored queue state: auto_run=True, paused=False, 0 restored job(s)",
    "created": 1765549992.5669632
  },
  {
    "level": "INFO",
    "name": "src.services.queue_store_v2",
    "message": "QUEUE_STATE_SAVED | Persisted queue state",
    "created": 1765549992.569398
  },
  {
    "level": "INFO",
    "name": "src.services.queue_store_v2",
    "message": "Loaded queue state: 0 jobs, auto_run=True, paused=False",
    "created": 1765549992.5820444
  },
  {
    "level": "INFO",
    "name": "src.controller.app_controller",
    "message": "Restored queue state: auto_run=True, paused=False, 0 jobs (jobs not restored in V1 queue)",
    "created": 1765549992.5850387
  },
  {
    "level": "INFO",
    "name": "src.controller.app_controller",
    "message": "Resource update: 0 models, 0 vaes, 0 samplers, 0 schedulers, 0 upscalers",
    "created": 1765549992.589039
  },
  {
    "level": "INFO",
    "name": "shutdown_inspector_threads",
    "message": "=== Shutdown inspector (thread-check) ===",
    "created": 1765549992.5940382
  },
  {
    "level": "INFO",
    "name": "shutdown_inspector_threads",
    "message": "Thread: name=MainThread daemon=False alive=True ident=28668",
    "created": 1765549992.5980394
  },
  {
    "level": "INFO",
    "name": "shutdown_inspector_threads",
    "message": "Thread: name=Thread-5 (_shutdown_watchdog) daemon=True alive=True ident=32148",
    "created": 1765549992.6010392
  },
  {
    "level": "INFO",
    "name": "shutdown_inspector_threads",
    "message": "Thread: name=Thread-6 (_shutdown_watchdog) daemon=True alive=True ident=27616",
    "created": 1765549992.6050394
  },
  {
    "level": "INFO",
    "name": "shutdown_inspector_threads",
    "message": "Thread: name=Thread-7 (_shutdown_watchdog) daemon=True alive=True ident=27244",
    "created": 1765549992.6080391
  },
  {
    "level": "INFO",
    "name": "shutdown_inspector_threads",
    "message": "Thread: name=Thread-9 (_worker_loop) daemon=True alive=True ident=6720",
    "created": 1765549992.6110382
  },
  {
    "level": "INFO",
    "name": "shutdown_inspector_threads",
    "message": "Thread: name=Thread-10 (_worker_loop) daemon=True alive=True ident=14316",
    "created": 1765549992.6150382
  },
  {
    "level": "INFO",
    "name": "shutdown_inspector_threads",
    "message": "Thread: name=Thread-11 (_worker_loop) daemon=True alive=True ident=32256",
    "created": 1765549992.6180377
  },
  {
    "level": "INFO",
    "name": "shutdown_inspector_threads",
    "message": "Thread: name=Thread-12 (_shutdown_watchdog) daemon=True alive=True ident=28176",
    "created": 1765549992.6210382
  },
  {
    "level": "INFO",
    "name": "shutdown_inspector_threads",
    "message": "Thread: name=Thread-13 (_shutdown_watchdog) daemon=True alive=True ident=19212",
    "created": 1765549992.6240382
  },
  {
    "level": "INFO",
    "name": "shutdown_inspector_threads",
    "message": "Thread: name=Thread-14 (_shutdown_watchdog) daemon=True alive=True ident=31972",
    "created": 1765549992.6280768
  },
  {
    "level": "INFO",
    "name": "shutdown_inspector_threads",
    "message": "Thread: name=Thread-15 (_shutdown_watchdog) daemon=True alive=True ident=14464",
    "created": 1765549992.6310766
  },
  {
    "level": "INFO",
    "name": "shutdown_inspector_threads",
    "message": "Shutdown inspector: no child processes attached.",
    "created": 1765549992.6397789
  },
  {
    "level": "INFO",
    "name": "shutdown_inspector_children",
    "message": "=== Shutdown inspector (child-check) ===",
    "created": 1765549992.6448162
  },
  {
    "level": "INFO",
    "name": "shutdown_inspector_children",
    "message": "Thread: name=MainThread daemon=False alive=True ident=28668",
    "created": 1765549992.6488733
  },
  {
    "level": "INFO",
    "name": "shutdown_inspector_children",
    "message": "Thread: name=Thread-5 (_shutdown_watchdog) daemon=True alive=True ident=32148",
    "created": 1765549992.652447
  },
  {
    "level": "INFO",
    "name": "shutdown_inspector_children",
    "message": "Thread: name=Thread-6 (_shutdown_watchdog) daemon=True alive=True ident=27616",
    "created": 1765549992.6554503
  },
  {
    "level": "INFO",
    "name": "shutdown_inspector_children",
    "message": "Thread: name=Thread-7 (_shutdown_watchdog) daemon=True alive=True ident=27244",
    "created": 1765549992.6590297
  },
  {
    "level": "INFO",
    "name": "shutdown_inspector_children",
    "message": "Thread: name=Thread-9 (_worker_loop) daemon=True alive=True ident=6720",
    "created": 1765549992.6630287
  },
  {
    "level": "INFO",
    "name": "shutdown_inspector_children",
    "message": "Thread: name=Thread-10 (_worker_loop) daemon=True alive=True ident=14316",
    "created": 1765549992.6660287
  },
  {
    "level": "INFO",
    "name": "shutdown_inspector_children",
    "message": "Thread: name=Thread-11 (_worker_loop) daemon=True alive=True ident=32256",
    "created": 1765549992.6700287
  },
  {
    "level": "INFO",
    "name": "shutdown_inspector_children",
    "message": "Thread: name=Thread-12 (_shutdown_watchdog) daemon=True alive=True ident=28176",
    "created": 1765549992.6730292
  },
  {
    "level": "INFO",
    "name": "shutdown_inspector_children",
    "message": "Thread: name=Thread-13 (_shutdown_watchdog) daemon=True alive=True ident=19212",
    "created": 1765549992.6772213
  },
  {
    "level": "INFO",
    "name": "shutdown_inspector_children",
    "message": "Thread: name=Thread-14 (_shutdown_watchdog) daemon=True alive=True ident=31972",
    "created": 1765549992.681222
  },
  {
    "level": "INFO",
    "name": "shutdown_inspector_children",
    "message": "Thread: name=Thread-15 (_shutdown_watchdog) daemon=True alive=True ident=14464",
    "created": 1765549992.6842666
  },
  {
    "level": "INFO",
    "name": "shutdown_inspector_children",
    "message": "Shutdown inspector: no child processes attached.",
    "created": 1765549992.6882663
  },
  {
    "level": "INFO",
    "name": "src.services.queue_store_v2",
    "message": "Loaded queue state: 0 jobs, auto_run=True, paused=False",
    "created": 1765549992.6933208
  },
  {
    "level": "INFO",
    "name": "src.controller.job_execution_controller",
    "message": "Restored queue state: auto_run=True, paused=False, 0 restored job(s)",
    "created": 1765549992.6964183
  },
  {
    "level": "INFO",
    "name": "src.services.queue_store_v2",
    "message": "QUEUE_STATE_SAVED | Persisted queue state",
    "created": 1765549992.7014964
  },
  {
    "level": "INFO",
    "name": "src.controller.webui_connection_controller",
    "message": "WebUI models/options are ready at http://x",
    "created": 1765549992.7058067
  },
  {
    "level": "INFO",
    "name": "src.controller.webui_connection_controller",
    "message": "WebUI models/options are ready at http://x",
    "created": 1765549992.7098067
  },
  {
    "level": "INFO",
    "name": "src.controller.webui_connection_controller",
    "message": "Trying to auto-detect WebUI on other ports...",
    "created": 1765549992.7148068
  },
  {
    "level": "INFO",
    "name": "src.api.healthcheck",
    "message": "Checking for WebUI API on port 7860 | {\"endpoint\": \"/sdapi/v1/progress\", \"port\": 7860, \"subsystem\": \"api\"}",
    "created": 1765549993.0772183,
    "payload": {
      "message": "Checking for WebUI API on port 7860",
      "subsystem": "api",
      "port": 7860,
      "endpoint": "/sdapi/v1/progress"
    }
  },
  {
    "level": "INFO",
    "name": "src.api.healthcheck",
    "message": "Probing WebUI readiness at models/options endpoints | {\"models_endpoint\": \"/sdapi/v1/sd-models\", \"options_endpoint\": \"/sdapi/v1/options\", \"subsystem\": \"api\"}",
    "created": 1765550000.219196,
    "payload": {
      "message": "Probing WebUI readiness at models/options endpoints",
      "subsystem": "api",
      "models_endpoint": "/sdapi/v1/sd-models",
      "options_endpoint": "/sdapi/v1/options"
    }
  },
  {
    "level": "WARNING",
    "name": "src.api.healthcheck",
    "message": "WebUI did not become ready within allotted time | {\"subsystem\": \"api\"}",
    "created": 1765550006.7660596,
    "payload": {
      "message": "WebUI did not become ready within allotted time",
      "subsystem": "api"
    }
  },
  {
    "level": "INFO",
    "name": "src.api.healthcheck",
    "message": "Checking for WebUI API on port 7861 | {\"endpoint\": \"/sdapi/v1/progress\", \"port\": 7861, \"subsystem\": \"api\"}",
    "created": 1765550013.3658524,
    "payload": {
      "message": "Checking for WebUI API on port 7861",
      "subsystem": "api",
      "port": 7861,
      "endpoint": "/sdapi/v1/progress"
    }
  },
  {
    "level": "INFO",
    "name": "src.api.healthcheck",
    "message": "Probing WebUI readiness at models/options endpoints | {\"models_endpoint\": \"/sdapi/v1/sd-models\", \"options_endpoint\": \"/sdapi/v1/options\", \"subsystem\": \"api\"}",
    "created": 1765550019.202917,
    "payload": {
      "message": "Probing WebUI readiness at models/options endpoints",
      "subsystem": "api",
      "models_endpoint": "/sdapi/v1/sd-models",
      "options_endpoint": "/sdapi/v1/options"
    }
  },
  {
    "level": "WARNING",
    "name": "src.api.healthcheck",
    "message": "WebUI did not become ready within allotted time | {\"subsystem\": \"api\"}",
    "created": 1765550025.5267315,
    "payload": {
      "message": "WebUI did not become ready within allotted time",
      "subsystem": "api"
    }
  },
  {
    "level": "INFO",
    "name": "src.api.healthcheck",
    "message": "Checking for WebUI API on port 7862 | {\"endpoint\": \"/sdapi/v1/progress\", \"port\": 7862, \"subsystem\": \"api\"}",
    "created": 1765550032.3783987,
    "payload": {
      "message": "Checking for WebUI API on port 7862",
      "subsystem": "api",
      "port": 7862,
      "endpoint": "/sdapi/v1/progress"
    }
  },
  {
    "level": "INFO",
    "name": "src.api.healthcheck",
    "message": "Probing WebUI readiness at models/options endpoints | {\"models_endpoint\": \"/sdapi/v1/sd-models\", \"options_endpoint\": \"/sdapi/v1/options\", \"subsystem\": \"api\"}",
    "created": 1765550039.5733619,
    "payload": {
      "message": "Probing WebUI readiness at models/options endpoints",
      "subsystem": "api",
      "models_endpoint": "/sdapi/v1/sd-models",
      "options_endpoint": "/sdapi/v1/options"
    }
  },
  {
    "level": "WARNING",
    "name": "src.api.healthcheck",
    "message": "WebUI did not become ready within allotted time | {\"subsystem\": \"api\"}",
    "created": 1765550045.5698538,
    "payload": {
      "message": "WebUI did not become ready within allotted time",
      "subsystem": "api"
    }
  },
  {
    "level": "INFO",
    "name": "src.api.healthcheck",
    "message": "Checking for WebUI API on port 7863 | {\"endpoint\": \"/sdapi/v1/progress\", \"port\": 7863, \"subsystem\": \"api\"}",
    "created": 1765550051.4651973,
    "payload": {
      "message": "Checking for WebUI API on port 7863",
      "subsystem": "api",
      "port": 7863,
      "endpoint": "/sdapi/v1/progress"
    }
  },
  {
    "level": "INFO",
    "name": "src.api.healthcheck",
    "message": "Probing WebUI readiness at models/options endpoints | {\"models_endpoint\": \"/sdapi/v1/sd-models\", \"options_endpoint\": \"/sdapi/v1/options\", \"subsystem\": \"api\"}",
    "created": 1765550056.6905754,
    "payload": {
      "message": "Probing WebUI readiness at models/options endpoints",
      "subsystem": "api",
      "models_endpoint": "/sdapi/v1/sd-models",
      "options_endpoint": "/sdapi/v1/options"
    }
  },
  {
    "level": "WARNING",
    "name": "src.api.healthcheck",
    "message": "WebUI did not become ready within allotted time | {\"subsystem\": \"api\"}",
    "created": 1765550079.1485395,
    "payload": {
      "message": "WebUI did not become ready within allotted time",
      "subsystem": "api"
    }
  },
  {
    "level": "INFO",
    "name": "src.api.healthcheck",
    "message": "Checking for WebUI API on port 7864 | {\"endpoint\": \"/sdapi/v1/progress\", \"port\": 7864, \"subsystem\": \"api\"}",
    "created": 1765550122.6105316,
    "payload": {
      "message": "Checking for WebUI API on port 7864",
      "subsystem": "api",
      "port": 7864,
      "endpoint": "/sdapi/v1/progress"
    }
  },
  {
    "level": "INFO",
    "name": "src.api.healthcheck",
    "message": "Probing WebUI readiness at models/options endpoints | {\"models_endpoint\": \"/sdapi/v1/sd-models\", \"options_endpoint\": \"/sdapi/v1/options\", \"subsystem\": \"api\"}",
    "created": 1765550132.73579,
    "payload": {
      "message": "Probing WebUI readiness at models/options endpoints",
      "subsystem": "api",
      "models_endpoint": "/sdapi/v1/sd-models",
      "options_endpoint": "/sdapi/v1/options"
    }
  },
  {
    "level": "WARNING",
    "name": "src.api.healthcheck",
    "message": "WebUI did not become ready within allotted time | {\"subsystem\": \"api\"}",
    "created": 1765550139.3218427,
    "payload": {
      "message": "WebUI did not become ready within allotted time",
      "subsystem": "api"
    }
  },
  {
    "level": "INFO",
    "name": "src.api.healthcheck",
    "message": "Checking for WebUI API on port 8000 | {\"endpoint\": \"/sdapi/v1/progress\", \"port\": 8000, \"subsystem\": \"api\"}",
    "created": 1765550145.9851055,
    "payload": {
      "message": "Checking for WebUI API on port 8000",
      "subsystem": "api",
      "port": 8000,
      "endpoint": "/sdapi/v1/progress"
    }
  },
  {
    "level": "INFO",
    "name": "src.api.healthcheck",
    "message": "Probing WebUI readiness at models/options endpoints | {\"models_endpoint\": \"/sdapi/v1/sd-models\", \"options_endpoint\": \"/sdapi/v1/options\", \"subsystem\": \"api\"}",
    "created": 1765550152.0806296,
    "payload": {
      "message": "Probing WebUI readiness at models/options endpoints",
      "subsystem": "api",
      "models_endpoint": "/sdapi/v1/sd-models",
      "options_endpoint": "/sdapi/v1/options"
    }
  },
  {
    "level": "WARNING",
    "name": "src.api.healthcheck",
    "message": "WebUI did not become ready within allotted time | {\"subsystem\": \"api\"}",
    "created": 1765550158.4211078,
    "payload": {
      "message": "WebUI did not become ready within allotted time",
      "subsystem": "api"
    }
  },
  {
    "level": "INFO",
    "name": "src.api.healthcheck",
    "message": "Checking for WebUI API on port 8080 | {\"endpoint\": \"/sdapi/v1/progress\", \"port\": 8080, \"subsystem\": \"api\"}",
    "created": 1765550164.7998083,
    "payload": {
      "message": "Checking for WebUI API on port 8080",
      "subsystem": "api",
      "port": 8080,
      "endpoint": "/sdapi/v1/progress"
    }
  },
  {
    "level": "INFO",
    "name": "src.api.healthcheck",
    "message": "Probing WebUI readiness at models/options endpoints | {\"models_endpoint\": \"/sdapi/v1/sd-models\", \"options_endpoint\": \"/sdapi/v1/options\", \"subsystem\": \"api\"}",
    "created": 1765550171.7673748,
    "payload": {
      "message": "Probing WebUI readiness at models/options endpoints",
      "subsystem": "api",
      "models_endpoint": "/sdapi/v1/sd-models",
      "options_endpoint": "/sdapi/v1/options"
    }
  },
  {
    "level": "WARNING",
    "name": "src.api.healthcheck",
    "message": "WebUI did not become ready within allotted time | {\"subsystem\": \"api\"}",
    "created": 1765550178.605113,
    "payload": {
      "message": "WebUI did not become ready within allotted time",
      "subsystem": "api"
    }
  },
  {
    "level": "INFO",
    "name": "src.api.healthcheck",
    "message": "Checking for WebUI API on port 5000 | {\"endpoint\": \"/sdapi/v1/progress\", \"port\": 5000, \"subsystem\": \"api\"}",
    "created": 1765550184.5324032,
    "payload": {
      "message": "Checking for WebUI API on port 5000",
      "subsystem": "api",
      "port": 5000,
      "endpoint": "/sdapi/v1/progress"
    }
  },
  {
    "level": "INFO",
    "name": "src.api.healthcheck",
    "message": "Probing WebUI readiness at models/options endpoints | {\"models_endpoint\": \"/sdapi/v1/sd-models\", \"options_endpoint\": \"/sdapi/v1/options\", \"subsystem\": \"api\"}",
    "created": 1765550191.4236386,
    "payload": {
      "message": "Probing WebUI readiness at models/options endpoints",
      "subsystem": "api",
      "models_endpoint": "/sdapi/v1/sd-models",
      "options_endpoint": "/sdapi/v1/options"
    }
  },
  {
    "level": "WARNING",
    "name": "src.api.healthcheck",
    "message": "WebUI did not become ready within allotted time | {\"subsystem\": \"api\"}",
    "created": 1765550197.89607,
    "payload": {
      "message": "WebUI did not become ready within allotted time",
      "subsystem": "api"
    }
  },
  {
    "level": "INFO",
    "name": "src.controller.webui_connection_controller",
    "message": "WebUI models/options are ready at http://test",
    "created": 1765550205.5805502
  },
  {
    "level": "INFO",
    "name": "src.utils.diagnostics_bundle_v2",
    "message": "Crash bundle saved to reports\\diagnostics\\stablenew_diagnostics_20251212_143645_uncaught_exception.zip",
    "created": 1765550206.247592
  },
  {
    "level": "INFO",
    "name": "src.utils.diagnostics_bundle_v2",
    "message": "Crash bundle saved to reports\\diagnostics\\stablenew_diagnostics_20251212_143646_uncaught_exception.zip",
    "created": 1765550206.4178603
  },
  {
    "level": "INFO",
    "name": "src.utils.diagnostics_bundle_v2",
    "message": "Crash bundle saved to reports\\diagnostics\\stablenew_diagnostics_20251212_143646_uncaught_exception.zip",
    "created": 1765550206.5689652
  },
  {
    "level": "INFO",
    "name": "src.utils.diagnostics_bundle_v2",
    "message": "Crash bundle saved to reports\\diagnostics\\stablenew_diagnostics_20251212_143646_uncaught_exception.zip",
    "created": 1765550206.7235122
  },
  {
    "level": "INFO",
    "name": "src.utils.diagnostics_bundle_v2",
    "message": "Crash bundle saved to reports\\diagnostics\\stablenew_diagnostics_20251212_143646_uncaught_exception.zip",
    "created": 1765550206.8766615
  },
  {
    "level": "INFO",
    "name": "src.utils.diagnostics_bundle_v2",
    "message": "Crash bundle saved to reports\\diagnostics\\stablenew_diagnostics_20251212_143646_uncaught_exception.zip",
    "created": 1765550207.0345495
  },
  {
    "level": "INFO",
    "name": "src.utils.diagnostics_bundle_v2",
    "message": "Crash bundle saved to reports\\diagnostics\\stablenew_diagnostics_20251212_143647_uncaught_exception.zip",
    "created": 1765550207.1953325
  },
  {
    "level": "INFO",
    "name": "src.utils.diagnostics_bundle_v2",
    "message": "Crash bundle saved to reports\\diagnostics\\stablenew_diagnostics_20251212_143647_uncaught_exception.zip",
    "created": 1765550207.374911
  },
  {
    "level": "INFO",
    "name": "src.utils.diagnostics_bundle_v2",
    "message": "Crash bundle saved to reports\\diagnostics\\stablenew_diagnostics_20251212_143647_uncaught_exception.zip",
    "created": 1765550207.5352185
  },
  {
    "level": "INFO",
    "name": "src.utils.diagnostics_bundle_v2",
    "message": "Crash bundle saved to reports\\diagnostics\\stablenew_diagnostics_20251212_143647_uncaught_exception.zip",
    "created": 1765550207.7223284
  },
  {
    "level": "INFO",
    "name": "src.utils.diagnostics_bundle_v2",
    "message": "Crash bundle saved to reports\\diagnostics\\stablenew_diagnostics_20251212_143647_uncaught_exception.zip",
    "created": 1765550207.892762
  },
  {
    "level": "INFO",
    "name": "src.utils.diagnostics_bundle_v2",
    "message": "Crash bundle saved to reports\\diagnostics\\stablenew_diagnostics_20251212_143647_uncaught_exception.zip",
    "created": 1765550208.0515597
  },
  {
    "level": "INFO",
    "name": "src.utils.diagnostics_bundle_v2",
    "message": "Crash bundle saved to reports\\diagnostics\\stablenew_diagnostics_20251212_143648_uncaught_exception.zip",
    "created": 1765550208.2122998
  },
  {
    "level": "INFO",
    "name": "src.utils.diagnostics_bundle_v2",
    "message": "Crash bundle saved to reports\\diagnostics\\stablenew_diagnostics_20251212_143648_uncaught_exception.zip",
    "created": 1765550208.3760955
  },
  {
    "level": "INFO",
    "name": "src.utils.diagnostics_bundle_v2",
    "message": "Crash bundle saved to reports\\diagnostics\\stablenew_diagnostics_20251212_143648_uncaught_exception.zip",
    "created": 1765550208.5616937
  },
  {
    "level": "INFO",
    "name": "src.utils.diagnostics_bundle_v2",
    "message": "Crash bundle saved to reports\\diagnostics\\stablenew_diagnostics_20251212_143648_uncaught_exception.zip",
    "created": 1765550208.7228713
  },
  {
    "level": "INFO",
    "name": "src.utils.diagnostics_bundle_v2",
    "message": "Crash bundle saved to reports\\diagnostics\\stablenew_diagnostics_20251212_143648_uncaught_exception.zip",
    "created": 1765550208.8837137
  }
]