{
  "reason": "thread_exception",
  "timestamp": "20251224_200027",
  "system": {
    "timestamp": "2025-12-24T20:00:27.488046Z",
    "hostname": "Rob-Gaming-Desk",
    "platform": {
      "system": "Windows",
      "release": "10",
      "version": "10.0.26100",
      "machine": "AMD64",
      "processor": "Intel64 Family 6 Model 183 Stepping 1, GenuineIntel"
    },
    "python": {
      "implementation": "CPython",
      "version": "3.10.6",
      "executable": "<USER_HOME>\\AppData\\Local\\Programs\\Python\\Python310\\python.exe"
    },
    "user": "rob",
    "cwd": "<USER_HOME>\\projects\\StableNew",
    "repo_root": "<USER_HOME>\\projects\\StableNew",
    "memory": {
      "total_mb": 32527.05859375,
      "available_mb": 1376.15234375,
      "used_mb": 31150.90625,
      "percent": 95.8
    },
    "cpu": {
      "percent": 0.0,
      "count_logical": 32,
      "count_physical": 24
    },
    "disk": {
      "total_mb": 1952658.99609375,
      "used_mb": 428842.49609375,
      "free_mb": 1523816.5
    }
  },
  "context": {
    "thread": "ProcessAutoScanner",
    "traceback": "Traceback (most recent call last):\n  File \"<USER_HOME>\\AppData\\Local\\Programs\\Python\\Python310\\lib\\threading.py\", line 1016, in _bootstrap_inner\n    self.run()\n  File \"<USER_HOME>\\AppData\\Local\\Programs\\Python\\Python310\\lib\\threading.py\", line 953, in run\n    self._target(*self._args, **self._kwargs)\n  File \"<USER_HOME>\\projects\\StableNew\\src\\controller\\process_auto_scanner_service.py\", line 78, in _run_loop\n    self.scan_once()\n  File \"<USER_HOME>\\projects\\StableNew\\src\\controller\\process_auto_scanner_service.py\", line 124, in scan_once\n    for proc in self._psutil.process_iter(\n  File \"<USER_HOME>\\AppData\\Local\\Programs\\Python\\Python310\\lib\\site-packages\\psutil\\__init__.py\", line 1542, in process_iter\n    proc.info = proc.as_dict(attrs=attrs, ad_value=ad_value)\n  File \"<USER_HOME>\\AppData\\Local\\Programs\\Python\\Python310\\lib\\site-packages\\psutil\\__init__.py\", line 578, in as_dict\n    ret = meth()\n  File \"<USER_HOME>\\AppData\\Local\\Programs\\Python\\Python310\\lib\\site-packages\\psutil\\__init__.py\", line 788, in cwd\n    return self._proc.cwd()\n  File \"<USER_HOME>\\AppData\\Local\\Programs\\Python\\Python310\\lib\\site-packages\\psutil\\_pswindows.py\", line 694, in wrapper\n    raise convert_oserror(err, pid=self.pid, name=self._name) from err\n  File \"<USER_HOME>\\AppData\\Local\\Programs\\Python\\Python310\\lib\\site-packages\\psutil\\_pswindows.py\", line 683, in convert_oserror\n    raise exc\n  File \"<USER_HOME>\\AppData\\Local\\Programs\\Python\\Python310\\lib\\site-packages\\psutil\\_pswindows.py\", line 692, in wrapper\n    return fun(self, *args, **kwargs)\n  File \"<USER_HOME>\\AppData\\Local\\Programs\\Python\\Python310\\lib\\site-packages\\psutil\\_pswindows.py\", line 710, in wrapper\n    return fun(self, *args, **kwargs)\n  File \"<USER_HOME>\\AppData\\Local\\Programs\\Python\\Python310\\lib\\site-packages\\psutil\\_pswindows.py\", line 992, in cwd\n    path = cext.proc_cwd(self.pid)\nOSError: [WinError 87] The parameter is incorrect: '(originated from ReadProcessMemory)'\n"
  },
  "job_snapshot": {
    "jobs": [],
    "cached_metadata": {},
    "containers": {},
    "active_watchdogs": [],
    "watchdog_events": [],
    "cleanup_history": [],
    "process_container_config": {
      "enabled": true,
      "memory_limit_mb": null,
      "cpu_limit_percent": null,
      "max_processes": null
    }
  }
}