[
  {
    "level": "INFO",
    "name": "src.services.queue_store_v2",
    "message": "Loaded queue state: 0 jobs, auto_run=False, paused=False",
    "created": 1765164792.1895192
  },
  {
    "level": "INFO",
    "name": "src.controller.app_controller",
    "message": "Restored queue state: auto_run=False, paused=False, 0 jobs (jobs not restored in V1 queue)",
    "created": 1765164792.1943254
  },
  {
    "level": "INFO",
    "name": "src.utils.config",
    "message": "Found 15 presets",
    "created": 1765164792.2099214
  },
  {
    "level": "INFO",
    "name": "src.utils.file_io",
    "message": "Found 12 prompt packs in packs",
    "created": 1765164792.2236545
  },
  {
    "level": "INFO",
    "name": "src.utils.file_io",
    "message": "Read 10 prompts from SDXL_angelic_warriors_Fantasy.txt",
    "created": 1765164792.2276533
  },
  {
    "level": "WARNING",
    "name": "src.api.client",
    "message": "Request POST http://127.0.0.1:7860/sdapi/v1/txt2img attempt 2/3 failed | {\"attempt\": 2, \"error\": \"HTTPConnectionPool(host='127.0.0.1', port=7860): Max retries exceeded with url: /sdapi/v1/txt2img (Caused by NewConnectionError('<urllib3.connection.HTTPConnection object at 0x000001F8EF0D7280>: Failed to establish a new connection: [WinError 10061] No connection could be made because the target machine actively refused it'))\", \"max_attempts\": 3, \"stage\": \"txt2img\", \"subsystem\": \"api\"}",
    "created": 1765164792.2286537,
    "payload": {
      "message": "Request POST http://127.0.0.1:7860/sdapi/v1/txt2img attempt 2/3 failed",
      "stage": "txt2img",
      "subsystem": "api",
      "error": "HTTPConnectionPool(host='127.0.0.1', port=7860): Max retries exceeded with url: /sdapi/v1/txt2img (Caused by NewConnectionError('<urllib3.connection.HTTPConnection object at 0x000001F8EF0D7280>: Failed to establish a new connection: [WinError 10061] No connection could be made because the target machine actively refused it'))",
      "attempt": 2,
      "max_attempts": 3
    }
  },
  {
    "level": "INFO",
    "name": "src.utils.file_io",
    "message": "Read 10 prompts from SDXL_angelic_warriors_Realistic.txt",
    "created": 1765164792.2367969
  },
  {
    "level": "INFO",
    "name": "src.utils.file_io",
    "message": "Read 10 prompts from SDXL_beautiful_women_Fantasy.txt",
    "created": 1765164792.2407954
  },
  {
    "level": "WARNING",
    "name": "src.api.client",
    "message": "Request POST http://127.0.0.1:7860/sdapi/v1/txt2img attempt 2/3 failed | {\"attempt\": 2, \"error\": \"HTTPConnectionPool(host='127.0.0.1', port=7860): Max retries exceeded with url: /sdapi/v1/txt2img (Caused by NewConnectionError('<urllib3.connection.HTTPConnection object at 0x000001F8EF314430>: Failed to establish a new connection: [WinError 10061] No connection could be made because the target machine actively refused it'))\", \"max_attempts\": 3, \"stage\": \"txt2img\", \"subsystem\": \"api\"}",
    "created": 1765164792.2445533,
    "payload": {
      "message": "Request POST http://127.0.0.1:7860/sdapi/v1/txt2img attempt 2/3 failed",
      "stage": "txt2img",
      "subsystem": "api",
      "error": "HTTPConnectionPool(host='127.0.0.1', port=7860): Max retries exceeded with url: /sdapi/v1/txt2img (Caused by NewConnectionError('<urllib3.connection.HTTPConnection object at 0x000001F8EF314430>: Failed to establish a new connection: [WinError 10061] No connection could be made because the target machine actively refused it'))",
      "attempt": 2,
      "max_attempts": 3
    }
  },
  {
    "level": "INFO",
    "name": "src.utils.file_io",
    "message": "Read 10 prompts from SDXL_beautiful_women_Realistic.txt",
    "created": 1765164792.2465546
  },
  {
    "level": "INFO",
    "name": "src.utils.file_io",
    "message": "Read 10 prompts from SDXL_epic_structures_Fantasy.txt",
    "created": 1765164792.254554
  },
  {
    "level": "INFO",
    "name": "src.utils.file_io",
    "message": "Read 10 prompts from SDXL_epic_structures_Realistic.txt",
    "created": 1765164792.2585545
  },
  {
    "level": "INFO",
    "name": "src.utils.file_io",
    "message": "Read 10 prompts from SDXL_female_fantasy_heroes_Fantasy.txt",
    "created": 1765164792.2633386
  },
  {
    "level": "INFO",
    "name": "src.utils.file_io",
    "message": "Read 10 prompts from SDXL_female_fantasy_heroes_Realistic.txt",
    "created": 1765164792.2681298
  },
  {
    "level": "INFO",
    "name": "src.utils.file_io",
    "message": "Read 10 prompts from SDXL_male_fantasy_heroes_Fantasy.txt",
    "created": 1765164792.27113
  },
  {
    "level": "INFO",
    "name": "src.utils.file_io",
    "message": "Read 10 prompts from SDXL_male_fantasy_heroes_Realistic.txt",
    "created": 1765164792.276173
  },
  {
    "level": "INFO",
    "name": "src.utils.file_io",
    "message": "Read 10 prompts from SDXL_mythical_beasts_Fantasy.txt",
    "created": 1765164792.2810173
  },
  {
    "level": "INFO",
    "name": "src.utils.file_io",
    "message": "Read 10 prompts from SDXL_mythical_beasts_Realistic.txt",
    "created": 1765164792.2850182
  },
  {
    "level": "WARNING",
    "name": "src.api.client",
    "message": "Request POST http://127.0.0.1:7860/sdapi/v1/txt2img attempt 2/3 failed | {\"attempt\": 2, \"error\": \"HTTPConnectionPool(host='127.0.0.1', port=7860): Max retries exceeded with url: /sdapi/v1/txt2img (Caused by NewConnectionError('<urllib3.connection.HTTPConnection object at 0x000001F8EF365F90>: Failed to establish a new connection: [WinError 10061] No connection could be made because the target machine actively refused it'))\", \"max_attempts\": 3, \"stage\": \"txt2img\", \"subsystem\": \"api\"}",
    "created": 1765164792.351181,
    "payload": {
      "message": "Request POST http://127.0.0.1:7860/sdapi/v1/txt2img attempt 2/3 failed",
      "stage": "txt2img",
      "subsystem": "api",
      "error": "HTTPConnectionPool(host='127.0.0.1', port=7860): Max retries exceeded with url: /sdapi/v1/txt2img (Caused by NewConnectionError('<urllib3.connection.HTTPConnection object at 0x000001F8EF365F90>: Failed to establish a new connection: [WinError 10061] No connection could be made because the target machine actively refused it'))",
      "attempt": 2,
      "max_attempts": 3
    }
  },
  {
    "level": "WARNING",
    "name": "src.api.client",
    "message": "Request GET http://127.0.0.1:7860/sdapi/v1/sd-models attempt 1/3 failed | {\"attempt\": 1, \"error\": \"HTTPConnectionPool(host='127.0.0.1', port=7860): Max retries exceeded with url: /sdapi/v1/sd-models (Caused by NewConnectionError('<urllib3.connection.HTTPConnection object at 0x000001F8F2882A70>: Failed to establish a new connection: [WinError 10061] No connection could be made because the target machine actively refused it'))\", \"max_attempts\": 3, \"stage\": null, \"subsystem\": \"api\"}",
    "created": 1765164794.4469748,
    "payload": {
      "message": "Request GET http://127.0.0.1:7860/sdapi/v1/sd-models attempt 1/3 failed",
      "subsystem": "api",
      "error": "HTTPConnectionPool(host='127.0.0.1', port=7860): Max retries exceeded with url: /sdapi/v1/sd-models (Caused by NewConnectionError('<urllib3.connection.HTTPConnection object at 0x000001F8F2882A70>: Failed to establish a new connection: [WinError 10061] No connection could be made because the target machine actively refused it'))",
      "stage": null,
      "attempt": 1,
      "max_attempts": 3
    }
  },
  {
    "level": "WARNING",
    "name": "src.api.client",
    "message": "Request POST http://127.0.0.1:7860/sdapi/v1/txt2img attempt 3/3 failed | {\"attempt\": 3, \"error\": \"HTTPConnectionPool(host='127.0.0.1', port=7860): Max retries exceeded with url: /sdapi/v1/txt2img (Caused by NewConnectionError('<urllib3.connection.HTTPConnection object at 0x000001F8F28838E0>: Failed to establish a new connection: [WinError 10061] No connection could be made because the target machine actively refused it'))\", \"max_attempts\": 3, \"stage\": \"txt2img\", \"subsystem\": \"api\"}",
    "created": 1765164796.507421,
    "payload": {
      "message": "Request POST http://127.0.0.1:7860/sdapi/v1/txt2img attempt 3/3 failed",
      "stage": "txt2img",
      "subsystem": "api",
      "error": "HTTPConnectionPool(host='127.0.0.1', port=7860): Max retries exceeded with url: /sdapi/v1/txt2img (Caused by NewConnectionError('<urllib3.connection.HTTPConnection object at 0x000001F8F28838E0>: Failed to establish a new connection: [WinError 10061] No connection could be made because the target machine actively refused it'))",
      "attempt": 3,
      "max_attempts": 3
    }
  },
  {
    "level": "ERROR",
    "name": "src.api.client",
    "message": "Request POST http://127.0.0.1:7860/sdapi/v1/txt2img failed after 3 attempts | {\"attempts\": 3, \"error\": \"HTTPConnectionPool(host='127.0.0.1', port=7860): Max retries exceeded with url: /sdapi/v1/txt2img (Caused by NewConnectionError('<urllib3.connection.HTTPConnection object at 0x000001F8F28838E0>: Failed to establish a new connection: [WinError 10061] No connection could be made because the target machine actively refused it'))\", \"stage\": \"txt2img\", \"subsystem\": \"api\"}",
    "created": 1765164796.5114224,
    "payload": {
      "message": "Request POST http://127.0.0.1:7860/sdapi/v1/txt2img failed after 3 attempts",
      "stage": "txt2img",
      "subsystem": "api",
      "error": "HTTPConnectionPool(host='127.0.0.1', port=7860): Max retries exceeded with url: /sdapi/v1/txt2img (Caused by NewConnectionError('<urllib3.connection.HTTPConnection object at 0x000001F8F28838E0>: Failed to establish a new connection: [WinError 10061] No connection could be made because the target machine actively refused it'))",
      "attempts": 3
    }
  },
  {
    "level": "ERROR",
    "name": "src.pipeline.executor",
    "message": "generate_images failed for txt2img (GenerateErrorCode.UNKNOWN): WebUI returned no data",
    "created": 1765164796.5147684
  },
  {
    "level": "WARNING",
    "name": "src.api.client",
    "message": "Request POST http://127.0.0.1:7860/sdapi/v1/txt2img attempt 3/3 failed | {\"attempt\": 3, \"error\": \"HTTPConnectionPool(host='127.0.0.1', port=7860): Max retries exceeded with url: /sdapi/v1/txt2img (Caused by NewConnectionError('<urllib3.connection.HTTPConnection object at 0x000001F8F2883CA0>: Failed to establish a new connection: [WinError 10061] No connection could be made because the target machine actively refused it'))\", \"max_attempts\": 3, \"stage\": \"txt2img\", \"subsystem\": \"api\"}",
    "created": 1765164796.5187683,
    "payload": {
      "message": "Request POST http://127.0.0.1:7860/sdapi/v1/txt2img attempt 3/3 failed",
      "stage": "txt2img",
      "subsystem": "api",
      "error": "HTTPConnectionPool(host='127.0.0.1', port=7860): Max retries exceeded with url: /sdapi/v1/txt2img (Caused by NewConnectionError('<urllib3.connection.HTTPConnection object at 0x000001F8F2883CA0>: Failed to establish a new connection: [WinError 10061] No connection could be made because the target machine actively refused it'))",
      "attempt": 3,
      "max_attempts": 3
    }
  },
  {
    "level": "ERROR",
    "name": "src.pipeline.executor",
    "message": "txt2img stage failed: 'str' object has no attribute 'stage'",
    "created": 1765164796.5200415
  },
  {
    "level": "ERROR",
    "name": "src.api.client",
    "message": "Request POST http://127.0.0.1:7860/sdapi/v1/txt2img failed after 3 attempts | {\"attempts\": 3, \"error\": \"HTTPConnectionPool(host='127.0.0.1', port=7860): Max retries exceeded with url: /sdapi/v1/txt2img (Caused by NewConnectionError('<urllib3.connection.HTTPConnection object at 0x000001F8F2883CA0>: Failed to establish a new connection: [WinError 10061] No connection could be made because the target machine actively refused it'))\", \"stage\": \"txt2img\", \"subsystem\": \"api\"}",
    "created": 1765164796.5280414,
    "payload": {
      "message": "Request POST http://127.0.0.1:7860/sdapi/v1/txt2img failed after 3 attempts",
      "stage": "txt2img",
      "subsystem": "api",
      "error": "HTTPConnectionPool(host='127.0.0.1', port=7860): Max retries exceeded with url: /sdapi/v1/txt2img (Caused by NewConnectionError('<urllib3.connection.HTTPConnection object at 0x000001F8F2883CA0>: Failed to establish a new connection: [WinError 10061] No connection could be made because the target machine actively refused it'))",
      "attempts": 3
    }
  },
  {
    "level": "ERROR",
    "name": "src.pipeline.pipeline_runner",
    "message": "Pipeline runner failed during img2img: img2img requires input image from previous stage | {\"error_envelope\": {\"context\": {}, \"error_type\": \"ValueError\", \"job_id\": null, \"message\": \"img2img requires input image from previous stage\", \"remediation\": \"Please consult the logs and retry.\", \"retry_info\": null, \"severity\": \"ERROR\", \"stack\": \"Traceback (most recent call last):\\n  File \\\"C:\\\\Users\\\\rob\\\\projects\\\\StableNew\\\\src\\\\pipeline\\\\pipeline_runner.py\\\", line 212, in run\\n    last_image_meta = self._call_stage(\\n  File \\\"C:\\\\Users\\\\rob\\\\projects\\\\StableNew\\\\src\\\\pipeline\\\\pipeline_runner.py\\\", line 369, in _call_stage\\n    raise ValueError(\\\"img2img requires input image from previous stage\\\")\\nValueError: img2img requires input image from previous stage\\n\", \"stage\": \"img2img\", \"subsystem\": \"pipeline\", \"timestamp\": 1765164796.529042}, \"subsystem\": \"pipeline\"}",
    "created": 1765164796.529042,
    "payload": {
      "message": "Pipeline runner failed during img2img: img2img requires input image from previous stage",
      "subsystem": "pipeline",
      "error_envelope": {
        "error_type": "ValueError",
        "subsystem": "pipeline",
        "severity": "ERROR",
        "message": "img2img requires input image from previous stage",
        "stack": "Traceback (most recent call last):\n  File \"<USER_HOME>\\projects\\StableNew\\src\\pipeline\\pipeline_runner.py\", line 212, in run\n    last_image_meta = self._call_stage(\n  File \"<USER_HOME>\\projects\\StableNew\\src\\pipeline\\pipeline_runner.py\", line 369, in _call_stage\n    raise ValueError(\"img2img requires input image from previous stage\")\nValueError: img2img requires input image from previous stage\n",
        "job_id": null,
        "stage": "img2img",
        "timestamp": 1765164796.529042,
        "remediation": "Please consult the logs and retry.",
        "context": {},
        "retry_info": null
      }
    }
  },
  {
    "level": "ERROR",
    "name": "src.pipeline.executor",
    "message": "generate_images failed for txt2img (GenerateErrorCode.UNKNOWN): WebUI returned no data",
    "created": 1765164796.536043
  },
  {
    "level": "ERROR",
    "name": "src.pipeline.executor",
    "message": "txt2img stage failed: 'str' object has no attribute 'stage'",
    "created": 1765164796.543633
  },
  {
    "level": "ERROR",
    "name": "src.pipeline.pipeline_runner",
    "message": "Pipeline runner failed during img2img: img2img requires input image from previous stage | {\"error_envelope\": {\"context\": {}, \"error_type\": \"ValueError\", \"job_id\": null, \"message\": \"img2img requires input image from previous stage\", \"remediation\": \"Please consult the logs and retry.\", \"retry_info\": null, \"severity\": \"ERROR\", \"stack\": \"Traceback (most recent call last):\\n  File \\\"C:\\\\Users\\\\rob\\\\projects\\\\StableNew\\\\src\\\\pipeline\\\\pipeline_runner.py\\\", line 212, in run\\n    last_image_meta = self._call_stage(\\n  File \\\"C:\\\\Users\\\\rob\\\\projects\\\\StableNew\\\\src\\\\pipeline\\\\pipeline_runner.py\\\", line 369, in _call_stage\\n    raise ValueError(\\\"img2img requires input image from previous stage\\\")\\nValueError: img2img requires input image from previous stage\\n\", \"stage\": \"img2img\", \"subsystem\": \"pipeline\", \"timestamp\": 1765164796.547633}, \"subsystem\": \"pipeline\"}",
    "created": 1765164796.547633,
    "payload": {
      "message": "Pipeline runner failed during img2img: img2img requires input image from previous stage",
      "subsystem": "pipeline",
      "error_envelope": {
        "error_type": "ValueError",
        "subsystem": "pipeline",
        "severity": "ERROR",
        "message": "img2img requires input image from previous stage",
        "stack": "Traceback (most recent call last):\n  File \"<USER_HOME>\\projects\\StableNew\\src\\pipeline\\pipeline_runner.py\", line 212, in run\n    last_image_meta = self._call_stage(\n  File \"<USER_HOME>\\projects\\StableNew\\src\\pipeline\\pipeline_runner.py\", line 369, in _call_stage\n    raise ValueError(\"img2img requires input image from previous stage\")\nValueError: img2img requires input image from previous stage\n",
        "job_id": null,
        "stage": "img2img",
        "timestamp": 1765164796.547633,
        "remediation": "Please consult the logs and retry.",
        "context": {},
        "retry_info": null
      }
    }
  },
  {
    "level": "INFO",
    "name": "src.gui.state",
    "message": "State transition: RUNNING -> IDLE",
    "created": 1765164796.5526323
  },
  {
    "level": "INFO",
    "name": "src.gui.state",
    "message": "State transition: RUNNING -> IDLE",
    "created": 1765164796.5716324
  },
  {
    "level": "WARNING",
    "name": "src.api.client",
    "message": "Request POST http://127.0.0.1:7860/sdapi/v1/txt2img attempt 3/3 failed | {\"attempt\": 3, \"error\": \"HTTPConnectionPool(host='127.0.0.1', port=7860): Max retries exceeded with url: /sdapi/v1/txt2img (Caused by NewConnectionError('<urllib3.connection.HTTPConnection object at 0x000001F8F29A85B0>: Failed to establish a new connection: [WinError 10061] No connection could be made because the target machine actively refused it'))\", \"max_attempts\": 3, \"stage\": \"txt2img\", \"subsystem\": \"api\"}",
    "created": 1765164796.7359872,
    "payload": {
      "message": "Request POST http://127.0.0.1:7860/sdapi/v1/txt2img attempt 3/3 failed",
      "stage": "txt2img",
      "subsystem": "api",
      "error": "HTTPConnectionPool(host='127.0.0.1', port=7860): Max retries exceeded with url: /sdapi/v1/txt2img (Caused by NewConnectionError('<urllib3.connection.HTTPConnection object at 0x000001F8F29A85B0>: Failed to establish a new connection: [WinError 10061] No connection could be made because the target machine actively refused it'))",
      "attempt": 3,
      "max_attempts": 3
    }
  },
  {
    "level": "ERROR",
    "name": "src.api.client",
    "message": "Request POST http://127.0.0.1:7860/sdapi/v1/txt2img failed after 3 attempts | {\"attempts\": 3, \"error\": \"HTTPConnectionPool(host='127.0.0.1', port=7860): Max retries exceeded with url: /sdapi/v1/txt2img (Caused by NewConnectionError('<urllib3.connection.HTTPConnection object at 0x000001F8F29A85B0>: Failed to establish a new connection: [WinError 10061] No connection could be made because the target machine actively refused it'))\", \"stage\": \"txt2img\", \"subsystem\": \"api\"}",
    "created": 1765164796.7400472,
    "payload": {
      "message": "Request POST http://127.0.0.1:7860/sdapi/v1/txt2img failed after 3 attempts",
      "stage": "txt2img",
      "subsystem": "api",
      "error": "HTTPConnectionPool(host='127.0.0.1', port=7860): Max retries exceeded with url: /sdapi/v1/txt2img (Caused by NewConnectionError('<urllib3.connection.HTTPConnection object at 0x000001F8F29A85B0>: Failed to establish a new connection: [WinError 10061] No connection could be made because the target machine actively refused it'))",
      "attempts": 3
    }
  },
  {
    "level": "ERROR",
    "name": "src.pipeline.executor",
    "message": "generate_images failed for txt2img (GenerateErrorCode.UNKNOWN): WebUI returned no data",
    "created": 1765164796.7473233
  },
  {
    "level": "ERROR",
    "name": "src.pipeline.executor",
    "message": "txt2img stage failed: 'str' object has no attribute 'stage'",
    "created": 1765164796.7530797
  },
  {
    "level": "ERROR",
    "name": "src.pipeline.pipeline_runner",
    "message": "Pipeline runner failed during img2img: img2img requires input image from previous stage | {\"error_envelope\": {\"context\": {}, \"error_type\": \"ValueError\", \"job_id\": null, \"message\": \"img2img requires input image from previous stage\", \"remediation\": \"Please consult the logs and retry.\", \"retry_info\": null, \"severity\": \"ERROR\", \"stack\": \"Traceback (most recent call last):\\n  File \\\"C:\\\\Users\\\\rob\\\\projects\\\\StableNew\\\\src\\\\pipeline\\\\pipeline_runner.py\\\", line 212, in run\\n    last_image_meta = self._call_stage(\\n  File \\\"C:\\\\Users\\\\rob\\\\projects\\\\StableNew\\\\src\\\\pipeline\\\\pipeline_runner.py\\\", line 369, in _call_stage\\n    raise ValueError(\\\"img2img requires input image from previous stage\\\")\\nValueError: img2img requires input image from previous stage\\n\", \"stage\": \"img2img\", \"subsystem\": \"pipeline\", \"timestamp\": 1765164796.758152}, \"subsystem\": \"pipeline\"}",
    "created": 1765164796.758152,
    "payload": {
      "message": "Pipeline runner failed during img2img: img2img requires input image from previous stage",
      "subsystem": "pipeline",
      "error_envelope": {
        "error_type": "ValueError",
        "subsystem": "pipeline",
        "severity": "ERROR",
        "message": "img2img requires input image from previous stage",
        "stack": "Traceback (most recent call last):\n  File \"<USER_HOME>\\projects\\StableNew\\src\\pipeline\\pipeline_runner.py\", line 212, in run\n    last_image_meta = self._call_stage(\n  File \"<USER_HOME>\\projects\\StableNew\\src\\pipeline\\pipeline_runner.py\", line 369, in _call_stage\n    raise ValueError(\"img2img requires input image from previous stage\")\nValueError: img2img requires input image from previous stage\n",
        "job_id": null,
        "stage": "img2img",
        "timestamp": 1765164796.758152,
        "remediation": "Please consult the logs and retry.",
        "context": {},
        "retry_info": null
      }
    }
  },
  {
    "level": "INFO",
    "name": "src.gui.state",
    "message": "State transition: RUNNING -> IDLE",
    "created": 1765164796.7758303
  },
  {
    "level": "WARNING",
    "name": "src.api.client",
    "message": "Request POST http://127.0.0.1:7860/sdapi/v1/txt2img attempt 3/3 failed | {\"attempt\": 3, \"error\": \"HTTPConnectionPool(host='127.0.0.1', port=7860): Max retries exceeded with url: /sdapi/v1/txt2img (Caused by NewConnectionError('<urllib3.connection.HTTPConnection object at 0x000001F8F29A8E80>: Failed to establish a new connection: [WinError 10061] No connection could be made because the target machine actively refused it'))\", \"max_attempts\": 3, \"stage\": \"txt2img\", \"subsystem\": \"api\"}",
    "created": 1765164796.8045552,
    "payload": {
      "message": "Request POST http://127.0.0.1:7860/sdapi/v1/txt2img attempt 3/3 failed",
      "stage": "txt2img",
      "subsystem": "api",
      "error": "HTTPConnectionPool(host='127.0.0.1', port=7860): Max retries exceeded with url: /sdapi/v1/txt2img (Caused by NewConnectionError('<urllib3.connection.HTTPConnection object at 0x000001F8F29A8E80>: Failed to establish a new connection: [WinError 10061] No connection could be made because the target machine actively refused it'))",
      "attempt": 3,
      "max_attempts": 3
    }
  },
  {
    "level": "ERROR",
    "name": "src.api.client",
    "message": "Request POST http://127.0.0.1:7860/sdapi/v1/txt2img failed after 3 attempts | {\"attempts\": 3, \"error\": \"HTTPConnectionPool(host='127.0.0.1', port=7860): Max retries exceeded with url: /sdapi/v1/txt2img (Caused by NewConnectionError('<urllib3.connection.HTTPConnection object at 0x000001F8F29A8E80>: Failed to establish a new connection: [WinError 10061] No connection could be made because the target machine actively refused it'))\", \"stage\": \"txt2img\", \"subsystem\": \"api\"}",
    "created": 1765164796.8097878,
    "payload": {
      "message": "Request POST http://127.0.0.1:7860/sdapi/v1/txt2img failed after 3 attempts",
      "stage": "txt2img",
      "subsystem": "api",
      "error": "HTTPConnectionPool(host='127.0.0.1', port=7860): Max retries exceeded with url: /sdapi/v1/txt2img (Caused by NewConnectionError('<urllib3.connection.HTTPConnection object at 0x000001F8F29A8E80>: Failed to establish a new connection: [WinError 10061] No connection could be made because the target machine actively refused it'))",
      "attempts": 3
    }
  },
  {
    "level": "ERROR",
    "name": "src.pipeline.executor",
    "message": "generate_images failed for txt2img (GenerateErrorCode.UNKNOWN): WebUI returned no data",
    "created": 1765164796.813855
  },
  {
    "level": "ERROR",
    "name": "src.pipeline.executor",
    "message": "txt2img stage failed: 'str' object has no attribute 'stage'",
    "created": 1765164796.8179297
  },
  {
    "level": "ERROR",
    "name": "src.pipeline.pipeline_runner",
    "message": "Pipeline runner failed during img2img: img2img requires input image from previous stage | {\"error_envelope\": {\"context\": {}, \"error_type\": \"ValueError\", \"job_id\": null, \"message\": \"img2img requires input image from previous stage\", \"remediation\": \"Please consult the logs and retry.\", \"retry_info\": null, \"severity\": \"ERROR\", \"stack\": \"Traceback (most recent call last):\\n  File \\\"C:\\\\Users\\\\rob\\\\projects\\\\StableNew\\\\src\\\\pipeline\\\\pipeline_runner.py\\\", line 212, in run\\n    last_image_meta = self._call_stage(\\n  File \\\"C:\\\\Users\\\\rob\\\\projects\\\\StableNew\\\\src\\\\pipeline\\\\pipeline_runner.py\\\", line 369, in _call_stage\\n    raise ValueError(\\\"img2img requires input image from previous stage\\\")\\nValueError: img2img requires input image from previous stage\\n\", \"stage\": \"img2img\", \"subsystem\": \"pipeline\", \"timestamp\": 1765164796.820931}, \"subsystem\": \"pipeline\"}",
    "created": 1765164796.820931,
    "payload": {
      "message": "Pipeline runner failed during img2img: img2img requires input image from previous stage",
      "subsystem": "pipeline",
      "error_envelope": {
        "error_type": "ValueError",
        "subsystem": "pipeline",
        "severity": "ERROR",
        "message": "img2img requires input image from previous stage",
        "stack": "Traceback (most recent call last):\n  File \"<USER_HOME>\\projects\\StableNew\\src\\pipeline\\pipeline_runner.py\", line 212, in run\n    last_image_meta = self._call_stage(\n  File \"<USER_HOME>\\projects\\StableNew\\src\\pipeline\\pipeline_runner.py\", line 369, in _call_stage\n    raise ValueError(\"img2img requires input image from previous stage\")\nValueError: img2img requires input image from previous stage\n",
        "job_id": null,
        "stage": "img2img",
        "timestamp": 1765164796.820931,
        "remediation": "Please consult the logs and retry.",
        "context": {},
        "retry_info": null
      }
    }
  },
  {
    "level": "INFO",
    "name": "src.gui.state",
    "message": "State transition: RUNNING -> IDLE",
    "created": 1765164796.8369803
  },
  {
    "level": "WARNING",
    "name": "src.api.client",
    "message": "Request GET http://127.0.0.1:7860/sdapi/v1/sd-models attempt 2/3 failed | {\"attempt\": 2, \"error\": \"HTTPConnectionPool(host='127.0.0.1', port=7860): Max retries exceeded with url: /sdapi/v1/sd-models (Caused by NewConnectionError('<urllib3.connection.HTTPConnection object at 0x000001F8F29A96F0>: Failed to establish a new connection: [WinError 10061] No connection could be made because the target machine actively refused it'))\", \"max_attempts\": 3, \"stage\": null, \"subsystem\": \"api\"}",
    "created": 1765164797.8522387,
    "payload": {
      "message": "Request GET http://127.0.0.1:7860/sdapi/v1/sd-models attempt 2/3 failed",
      "subsystem": "api",
      "error": "HTTPConnectionPool(host='127.0.0.1', port=7860): Max retries exceeded with url: /sdapi/v1/sd-models (Caused by NewConnectionError('<urllib3.connection.HTTPConnection object at 0x000001F8F29A96F0>: Failed to establish a new connection: [WinError 10061] No connection could be made because the target machine actively refused it'))",
      "stage": null,
      "attempt": 2,
      "max_attempts": 3
    }
  },
  {
    "level": "WARNING",
    "name": "src.api.client",
    "message": "Request GET http://127.0.0.1:7860/sdapi/v1/sd-models attempt 3/3 failed | {\"attempt\": 3, \"error\": \"HTTPConnectionPool(host='127.0.0.1', port=7860): Max retries exceeded with url: /sdapi/v1/sd-models (Caused by NewConnectionError('<urllib3.connection.HTTPConnection object at 0x000001F8F2BD0160>: Failed to establish a new connection: [WinError 10061] No connection could be made because the target machine actively refused it'))\", \"max_attempts\": 3, \"stage\": null, \"subsystem\": \"api\"}",
    "created": 1765164802.2880182,
    "payload": {
      "message": "Request GET http://127.0.0.1:7860/sdapi/v1/sd-models attempt 3/3 failed",
      "subsystem": "api",
      "error": "HTTPConnectionPool(host='127.0.0.1', port=7860): Max retries exceeded with url: /sdapi/v1/sd-models (Caused by NewConnectionError('<urllib3.connection.HTTPConnection object at 0x000001F8F2BD0160>: Failed to establish a new connection: [WinError 10061] No connection could be made because the target machine actively refused it'))",
      "stage": null,
      "attempt": 3,
      "max_attempts": 3
    }
  },
  {
    "level": "ERROR",
    "name": "src.api.client",
    "message": "Request GET http://127.0.0.1:7860/sdapi/v1/sd-models failed after 3 attempts | {\"attempts\": 3, \"error\": \"HTTPConnectionPool(host='127.0.0.1', port=7860): Max retries exceeded with url: /sdapi/v1/sd-models (Caused by NewConnectionError('<urllib3.connection.HTTPConnection object at 0x000001F8F2BD0160>: Failed to establish a new connection: [WinError 10061] No connection could be made because the target machine actively refused it'))\", \"stage\": null, \"subsystem\": \"api\"}",
    "created": 1765164810.9634264,
    "payload": {
      "message": "Request GET http://127.0.0.1:7860/sdapi/v1/sd-models failed after 3 attempts",
      "subsystem": "api",
      "error": "HTTPConnectionPool(host='127.0.0.1', port=7860): Max retries exceeded with url: /sdapi/v1/sd-models (Caused by NewConnectionError('<urllib3.connection.HTTPConnection object at 0x000001F8F2BD0160>: Failed to establish a new connection: [WinError 10061] No connection could be made because the target machine actively refused it'))",
      "stage": null,
      "attempts": 3
    }
  },
  {
    "level": "INFO",
    "name": "src.utils.diagnostics_bundle_v2",
    "message": "Crash bundle saved to reports\\diagnostics\\stablenew_diagnostics_20251208_033320_thread_exception.zip",
    "created": 1765164811.1054208
  },
  {
    "level": "INFO",
    "name": "src.utils.diagnostics_bundle_v2",
    "message": "Crash bundle saved to reports\\diagnostics\\stablenew_diagnostics_20251208_033331_thread_exception.zip",
    "created": 1765164811.2438045
  },
  {
    "level": "INFO",
    "name": "src.utils.diagnostics_bundle_v2",
    "message": "Crash bundle saved to reports\\diagnostics\\stablenew_diagnostics_20251208_033331_thread_exception.zip",
    "created": 1765164811.3809946
  },
  {
    "level": "INFO",
    "name": "src.utils.diagnostics_bundle_v2",
    "message": "Crash bundle saved to reports\\diagnostics\\stablenew_diagnostics_20251208_033331_thread_exception.zip",
    "created": 1765164811.5241146
  },
  {
    "level": "INFO",
    "name": "src.utils.diagnostics_bundle_v2",
    "message": "Crash bundle saved to reports\\diagnostics\\stablenew_diagnostics_20251208_033331_thread_exception.zip",
    "created": 1765164811.6631722
  }
]