[
  {
    "level": "INFO",
    "name": "src.services.queue_store_v2",
    "message": "Loaded queue state: 0 jobs, auto_run=False, paused=False",
    "created": 1765251387.7428527
  },
  {
    "level": "INFO",
    "name": "src.controller.app_controller",
    "message": "Restored queue state: auto_run=False, paused=False, 0 jobs (jobs not restored in V1 queue)",
    "created": 1765251387.7484632
  },
  {
    "level": "INFO",
    "name": "src.utils.config",
    "message": "Found 15 presets",
    "created": 1765251387.7732272
  },
  {
    "level": "INFO",
    "name": "src.utils.file_io",
    "message": "Found 12 prompt packs in packs",
    "created": 1765251387.7842274
  },
  {
    "level": "INFO",
    "name": "src.utils.file_io",
    "message": "Read 10 prompts from SDXL_angelic_warriors_Fantasy.txt",
    "created": 1765251387.7892191
  },
  {
    "level": "INFO",
    "name": "src.utils.file_io",
    "message": "Read 10 prompts from SDXL_angelic_warriors_Realistic.txt",
    "created": 1765251387.7932208
  },
  {
    "level": "INFO",
    "name": "src.utils.file_io",
    "message": "Read 10 prompts from SDXL_beautiful_women_Fantasy.txt",
    "created": 1765251387.7972193
  },
  {
    "level": "INFO",
    "name": "src.utils.file_io",
    "message": "Read 10 prompts from SDXL_beautiful_women_Realistic.txt",
    "created": 1765251387.8012197
  },
  {
    "level": "INFO",
    "name": "src.utils.file_io",
    "message": "Read 10 prompts from SDXL_epic_structures_Fantasy.txt",
    "created": 1765251387.8052194
  },
  {
    "level": "INFO",
    "name": "src.utils.file_io",
    "message": "Read 10 prompts from SDXL_epic_structures_Realistic.txt",
    "created": 1765251387.8092275
  },
  {
    "level": "INFO",
    "name": "src.utils.file_io",
    "message": "Read 10 prompts from SDXL_female_fantasy_heroes_Fantasy.txt",
    "created": 1765251387.8132215
  },
  {
    "level": "INFO",
    "name": "src.utils.file_io",
    "message": "Read 10 prompts from SDXL_female_fantasy_heroes_Realistic.txt",
    "created": 1765251387.8172228
  },
  {
    "level": "INFO",
    "name": "src.utils.file_io",
    "message": "Read 10 prompts from SDXL_male_fantasy_heroes_Fantasy.txt",
    "created": 1765251387.8212292
  },
  {
    "level": "INFO",
    "name": "src.utils.file_io",
    "message": "Read 10 prompts from SDXL_male_fantasy_heroes_Realistic.txt",
    "created": 1765251387.8261955
  },
  {
    "level": "INFO",
    "name": "src.utils.file_io",
    "message": "Read 10 prompts from SDXL_mythical_beasts_Fantasy.txt",
    "created": 1765251387.8305862
  },
  {
    "level": "INFO",
    "name": "src.utils.file_io",
    "message": "Read 10 prompts from SDXL_mythical_beasts_Realistic.txt",
    "created": 1765251387.8342016
  },
  {
    "level": "INFO",
    "name": "src.services.queue_store_v2",
    "message": "Loaded queue state: 0 jobs, auto_run=False, paused=False",
    "created": 1765251387.9195468
  },
  {
    "level": "INFO",
    "name": "src.controller.app_controller",
    "message": "Restored queue state: auto_run=False, paused=False, 0 jobs (jobs not restored in V1 queue)",
    "created": 1765251387.923538
  },
  {
    "level": "INFO",
    "name": "src.utils.config",
    "message": "Found 15 presets",
    "created": 1765251387.949664
  },
  {
    "level": "INFO",
    "name": "src.utils.file_io",
    "message": "Found 12 prompt packs in packs",
    "created": 1765251387.9608233
  },
  {
    "level": "INFO",
    "name": "src.utils.file_io",
    "message": "Read 10 prompts from SDXL_angelic_warriors_Fantasy.txt",
    "created": 1765251387.9659557
  },
  {
    "level": "INFO",
    "name": "src.utils.file_io",
    "message": "Read 10 prompts from SDXL_angelic_warriors_Realistic.txt",
    "created": 1765251387.9709473
  },
  {
    "level": "INFO",
    "name": "src.utils.file_io",
    "message": "Read 10 prompts from SDXL_beautiful_women_Fantasy.txt",
    "created": 1765251387.9739473
  },
  {
    "level": "INFO",
    "name": "src.utils.file_io",
    "message": "Read 10 prompts from SDXL_beautiful_women_Realistic.txt",
    "created": 1765251387.9789474
  },
  {
    "level": "INFO",
    "name": "src.utils.file_io",
    "message": "Read 10 prompts from SDXL_epic_structures_Fantasy.txt",
    "created": 1765251387.9839478
  },
  {
    "level": "INFO",
    "name": "src.utils.file_io",
    "message": "Read 10 prompts from SDXL_epic_structures_Realistic.txt",
    "created": 1765251387.987949
  },
  {
    "level": "INFO",
    "name": "src.utils.file_io",
    "message": "Read 10 prompts from SDXL_female_fantasy_heroes_Fantasy.txt",
    "created": 1765251387.9919558
  },
  {
    "level": "INFO",
    "name": "src.utils.file_io",
    "message": "Read 10 prompts from SDXL_female_fantasy_heroes_Realistic.txt",
    "created": 1765251387.9959478
  },
  {
    "level": "INFO",
    "name": "src.utils.file_io",
    "message": "Read 10 prompts from SDXL_male_fantasy_heroes_Fantasy.txt",
    "created": 1765251388.0009477
  },
  {
    "level": "INFO",
    "name": "src.utils.file_io",
    "message": "Read 10 prompts from SDXL_male_fantasy_heroes_Realistic.txt",
    "created": 1765251388.0039475
  },
  {
    "level": "INFO",
    "name": "src.utils.file_io",
    "message": "Read 10 prompts from SDXL_mythical_beasts_Fantasy.txt",
    "created": 1765251388.008956
  },
  {
    "level": "INFO",
    "name": "src.utils.file_io",
    "message": "Read 10 prompts from SDXL_mythical_beasts_Realistic.txt",
    "created": 1765251388.01295
  },
  {
    "level": "INFO",
    "name": "src.services.queue_store_v2",
    "message": "Loaded queue state: 0 jobs, auto_run=False, paused=False",
    "created": 1765251388.0969484
  },
  {
    "level": "INFO",
    "name": "src.controller.app_controller",
    "message": "Restored queue state: auto_run=False, paused=False, 0 jobs (jobs not restored in V1 queue)",
    "created": 1765251388.1009474
  },
  {
    "level": "INFO",
    "name": "src.utils.config",
    "message": "Found 15 presets",
    "created": 1765251388.1279488
  },
  {
    "level": "INFO",
    "name": "src.utils.file_io",
    "message": "Found 12 prompt packs in packs",
    "created": 1765251388.1379561
  },
  {
    "level": "INFO",
    "name": "src.utils.file_io",
    "message": "Read 10 prompts from SDXL_angelic_warriors_Fantasy.txt",
    "created": 1765251388.141956
  },
  {
    "level": "INFO",
    "name": "src.utils.file_io",
    "message": "Read 10 prompts from SDXL_angelic_warriors_Realistic.txt",
    "created": 1765251388.1459486
  },
  {
    "level": "INFO",
    "name": "src.utils.file_io",
    "message": "Read 10 prompts from SDXL_beautiful_women_Fantasy.txt",
    "created": 1765251388.1499474
  },
  {
    "level": "INFO",
    "name": "src.utils.file_io",
    "message": "Read 10 prompts from SDXL_beautiful_women_Realistic.txt",
    "created": 1765251388.1549487
  },
  {
    "level": "INFO",
    "name": "src.utils.file_io",
    "message": "Read 10 prompts from SDXL_epic_structures_Fantasy.txt",
    "created": 1765251388.159948
  },
  {
    "level": "INFO",
    "name": "src.utils.file_io",
    "message": "Read 10 prompts from SDXL_epic_structures_Realistic.txt",
    "created": 1765251388.163948
  },
  {
    "level": "INFO",
    "name": "src.utils.file_io",
    "message": "Read 10 prompts from SDXL_female_fantasy_heroes_Fantasy.txt",
    "created": 1765251388.1679475
  },
  {
    "level": "INFO",
    "name": "src.utils.file_io",
    "message": "Read 10 prompts from SDXL_female_fantasy_heroes_Realistic.txt",
    "created": 1765251388.1729474
  },
  {
    "level": "INFO",
    "name": "src.utils.file_io",
    "message": "Read 10 prompts from SDXL_male_fantasy_heroes_Fantasy.txt",
    "created": 1765251388.1769476
  },
  {
    "level": "INFO",
    "name": "src.utils.file_io",
    "message": "Read 10 prompts from SDXL_male_fantasy_heroes_Realistic.txt",
    "created": 1765251388.1809473
  },
  {
    "level": "INFO",
    "name": "src.utils.file_io",
    "message": "Read 10 prompts from SDXL_mythical_beasts_Fantasy.txt",
    "created": 1765251388.1849477
  },
  {
    "level": "INFO",
    "name": "src.utils.file_io",
    "message": "Read 10 prompts from SDXL_mythical_beasts_Realistic.txt",
    "created": 1765251388.1899483
  },
  {
    "level": "INFO",
    "name": "src.services.queue_store_v2",
    "message": "Loaded queue state: 0 jobs, auto_run=False, paused=False",
    "created": 1765251388.281155
  },
  {
    "level": "INFO",
    "name": "src.controller.app_controller",
    "message": "Restored queue state: auto_run=False, paused=False, 0 jobs (jobs not restored in V1 queue)",
    "created": 1765251388.286123
  },
  {
    "level": "INFO",
    "name": "src.utils.config",
    "message": "Found 15 presets",
    "created": 1765251388.312422
  },
  {
    "level": "INFO",
    "name": "src.utils.file_io",
    "message": "Found 12 prompt packs in packs",
    "created": 1765251388.32353
  },
  {
    "level": "INFO",
    "name": "src.utils.file_io",
    "message": "Read 10 prompts from SDXL_angelic_warriors_Fantasy.txt",
    "created": 1765251388.3276708
  },
  {
    "level": "INFO",
    "name": "src.utils.file_io",
    "message": "Read 10 prompts from SDXL_angelic_warriors_Realistic.txt",
    "created": 1765251388.3317285
  },
  {
    "level": "INFO",
    "name": "src.utils.file_io",
    "message": "Read 10 prompts from SDXL_beautiful_women_Fantasy.txt",
    "created": 1765251388.336624
  },
  {
    "level": "INFO",
    "name": "src.utils.file_io",
    "message": "Read 10 prompts from SDXL_beautiful_women_Realistic.txt",
    "created": 1765251388.3406978
  },
  {
    "level": "INFO",
    "name": "src.utils.file_io",
    "message": "Read 10 prompts from SDXL_epic_structures_Fantasy.txt",
    "created": 1765251388.3446915
  },
  {
    "level": "INFO",
    "name": "src.utils.file_io",
    "message": "Read 10 prompts from SDXL_epic_structures_Realistic.txt",
    "created": 1765251388.348683
  },
  {
    "level": "INFO",
    "name": "src.utils.file_io",
    "message": "Read 10 prompts from SDXL_female_fantasy_heroes_Fantasy.txt",
    "created": 1765251388.3536837
  },
  {
    "level": "INFO",
    "name": "src.utils.file_io",
    "message": "Read 10 prompts from SDXL_female_fantasy_heroes_Realistic.txt",
    "created": 1765251388.3578665
  },
  {
    "level": "INFO",
    "name": "src.utils.file_io",
    "message": "Read 10 prompts from SDXL_male_fantasy_heroes_Fantasy.txt",
    "created": 1765251388.3618693
  },
  {
    "level": "INFO",
    "name": "src.utils.file_io",
    "message": "Read 10 prompts from SDXL_male_fantasy_heroes_Realistic.txt",
    "created": 1765251388.3658693
  },
  {
    "level": "INFO",
    "name": "src.utils.file_io",
    "message": "Read 10 prompts from SDXL_mythical_beasts_Fantasy.txt",
    "created": 1765251388.3698704
  },
  {
    "level": "INFO",
    "name": "src.utils.file_io",
    "message": "Read 10 prompts from SDXL_mythical_beasts_Realistic.txt",
    "created": 1765251388.3739948
  },
  {
    "level": "INFO",
    "name": "src.services.queue_store_v2",
    "message": "Loaded queue state: 0 jobs, auto_run=False, paused=False",
    "created": 1765251388.4576538
  },
  {
    "level": "INFO",
    "name": "src.controller.app_controller",
    "message": "Restored queue state: auto_run=False, paused=False, 0 jobs (jobs not restored in V1 queue)",
    "created": 1765251388.4626427
  },
  {
    "level": "INFO",
    "name": "src.utils.config",
    "message": "Found 15 presets",
    "created": 1765251388.4884768
  },
  {
    "level": "INFO",
    "name": "src.utils.file_io",
    "message": "Found 12 prompt packs in packs",
    "created": 1765251388.5015664
  },
  {
    "level": "INFO",
    "name": "src.utils.file_io",
    "message": "Read 10 prompts from SDXL_angelic_warriors_Fantasy.txt",
    "created": 1765251388.505652
  },
  {
    "level": "INFO",
    "name": "src.utils.file_io",
    "message": "Read 10 prompts from SDXL_angelic_warriors_Realistic.txt",
    "created": 1765251388.5105422
  },
  {
    "level": "INFO",
    "name": "src.utils.file_io",
    "message": "Read 10 prompts from SDXL_beautiful_women_Fantasy.txt",
    "created": 1765251388.5155425
  },
  {
    "level": "INFO",
    "name": "src.utils.file_io",
    "message": "Read 10 prompts from SDXL_beautiful_women_Realistic.txt",
    "created": 1765251388.5185418
  },
  {
    "level": "INFO",
    "name": "src.utils.file_io",
    "message": "Read 10 prompts from SDXL_epic_structures_Fantasy.txt",
    "created": 1765251388.5235412
  },
  {
    "level": "INFO",
    "name": "src.utils.file_io",
    "message": "Read 10 prompts from SDXL_epic_structures_Realistic.txt",
    "created": 1765251388.5275426
  },
  {
    "level": "INFO",
    "name": "src.utils.file_io",
    "message": "Read 10 prompts from SDXL_female_fantasy_heroes_Fantasy.txt",
    "created": 1765251388.5327516
  },
  {
    "level": "INFO",
    "name": "src.utils.file_io",
    "message": "Read 10 prompts from SDXL_female_fantasy_heroes_Realistic.txt",
    "created": 1765251388.5367503
  },
  {
    "level": "INFO",
    "name": "src.utils.file_io",
    "message": "Read 10 prompts from SDXL_male_fantasy_heroes_Fantasy.txt",
    "created": 1765251388.5417514
  },
  {
    "level": "INFO",
    "name": "src.utils.file_io",
    "message": "Read 10 prompts from SDXL_male_fantasy_heroes_Realistic.txt",
    "created": 1765251388.5458617
  },
  {
    "level": "INFO",
    "name": "src.utils.file_io",
    "message": "Read 10 prompts from SDXL_mythical_beasts_Fantasy.txt",
    "created": 1765251388.5498645
  },
  {
    "level": "INFO",
    "name": "src.utils.file_io",
    "message": "Read 10 prompts from SDXL_mythical_beasts_Realistic.txt",
    "created": 1765251388.5540907
  },
  {
    "level": "INFO",
    "name": "src.services.queue_store_v2",
    "message": "Loaded queue state: 0 jobs, auto_run=False, paused=False",
    "created": 1765251388.6664128
  },
  {
    "level": "INFO",
    "name": "src.controller.app_controller",
    "message": "Restored queue state: auto_run=False, paused=False, 0 jobs (jobs not restored in V1 queue)",
    "created": 1765251388.6706355
  },
  {
    "level": "INFO",
    "name": "src.utils.config",
    "message": "Found 15 presets",
    "created": 1765251388.7036364
  },
  {
    "level": "INFO",
    "name": "src.utils.file_io",
    "message": "Found 12 prompt packs in packs",
    "created": 1765251388.7164357
  },
  {
    "level": "INFO",
    "name": "src.utils.file_io",
    "message": "Read 10 prompts from SDXL_angelic_warriors_Fantasy.txt",
    "created": 1765251388.7214348
  },
  {
    "level": "INFO",
    "name": "src.utils.file_io",
    "message": "Read 10 prompts from SDXL_angelic_warriors_Realistic.txt",
    "created": 1765251388.725434
  },
  {
    "level": "INFO",
    "name": "src.utils.file_io",
    "message": "Read 10 prompts from SDXL_beautiful_women_Fantasy.txt",
    "created": 1765251388.7294338
  },
  {
    "level": "INFO",
    "name": "src.utils.file_io",
    "message": "Read 10 prompts from SDXL_beautiful_women_Realistic.txt",
    "created": 1765251388.7334347
  },
  {
    "level": "INFO",
    "name": "src.utils.file_io",
    "message": "Read 10 prompts from SDXL_epic_structures_Fantasy.txt",
    "created": 1765251388.7374344
  },
  {
    "level": "INFO",
    "name": "src.utils.file_io",
    "message": "Read 10 prompts from SDXL_epic_structures_Realistic.txt",
    "created": 1765251388.7422256
  },
  {
    "level": "INFO",
    "name": "src.utils.file_io",
    "message": "Read 10 prompts from SDXL_female_fantasy_heroes_Fantasy.txt",
    "created": 1765251388.7472239
  },
  {
    "level": "INFO",
    "name": "src.utils.file_io",
    "message": "Read 10 prompts from SDXL_female_fantasy_heroes_Realistic.txt",
    "created": 1765251388.7512238
  },
  {
    "level": "INFO",
    "name": "src.utils.file_io",
    "message": "Read 10 prompts from SDXL_male_fantasy_heroes_Fantasy.txt",
    "created": 1765251388.7552238
  },
  {
    "level": "INFO",
    "name": "src.utils.file_io",
    "message": "Read 10 prompts from SDXL_male_fantasy_heroes_Realistic.txt",
    "created": 1765251388.7602243
  },
  {
    "level": "INFO",
    "name": "src.utils.file_io",
    "message": "Read 10 prompts from SDXL_mythical_beasts_Fantasy.txt",
    "created": 1765251388.765224
  },
  {
    "level": "INFO",
    "name": "src.utils.file_io",
    "message": "Read 10 prompts from SDXL_mythical_beasts_Realistic.txt",
    "created": 1765251388.7682319
  },
  {
    "level": "INFO",
    "name": "src.services.queue_store_v2",
    "message": "Loaded queue state: 0 jobs, auto_run=False, paused=False",
    "created": 1765251388.883751
  },
  {
    "level": "INFO",
    "name": "src.controller.app_controller",
    "message": "Restored queue state: auto_run=False, paused=False, 0 jobs (jobs not restored in V1 queue)",
    "created": 1765251388.8889155
  },
  {
    "level": "INFO",
    "name": "src.utils.config",
    "message": "Found 15 presets",
    "created": 1765251388.9148004
  },
  {
    "level": "INFO",
    "name": "src.utils.file_io",
    "message": "Found 12 prompt packs in packs",
    "created": 1765251388.9248013
  },
  {
    "level": "INFO",
    "name": "src.utils.file_io",
    "message": "Read 10 prompts from SDXL_angelic_warriors_Fantasy.txt",
    "created": 1765251388.9297924
  },
  {
    "level": "INFO",
    "name": "src.utils.file_io",
    "message": "Read 10 prompts from SDXL_angelic_warriors_Realistic.txt",
    "created": 1765251388.9340725
  },
  {
    "level": "INFO",
    "name": "src.utils.file_io",
    "message": "Read 10 prompts from SDXL_beautiful_women_Fantasy.txt",
    "created": 1765251388.938076
  },
  {
    "level": "INFO",
    "name": "src.utils.file_io",
    "message": "Read 10 prompts from SDXL_beautiful_women_Realistic.txt",
    "created": 1765251388.9433715
  },
  {
    "level": "INFO",
    "name": "src.utils.file_io",
    "message": "Read 10 prompts from SDXL_epic_structures_Fantasy.txt",
    "created": 1765251388.9473488
  },
  {
    "level": "INFO",
    "name": "src.utils.file_io",
    "message": "Read 10 prompts from SDXL_epic_structures_Realistic.txt",
    "created": 1765251388.952349
  },
  {
    "level": "INFO",
    "name": "src.utils.file_io",
    "message": "Read 10 prompts from SDXL_female_fantasy_heroes_Fantasy.txt",
    "created": 1765251388.956348
  },
  {
    "level": "INFO",
    "name": "src.utils.file_io",
    "message": "Read 10 prompts from SDXL_female_fantasy_heroes_Realistic.txt",
    "created": 1765251388.961348
  },
  {
    "level": "INFO",
    "name": "src.utils.file_io",
    "message": "Read 10 prompts from SDXL_male_fantasy_heroes_Fantasy.txt",
    "created": 1765251388.9653869
  },
  {
    "level": "INFO",
    "name": "src.utils.file_io",
    "message": "Read 10 prompts from SDXL_male_fantasy_heroes_Realistic.txt",
    "created": 1765251388.9703875
  },
  {
    "level": "INFO",
    "name": "src.utils.file_io",
    "message": "Read 10 prompts from SDXL_mythical_beasts_Fantasy.txt",
    "created": 1765251388.9743867
  },
  {
    "level": "INFO",
    "name": "src.utils.file_io",
    "message": "Read 10 prompts from SDXL_mythical_beasts_Realistic.txt",
    "created": 1765251388.9793866
  },
  {
    "level": "INFO",
    "name": "src.services.queue_store_v2",
    "message": "Loaded queue state: 0 jobs, auto_run=False, paused=False",
    "created": 1765251389.0675108
  },
  {
    "level": "INFO",
    "name": "src.controller.app_controller",
    "message": "Restored queue state: auto_run=False, paused=False, 0 jobs (jobs not restored in V1 queue)",
    "created": 1765251389.0715103
  },
  {
    "level": "INFO",
    "name": "src.utils.config",
    "message": "Found 15 presets",
    "created": 1765251389.0975742
  },
  {
    "level": "INFO",
    "name": "src.utils.file_io",
    "message": "Found 12 prompt packs in packs",
    "created": 1765251389.1085732
  },
  {
    "level": "INFO",
    "name": "src.utils.file_io",
    "message": "Read 10 prompts from SDXL_angelic_warriors_Fantasy.txt",
    "created": 1765251389.1135736
  },
  {
    "level": "INFO",
    "name": "src.utils.file_io",
    "message": "Read 10 prompts from SDXL_angelic_warriors_Realistic.txt",
    "created": 1765251389.118573
  },
  {
    "level": "INFO",
    "name": "src.utils.file_io",
    "message": "Read 10 prompts from SDXL_beautiful_women_Fantasy.txt",
    "created": 1765251389.1225743
  },
  {
    "level": "INFO",
    "name": "src.utils.file_io",
    "message": "Read 10 prompts from SDXL_beautiful_women_Realistic.txt",
    "created": 1765251389.126573
  },
  {
    "level": "INFO",
    "name": "src.utils.file_io",
    "message": "Read 10 prompts from SDXL_epic_structures_Fantasy.txt",
    "created": 1765251389.131573
  },
  {
    "level": "INFO",
    "name": "src.utils.file_io",
    "message": "Read 10 prompts from SDXL_epic_structures_Realistic.txt",
    "created": 1765251389.1355731
  },
  {
    "level": "INFO",
    "name": "src.utils.file_io",
    "message": "Read 10 prompts from SDXL_female_fantasy_heroes_Fantasy.txt",
    "created": 1765251389.1405742
  },
  {
    "level": "INFO",
    "name": "src.utils.file_io",
    "message": "Read 10 prompts from SDXL_female_fantasy_heroes_Realistic.txt",
    "created": 1765251389.144573
  },
  {
    "level": "INFO",
    "name": "src.utils.file_io",
    "message": "Read 10 prompts from SDXL_male_fantasy_heroes_Fantasy.txt",
    "created": 1765251389.1495733
  },
  {
    "level": "INFO",
    "name": "src.utils.file_io",
    "message": "Read 10 prompts from SDXL_male_fantasy_heroes_Realistic.txt",
    "created": 1765251389.153574
  },
  {
    "level": "INFO",
    "name": "src.utils.file_io",
    "message": "Read 10 prompts from SDXL_mythical_beasts_Fantasy.txt",
    "created": 1765251389.1585739
  },
  {
    "level": "INFO",
    "name": "src.utils.file_io",
    "message": "Read 10 prompts from SDXL_mythical_beasts_Realistic.txt",
    "created": 1765251389.1625729
  },
  {
    "level": "INFO",
    "name": "src.services.queue_store_v2",
    "message": "Loaded queue state: 0 jobs, auto_run=False, paused=False",
    "created": 1765251389.2768464
  },
  {
    "level": "INFO",
    "name": "src.controller.app_controller",
    "message": "Restored queue state: auto_run=False, paused=False, 0 jobs (jobs not restored in V1 queue)",
    "created": 1765251389.2818387
  },
  {
    "level": "INFO",
    "name": "src.utils.config",
    "message": "Found 15 presets",
    "created": 1765251389.3088465
  },
  {
    "level": "INFO",
    "name": "src.utils.file_io",
    "message": "Found 12 prompt packs in packs",
    "created": 1765251389.3198462
  },
  {
    "level": "INFO",
    "name": "src.utils.file_io",
    "message": "Read 10 prompts from SDXL_angelic_warriors_Fantasy.txt",
    "created": 1765251389.325839
  },
  {
    "level": "INFO",
    "name": "src.utils.file_io",
    "message": "Read 10 prompts from SDXL_angelic_warriors_Realistic.txt",
    "created": 1765251389.330838
  },
  {
    "level": "INFO",
    "name": "src.utils.file_io",
    "message": "Read 10 prompts from SDXL_beautiful_women_Fantasy.txt",
    "created": 1765251389.3358383
  },
  {
    "level": "INFO",
    "name": "src.utils.file_io",
    "message": "Read 10 prompts from SDXL_beautiful_women_Realistic.txt",
    "created": 1765251389.3398387
  },
  {
    "level": "INFO",
    "name": "src.utils.file_io",
    "message": "Read 10 prompts from SDXL_epic_structures_Fantasy.txt",
    "created": 1765251389.3448381
  },
  {
    "level": "INFO",
    "name": "src.utils.file_io",
    "message": "Read 10 prompts from SDXL_epic_structures_Realistic.txt",
    "created": 1765251389.348838
  },
  {
    "level": "INFO",
    "name": "src.utils.file_io",
    "message": "Read 10 prompts from SDXL_female_fantasy_heroes_Fantasy.txt",
    "created": 1765251389.3538384
  },
  {
    "level": "INFO",
    "name": "src.utils.file_io",
    "message": "Read 10 prompts from SDXL_female_fantasy_heroes_Realistic.txt",
    "created": 1765251389.3588395
  },
  {
    "level": "INFO",
    "name": "src.utils.file_io",
    "message": "Read 10 prompts from SDXL_male_fantasy_heroes_Fantasy.txt",
    "created": 1765251389.3628383
  },
  {
    "level": "INFO",
    "name": "src.utils.file_io",
    "message": "Read 10 prompts from SDXL_male_fantasy_heroes_Realistic.txt",
    "created": 1765251389.367838
  },
  {
    "level": "INFO",
    "name": "src.utils.file_io",
    "message": "Read 10 prompts from SDXL_mythical_beasts_Fantasy.txt",
    "created": 1765251389.3720162
  },
  {
    "level": "INFO",
    "name": "src.utils.file_io",
    "message": "Read 10 prompts from SDXL_mythical_beasts_Realistic.txt",
    "created": 1765251389.3770168
  },
  {
    "level": "INFO",
    "name": "src.services.queue_store_v2",
    "message": "Loaded queue state: 0 jobs, auto_run=False, paused=False",
    "created": 1765251389.4658828
  },
  {
    "level": "INFO",
    "name": "src.controller.app_controller",
    "message": "Restored queue state: auto_run=False, paused=False, 0 jobs (jobs not restored in V1 queue)",
    "created": 1765251389.470884
  },
  {
    "level": "INFO",
    "name": "src.utils.config",
    "message": "Found 15 presets",
    "created": 1765251389.498437
  },
  {
    "level": "INFO",
    "name": "src.utils.file_io",
    "message": "Found 12 prompt packs in packs",
    "created": 1765251389.5094833
  },
  {
    "level": "INFO",
    "name": "src.utils.file_io",
    "message": "Read 10 prompts from SDXL_angelic_warriors_Fantasy.txt",
    "created": 1765251389.5145814
  },
  {
    "level": "INFO",
    "name": "src.utils.file_io",
    "message": "Read 10 prompts from SDXL_angelic_warriors_Realistic.txt",
    "created": 1765251389.5195806
  },
  {
    "level": "INFO",
    "name": "src.utils.file_io",
    "message": "Read 10 prompts from SDXL_beautiful_women_Fantasy.txt",
    "created": 1765251389.523581
  },
  {
    "level": "INFO",
    "name": "src.utils.file_io",
    "message": "Read 10 prompts from SDXL_beautiful_women_Realistic.txt",
    "created": 1765251389.5285819
  },
  {
    "level": "INFO",
    "name": "src.utils.file_io",
    "message": "Read 10 prompts from SDXL_epic_structures_Fantasy.txt",
    "created": 1765251389.5335808
  },
  {
    "level": "INFO",
    "name": "src.utils.file_io",
    "message": "Read 10 prompts from SDXL_epic_structures_Realistic.txt",
    "created": 1765251389.5385802
  },
  {
    "level": "INFO",
    "name": "src.utils.file_io",
    "message": "Read 10 prompts from SDXL_female_fantasy_heroes_Fantasy.txt",
    "created": 1765251389.5435805
  },
  {
    "level": "INFO",
    "name": "src.utils.file_io",
    "message": "Read 10 prompts from SDXL_female_fantasy_heroes_Realistic.txt",
    "created": 1765251389.5479534
  },
  {
    "level": "INFO",
    "name": "src.utils.file_io",
    "message": "Read 10 prompts from SDXL_male_fantasy_heroes_Fantasy.txt",
    "created": 1765251389.5528312
  },
  {
    "level": "INFO",
    "name": "src.utils.file_io",
    "message": "Read 10 prompts from SDXL_male_fantasy_heroes_Realistic.txt",
    "created": 1765251389.5574605
  },
  {
    "level": "INFO",
    "name": "src.utils.file_io",
    "message": "Read 10 prompts from SDXL_mythical_beasts_Fantasy.txt",
    "created": 1765251389.5622602
  },
  {
    "level": "INFO",
    "name": "src.utils.file_io",
    "message": "Read 10 prompts from SDXL_mythical_beasts_Realistic.txt",
    "created": 1765251389.5672615
  },
  {
    "level": "INFO",
    "name": "src.services.queue_store_v2",
    "message": "Loaded queue state: 0 jobs, auto_run=False, paused=False",
    "created": 1765251389.657262
  },
  {
    "level": "INFO",
    "name": "src.controller.app_controller",
    "message": "Restored queue state: auto_run=False, paused=False, 0 jobs (jobs not restored in V1 queue)",
    "created": 1765251389.6622612
  },
  {
    "level": "INFO",
    "name": "src.utils.config",
    "message": "Found 15 presets",
    "created": 1765251389.6952612
  },
  {
    "level": "INFO",
    "name": "src.utils.file_io",
    "message": "Found 12 prompt packs in packs",
    "created": 1765251389.7079716
  },
  {
    "level": "INFO",
    "name": "src.utils.file_io",
    "message": "Read 10 prompts from SDXL_angelic_warriors_Fantasy.txt",
    "created": 1765251389.712693
  },
  {
    "level": "INFO",
    "name": "src.utils.file_io",
    "message": "Read 10 prompts from SDXL_angelic_warriors_Realistic.txt",
    "created": 1765251389.71815
  },
  {
    "level": "INFO",
    "name": "src.utils.file_io",
    "message": "Read 10 prompts from SDXL_beautiful_women_Fantasy.txt",
    "created": 1765251389.7227361
  },
  {
    "level": "INFO",
    "name": "src.utils.file_io",
    "message": "Read 10 prompts from SDXL_beautiful_women_Realistic.txt",
    "created": 1765251389.7267392
  },
  {
    "level": "INFO",
    "name": "src.utils.file_io",
    "message": "Read 10 prompts from SDXL_epic_structures_Fantasy.txt",
    "created": 1765251389.731695
  },
  {
    "level": "INFO",
    "name": "src.utils.file_io",
    "message": "Read 10 prompts from SDXL_epic_structures_Realistic.txt",
    "created": 1765251389.7357726
  },
  {
    "level": "INFO",
    "name": "src.utils.file_io",
    "message": "Read 10 prompts from SDXL_female_fantasy_heroes_Fantasy.txt",
    "created": 1765251389.7408416
  },
  {
    "level": "INFO",
    "name": "src.utils.file_io",
    "message": "Read 10 prompts from SDXL_female_fantasy_heroes_Realistic.txt",
    "created": 1765251389.7448444
  },
  {
    "level": "INFO",
    "name": "src.utils.file_io",
    "message": "Read 10 prompts from SDXL_male_fantasy_heroes_Fantasy.txt",
    "created": 1765251389.7498877
  },
  {
    "level": "INFO",
    "name": "src.utils.file_io",
    "message": "Read 10 prompts from SDXL_male_fantasy_heroes_Realistic.txt",
    "created": 1765251389.754245
  },
  {
    "level": "INFO",
    "name": "src.utils.file_io",
    "message": "Read 10 prompts from SDXL_mythical_beasts_Fantasy.txt",
    "created": 1765251389.7592494
  },
  {
    "level": "INFO",
    "name": "src.utils.file_io",
    "message": "Read 10 prompts from SDXL_mythical_beasts_Realistic.txt",
    "created": 1765251389.7632523
  },
  {
    "level": "INFO",
    "name": "src.services.queue_store_v2",
    "message": "Loaded queue state: 0 jobs, auto_run=False, paused=False",
    "created": 1765251389.8612926
  },
  {
    "level": "INFO",
    "name": "src.controller.app_controller",
    "message": "Restored queue state: auto_run=False, paused=False, 0 jobs (jobs not restored in V1 queue)",
    "created": 1765251389.8652809
  },
  {
    "level": "INFO",
    "name": "src.utils.config",
    "message": "Found 15 presets",
    "created": 1765251389.8921313
  },
  {
    "level": "INFO",
    "name": "src.utils.file_io",
    "message": "Found 12 prompt packs in packs",
    "created": 1765251389.9025874
  },
  {
    "level": "INFO",
    "name": "src.utils.file_io",
    "message": "Read 10 prompts from SDXL_angelic_warriors_Fantasy.txt",
    "created": 1765251389.908163
  },
  {
    "level": "INFO",
    "name": "src.utils.file_io",
    "message": "Read 10 prompts from SDXL_angelic_warriors_Realistic.txt",
    "created": 1765251389.9131634
  },
  {
    "level": "INFO",
    "name": "src.utils.file_io",
    "message": "Read 10 prompts from SDXL_beautiful_women_Fantasy.txt",
    "created": 1765251389.9181638
  },
  {
    "level": "INFO",
    "name": "src.utils.file_io",
    "message": "Read 10 prompts from SDXL_beautiful_women_Realistic.txt",
    "created": 1765251389.9228766
  },
  {
    "level": "INFO",
    "name": "src.utils.file_io",
    "message": "Read 10 prompts from SDXL_epic_structures_Fantasy.txt",
    "created": 1765251389.9268796
  },
  {
    "level": "INFO",
    "name": "src.utils.file_io",
    "message": "Read 10 prompts from SDXL_epic_structures_Realistic.txt",
    "created": 1765251389.931858
  },
  {
    "level": "INFO",
    "name": "src.utils.file_io",
    "message": "Read 10 prompts from SDXL_female_fantasy_heroes_Fantasy.txt",
    "created": 1765251389.9368823
  },
  {
    "level": "INFO",
    "name": "src.utils.file_io",
    "message": "Read 10 prompts from SDXL_female_fantasy_heroes_Realistic.txt",
    "created": 1765251389.9418821
  },
  {
    "level": "INFO",
    "name": "src.utils.file_io",
    "message": "Read 10 prompts from SDXL_male_fantasy_heroes_Fantasy.txt",
    "created": 1765251389.9458811
  },
  {
    "level": "INFO",
    "name": "src.utils.file_io",
    "message": "Read 10 prompts from SDXL_male_fantasy_heroes_Realistic.txt",
    "created": 1765251389.9508815
  },
  {
    "level": "INFO",
    "name": "src.utils.file_io",
    "message": "Read 10 prompts from SDXL_mythical_beasts_Fantasy.txt",
    "created": 1765251389.9558809
  },
  {
    "level": "INFO",
    "name": "src.utils.file_io",
    "message": "Read 10 prompts from SDXL_mythical_beasts_Realistic.txt",
    "created": 1765251389.9598832
  },
  {
    "level": "INFO",
    "name": "src.services.queue_store_v2",
    "message": "Loaded queue state: 0 jobs, auto_run=False, paused=False",
    "created": 1765251390.071427
  },
  {
    "level": "INFO",
    "name": "src.controller.app_controller",
    "message": "Restored queue state: auto_run=False, paused=False, 0 jobs (jobs not restored in V1 queue)",
    "created": 1765251390.0765285
  },
  {
    "level": "INFO",
    "name": "src.utils.config",
    "message": "Found 15 presets",
    "created": 1765251390.1019893
  },
  {
    "level": "INFO",
    "name": "src.utils.file_io",
    "message": "Found 12 prompt packs in packs",
    "created": 1765251390.1141584
  },
  {
    "level": "INFO",
    "name": "src.utils.file_io",
    "message": "Read 10 prompts from SDXL_angelic_warriors_Fantasy.txt",
    "created": 1765251390.119229
  },
  {
    "level": "INFO",
    "name": "src.utils.file_io",
    "message": "Read 10 prompts from SDXL_angelic_warriors_Realistic.txt",
    "created": 1765251390.1242287
  },
  {
    "level": "INFO",
    "name": "src.utils.file_io",
    "message": "Read 10 prompts from SDXL_beautiful_women_Fantasy.txt",
    "created": 1765251390.1292295
  },
  {
    "level": "INFO",
    "name": "src.utils.file_io",
    "message": "Read 10 prompts from SDXL_beautiful_women_Realistic.txt",
    "created": 1765251390.1342287
  },
  {
    "level": "INFO",
    "name": "src.utils.file_io",
    "message": "Read 10 prompts from SDXL_epic_structures_Fantasy.txt",
    "created": 1765251390.138228
  },
  {
    "level": "INFO",
    "name": "src.utils.file_io",
    "message": "Read 10 prompts from SDXL_epic_structures_Realistic.txt",
    "created": 1765251390.1433198
  },
  {
    "level": "INFO",
    "name": "src.utils.file_io",
    "message": "Read 10 prompts from SDXL_female_fantasy_heroes_Fantasy.txt",
    "created": 1765251390.1482196
  },
  {
    "level": "INFO",
    "name": "src.utils.file_io",
    "message": "Read 10 prompts from SDXL_female_fantasy_heroes_Realistic.txt",
    "created": 1765251390.1580637
  },
  {
    "level": "INFO",
    "name": "src.utils.file_io",
    "message": "Read 10 prompts from SDXL_male_fantasy_heroes_Fantasy.txt",
    "created": 1765251390.1620638
  },
  {
    "level": "INFO",
    "name": "src.utils.file_io",
    "message": "Read 10 prompts from SDXL_male_fantasy_heroes_Realistic.txt",
    "created": 1765251390.167064
  },
  {
    "level": "INFO",
    "name": "src.utils.file_io",
    "message": "Read 10 prompts from SDXL_mythical_beasts_Fantasy.txt",
    "created": 1765251390.1720645
  },
  {
    "level": "INFO",
    "name": "src.utils.file_io",
    "message": "Read 10 prompts from SDXL_mythical_beasts_Realistic.txt",
    "created": 1765251390.177065
  },
  {
    "level": "INFO",
    "name": "src.services.queue_store_v2",
    "message": "Loaded queue state: 0 jobs, auto_run=False, paused=False",
    "created": 1765251397.1498618
  },
  {
    "level": "INFO",
    "name": "src.controller.app_controller",
    "message": "Restored queue state: auto_run=False, paused=False, 0 jobs (jobs not restored in V1 queue)",
    "created": 1765251406.5452964
  },
  {
    "level": "INFO",
    "name": "src.utils.config",
    "message": "Found 15 presets",
    "created": 1765251407.394199
  },
  {
    "level": "INFO",
    "name": "src.utils.file_io",
    "message": "Found 12 prompt packs in packs",
    "created": 1765251407.4041984
  },
  {
    "level": "INFO",
    "name": "src.utils.file_io",
    "message": "Read 10 prompts from SDXL_angelic_warriors_Fantasy.txt",
    "created": 1765251407.409198
  },
  {
    "level": "INFO",
    "name": "src.utils.file_io",
    "message": "Read 10 prompts from SDXL_angelic_warriors_Realistic.txt",
    "created": 1765251407.4141977
  },
  {
    "level": "INFO",
    "name": "src.utils.file_io",
    "message": "Read 10 prompts from SDXL_beautiful_women_Fantasy.txt",
    "created": 1765251407.4192
  },
  {
    "level": "INFO",
    "name": "src.utils.file_io",
    "message": "Read 10 prompts from SDXL_beautiful_women_Realistic.txt",
    "created": 1765251407.4241986
  },
  {
    "level": "INFO",
    "name": "src.utils.file_io",
    "message": "Read 10 prompts from SDXL_epic_structures_Fantasy.txt",
    "created": 1765251407.4291983
  },
  {
    "level": "INFO",
    "name": "src.utils.file_io",
    "message": "Read 10 prompts from SDXL_epic_structures_Realistic.txt",
    "created": 1765251407.4341986
  },
  {
    "level": "INFO",
    "name": "src.utils.file_io",
    "message": "Read 10 prompts from SDXL_female_fantasy_heroes_Fantasy.txt",
    "created": 1765251407.4388237
  },
  {
    "level": "INFO",
    "name": "src.utils.file_io",
    "message": "Read 10 prompts from SDXL_female_fantasy_heroes_Realistic.txt",
    "created": 1765251407.4437027
  },
  {
    "level": "INFO",
    "name": "src.utils.file_io",
    "message": "Read 10 prompts from SDXL_male_fantasy_heroes_Fantasy.txt",
    "created": 1765251407.4487412
  },
  {
    "level": "INFO",
    "name": "src.utils.file_io",
    "message": "Read 10 prompts from SDXL_male_fantasy_heroes_Realistic.txt",
    "created": 1765251407.4537423
  },
  {
    "level": "INFO",
    "name": "src.utils.file_io",
    "message": "Read 10 prompts from SDXL_mythical_beasts_Fantasy.txt",
    "created": 1765251407.4577403
  },
  {
    "level": "INFO",
    "name": "src.utils.file_io",
    "message": "Read 10 prompts from SDXL_mythical_beasts_Realistic.txt",
    "created": 1765251407.4627404
  },
  {
    "level": "INFO",
    "name": "src.services.queue_store_v2",
    "message": "Loaded queue state: 0 jobs, auto_run=False, paused=False",
    "created": 1765251407.5450737
  },
  {
    "level": "INFO",
    "name": "src.controller.app_controller",
    "message": "Restored queue state: auto_run=False, paused=False, 0 jobs (jobs not restored in V1 queue)",
    "created": 1765251407.5490766
  },
  {
    "level": "INFO",
    "name": "src.utils.config",
    "message": "Found 15 presets",
    "created": 1765251407.9235897
  },
  {
    "level": "INFO",
    "name": "src.utils.file_io",
    "message": "Found 12 prompt packs in packs",
    "created": 1765251407.9355905
  },
  {
    "level": "INFO",
    "name": "src.utils.file_io",
    "message": "Read 10 prompts from SDXL_angelic_warriors_Fantasy.txt",
    "created": 1765251407.94159
  },
  {
    "level": "INFO",
    "name": "src.utils.file_io",
    "message": "Read 10 prompts from SDXL_angelic_warriors_Realistic.txt",
    "created": 1765251407.9457912
  },
  {
    "level": "INFO",
    "name": "src.utils.file_io",
    "message": "Read 10 prompts from SDXL_beautiful_women_Fantasy.txt",
    "created": 1765251407.9507911
  },
  {
    "level": "INFO",
    "name": "src.utils.file_io",
    "message": "Read 10 prompts from SDXL_beautiful_women_Realistic.txt",
    "created": 1765251407.954791
  },
  {
    "level": "INFO",
    "name": "src.utils.file_io",
    "message": "Read 10 prompts from SDXL_epic_structures_Fantasy.txt",
    "created": 1765251407.9597912
  },
  {
    "level": "INFO",
    "name": "src.utils.file_io",
    "message": "Read 10 prompts from SDXL_epic_structures_Realistic.txt",
    "created": 1765251407.9648395
  },
  {
    "level": "INFO",
    "name": "src.utils.file_io",
    "message": "Read 10 prompts from SDXL_female_fantasy_heroes_Fantasy.txt",
    "created": 1765251407.9694154
  },
  {
    "level": "INFO",
    "name": "src.utils.file_io",
    "message": "Read 10 prompts from SDXL_female_fantasy_heroes_Realistic.txt",
    "created": 1765251407.9744184
  },
  {
    "level": "INFO",
    "name": "src.utils.file_io",
    "message": "Read 10 prompts from SDXL_male_fantasy_heroes_Fantasy.txt",
    "created": 1765251407.978875
  },
  {
    "level": "INFO",
    "name": "src.utils.file_io",
    "message": "Read 10 prompts from SDXL_male_fantasy_heroes_Realistic.txt",
    "created": 1765251407.9835331
  },
  {
    "level": "INFO",
    "name": "src.utils.file_io",
    "message": "Read 10 prompts from SDXL_mythical_beasts_Fantasy.txt",
    "created": 1765251407.9887924
  },
  {
    "level": "INFO",
    "name": "src.utils.file_io",
    "message": "Read 10 prompts from SDXL_mythical_beasts_Realistic.txt",
    "created": 1765251407.9937418
  },
  {
    "level": "WARNING",
    "name": "src.learning.recommendation_engine",
    "message": "Skipping malformed JSON at line 2: Expecting value: line 1 column 16 (char 15)",
    "created": 1765251408.2330253
  },
  {
    "level": "INFO",
    "name": "src.pipeline.executor",
    "message": "Starting txt2img with prompt: test prompt...",
    "created": 1765251408.4362562
  },
  {
    "level": "INFO",
    "name": "src.pipeline.executor",
    "message": "\ud83d\udee1\ufe0f Applied global NSFW prevention - Original: '' \u2192 Enhanced: 'GLOBAL_BAD...'",
    "created": 1765251408.4413502
  },
  {
    "level": "INFO",
    "name": "StableNew",
    "message": "Created run directory: <USER_HOME>\\AppData\\Local\\Temp\\pytest-of-rob\\pytest-266\\test_data52\\logs\\run_20251208_213648",
    "created": 1765251408.6520839
  },
  {
    "level": "INFO",
    "name": "src.pipeline.executor",
    "message": "============================================================",
    "created": 1765251408.6571035
  },
  {
    "level": "INFO",
    "name": "src.pipeline.executor",
    "message": "Starting full pipeline execution",
    "created": 1765251408.6621041
  },
  {
    "level": "INFO",
    "name": "src.pipeline.executor",
    "message": "Pipeline stages: txt2img=ON, img2img=SKIP, adetailer=SKIP, upscale=SKIP (upscale_only_last=False)",
    "created": 1765251408.6661031
  },
  {
    "level": "INFO",
    "name": "src.pipeline.executor",
    "message": "============================================================",
    "created": 1765251408.671105
  },
  {
    "level": "INFO",
    "name": "src.pipeline.executor",
    "message": "Cancellation requested, aborting pipeline post-txt2img",
    "created": 1765251408.6761029
  },
  {
    "level": "ERROR",
    "name": "src.pipeline.executor",
    "message": "generate_images failed for txt2img (GenerateErrorCode.INVALID_MODEL): bad model",
    "created": 1765251408.682104
  },
  {
    "level": "INFO",
    "name": "src.services.queue_store_v2",
    "message": "Loaded queue state: 1 jobs, auto_run=True, paused=False",
    "created": 1765251408.799338
  },
  {
    "level": "WARNING",
    "name": "src.services.queue_store_v2",
    "message": "Failed to parse queue state file: Expecting value: line 1 column 1 (char 0)",
    "created": 1765251408.8123448
  },
  {
    "level": "INFO",
    "name": "src.services.queue_store_v2",
    "message": "Deleted queue state file: <USER_HOME>\\AppData\\Local\\Temp\\pytest-of-rob\\pytest-266\\test_data57\\queue_state.json",
    "created": 1765251408.8213441
  },
  {
    "level": "INFO",
    "name": "src.services.queue_store_v2",
    "message": "Loaded queue state: 0 jobs, auto_run=False, paused=True",
    "created": 1765251408.8353944
  },
  {
    "level": "INFO",
    "name": "src.services.queue_store_v2",
    "message": "Loaded queue state: 0 jobs, auto_run=False, paused=False",
    "created": 1765251408.8413908
  },
  {
    "level": "INFO",
    "name": "src.services.queue_store_v2",
    "message": "Loaded queue state: 0 jobs, auto_run=True, paused=False",
    "created": 1765251408.8548493
  },
  {
    "level": "INFO",
    "name": "src.services.queue_store_v2",
    "message": "Loaded queue state: 0 jobs, auto_run=False, paused=False",
    "created": 1765251408.8608062
  },
  {
    "level": "INFO",
    "name": "src.services.queue_store_v2",
    "message": "Loaded queue state: 1 jobs, auto_run=True, paused=True",
    "created": 1765251408.8720891
  },
  {
    "level": "INFO",
    "name": "root",
    "message": "Saved last-run config: model=test-model, sampler=test-sampler, steps=42, size=640x480",
    "created": 1765251408.879013
  },
  {
    "level": "INFO",
    "name": "root",
    "message": "Last-run config file not found: <USER_HOME>\\AppData\\Local\\Temp\\pytest-of-rob\\pytest-266\\test_data63\\missing.json",
    "created": 1765251408.8944612
  },
  {
    "level": "WARNING",
    "name": "root",
    "message": "Failed to load last-run config: Expecting value: line 1 column 1 (char 0)",
    "created": 1765251408.9141104
  },
  {
    "level": "INFO",
    "name": "src.gui.state",
    "message": "Cancellation requested",
    "created": 1765251408.9588814
  },
  {
    "level": "INFO",
    "name": "src.controller.job_service",
    "message": "Direct execution of job b6a7084f-c19d-4847-abe9-93b0fab2bcdd | {\"job_id\": \"b6a7084f-c19d-4847-abe9-93b0fab2bcdd\", \"subsystem\": \"job_service\"}",
    "created": 1765251409.0133705,
    "payload": {
      "message": "Direct execution of job b6a7084f-c19d-4847-abe9-93b0fab2bcdd",
      "job_id": "b6a7084f-c19d-4847-abe9-93b0fab2bcdd",
      "subsystem": "job_service"
    }
  },
  {
    "level": "INFO",
    "name": "src.controller.job_service",
    "message": "Queuing job bb35bc40-7099-42fb-b426-d2ea405fb332 for background execution | {\"job_id\": \"bb35bc40-7099-42fb-b426-d2ea405fb332\", \"subsystem\": \"job_service\"}",
    "created": 1765251409.020371,
    "payload": {
      "message": "Queuing job bb35bc40-7099-42fb-b426-d2ea405fb332 for background execution",
      "job_id": "bb35bc40-7099-42fb-b426-d2ea405fb332",
      "subsystem": "job_service"
    }
  },
  {
    "level": "INFO",
    "name": "src.controller.job_service",
    "message": "Submitting job f50408af-42ee-4a19-b4a2-93259a21890c with run_mode=direct | {\"job_id\": \"f50408af-42ee-4a19-b4a2-93259a21890c\", \"run_mode\": \"direct\", \"subsystem\": \"job_service\"}",
    "created": 1765251409.026373,
    "payload": {
      "message": "Submitting job f50408af-42ee-4a19-b4a2-93259a21890c with run_mode=direct",
      "job_id": "f50408af-42ee-4a19-b4a2-93259a21890c",
      "subsystem": "job_service",
      "run_mode": "direct"
    }
  },
  {
    "level": "INFO",
    "name": "src.controller.job_service",
    "message": "Submitting job cc40f668-480e-47f1-9190-d0dcdc842996 with run_mode=queue | {\"job_id\": \"cc40f668-480e-47f1-9190-d0dcdc842996\", \"run_mode\": \"queue\", \"subsystem\": \"job_service\"}",
    "created": 1765251409.0324218,
    "payload": {
      "message": "Submitting job cc40f668-480e-47f1-9190-d0dcdc842996 with run_mode=queue",
      "job_id": "cc40f668-480e-47f1-9190-d0dcdc842996",
      "subsystem": "job_service",
      "run_mode": "queue"
    }
  },
  {
    "level": "INFO",
    "name": "src.controller.job_service",
    "message": "Submitting job 04d9f801-23f1-4deb-93c8-0bbfa4264fd1 with run_mode=queue | {\"job_id\": \"04d9f801-23f1-4deb-93c8-0bbfa4264fd1\", \"run_mode\": \"queue\", \"subsystem\": \"job_service\"}",
    "created": 1765251409.038421,
    "payload": {
      "message": "Submitting job 04d9f801-23f1-4deb-93c8-0bbfa4264fd1 with run_mode=queue",
      "job_id": "04d9f801-23f1-4deb-93c8-0bbfa4264fd1",
      "subsystem": "job_service",
      "run_mode": "queue"
    }
  },
  {
    "level": "INFO",
    "name": "StableNew",
    "message": "Created run directory: <USER_HOME>\\AppData\\Local\\Temp\\pytest-of-rob\\pytest-266\\test_data78\\logs\\run_20251208_213652",
    "created": 1765251412.9218433
  },
  {
    "level": "INFO",
    "name": "src.pipeline.executor",
    "message": "============================================================",
    "created": 1765251412.9278421
  },
  {
    "level": "INFO",
    "name": "src.pipeline.executor",
    "message": "Starting full pipeline execution",
    "created": 1765251412.931843
  },
  {
    "level": "INFO",
    "name": "src.pipeline.executor",
    "message": "Pipeline stages: txt2img=ON, img2img=SKIP, adetailer=SKIP, upscale=ON (upscale_only_last=False)",
    "created": 1765251412.9368422
  },
  {
    "level": "INFO",
    "name": "src.pipeline.executor",
    "message": "============================================================",
    "created": 1765251412.9418423
  },
  {
    "level": "INFO",
    "name": "src.pipeline.executor",
    "message": "PIPELINE DIAG: txt2img produced 3 images (batch_size=1, n_iter=1)",
    "created": 1765251412.9468422
  },
  {
    "level": "INFO",
    "name": "src.pipeline.executor",
    "message": "img2img skipped for img-0",
    "created": 1765251412.9518425
  },
  {
    "level": "INFO",
    "name": "src.pipeline.executor",
    "message": "upscale completed for img_0.png",
    "created": 1765251412.956842
  },
  {
    "level": "INFO",
    "name": "StableNew",
    "message": "Created run directory: <USER_HOME>\\AppData\\Local\\Temp\\pytest-of-rob\\pytest-266\\test_data79\\logs\\run_20251208_213652",
    "created": 1765251412.964528
  },
  {
    "level": "INFO",
    "name": "src.pipeline.executor",
    "message": "============================================================",
    "created": 1765251412.969531
  },
  {
    "level": "INFO",
    "name": "src.pipeline.executor",
    "message": "Starting full pipeline execution",
    "created": 1765251412.974532
  },
  {
    "level": "INFO",
    "name": "src.pipeline.executor",
    "message": "Pipeline stages: txt2img=ON, img2img=SKIP, adetailer=SKIP, upscale=ON (upscale_only_last=False)",
    "created": 1765251412.9785311
  },
  {
    "level": "INFO",
    "name": "src.pipeline.executor",
    "message": "============================================================",
    "created": 1765251412.983531
  },
  {
    "level": "INFO",
    "name": "src.pipeline.executor",
    "message": "PIPELINE DIAG: txt2img produced 2 images (batch_size=1, n_iter=1)",
    "created": 1765251412.9885306
  },
  {
    "level": "INFO",
    "name": "src.pipeline.executor",
    "message": "img2img skipped for img-0",
    "created": 1765251412.9935317
  },
  {
    "level": "INFO",
    "name": "src.pipeline.executor",
    "message": "upscale completed for img_0.png",
    "created": 1765251412.9985745
  },
  {
    "level": "INFO",
    "name": "src.pipeline.executor",
    "message": "img2img skipped for img-1",
    "created": 1765251413.0035734
  },
  {
    "level": "INFO",
    "name": "src.pipeline.executor",
    "message": "upscale completed for img_1.png",
    "created": 1765251413.0085733
  },
  {
    "level": "INFO",
    "name": "StableNew",
    "message": "Created CSV summary: <USER_HOME>\\AppData\\Local\\Temp\\pytest-of-rob\\pytest-266\\test_data79\\logs\\run_20251208_213652\\summary.csv",
    "created": 1765251413.013574
  },
  {
    "level": "INFO",
    "name": "src.pipeline.executor",
    "message": "============================================================",
    "created": 1765251413.018573
  },
  {
    "level": "INFO",
    "name": "src.pipeline.executor",
    "message": "Pipeline completed: 2 images processed",
    "created": 1765251413.0235744
  },
  {
    "level": "INFO",
    "name": "src.pipeline.executor",
    "message": "Output directory: <USER_HOME>\\AppData\\Local\\Temp\\pytest-of-rob\\pytest-266\\test_data79\\logs\\run_20251208_213652",
    "created": 1765251413.027573
  },
  {
    "level": "INFO",
    "name": "src.pipeline.executor",
    "message": "============================================================",
    "created": 1765251413.0325735
  },
  {
    "level": "INFO",
    "name": "StableNew",
    "message": "Recorded run status 'success' at <USER_HOME>\\AppData\\Local\\Temp\\pytest-of-rob\\pytest-266\\test_data79\\logs\\run_20251208_213652\\run_status.json",
    "created": 1765251413.0375733
  },
  {
    "level": "INFO",
    "name": "src.controller.job_service",
    "message": "Direct execution of job direct-001 | {\"job_id\": \"direct-001\", \"subsystem\": \"job_service\"}",
    "created": 1765251413.0949495,
    "payload": {
      "message": "Direct execution of job direct-001",
      "job_id": "direct-001",
      "subsystem": "job_service"
    }
  },
  {
    "level": "INFO",
    "name": "src.controller.job_service",
    "message": "Direct execution of job direct-002 | {\"job_id\": \"direct-002\", \"subsystem\": \"job_service\"}",
    "created": 1765251413.1032355,
    "payload": {
      "message": "Direct execution of job direct-002",
      "job_id": "direct-002",
      "subsystem": "job_service"
    }
  },
  {
    "level": "INFO",
    "name": "src.controller.job_service",
    "message": "Direct execution of job direct-003 | {\"job_id\": \"direct-003\", \"subsystem\": \"job_service\"}",
    "created": 1765251413.1096103,
    "payload": {
      "message": "Direct execution of job direct-003",
      "job_id": "direct-003",
      "subsystem": "job_service"
    }
  },
  {
    "level": "INFO",
    "name": "src.controller.job_service",
    "message": "Direct execution of job direct-fail | {\"job_id\": \"direct-fail\", \"subsystem\": \"job_service\"}",
    "created": 1765251413.115592,
    "payload": {
      "message": "Direct execution of job direct-fail",
      "job_id": "direct-fail",
      "subsystem": "job_service"
    }
  },
  {
    "level": "ERROR",
    "name": "src.queue.single_node_runner",
    "message": "Job direct-fail failed with error: Simulated job failure\nTraceback (most recent call last):\n  File \"<USER_HOME>\\projects\\StableNew\\src\\queue\\single_node_runner.py\", line 108, in run_once\n    result = self.run_callable(job)\n  File \"<USER_HOME>\\projects\\StableNew\\tests\\queue\\test_job_service_pipeline_integration_v2.py\", line 89, in __call__\n    raise RuntimeError(\"Simulated job failure\")\nRuntimeError: Simulated job failure",
    "created": 1765251413.1207728
  },
  {
    "level": "INFO",
    "name": "src.controller.job_service",
    "message": "Queuing job queued-001 for background execution | {\"job_id\": \"queued-001\", \"subsystem\": \"job_service\"}",
    "created": 1765251413.1367218,
    "payload": {
      "message": "Queuing job queued-001 for background execution",
      "job_id": "queued-001",
      "subsystem": "job_service"
    }
  },
  {
    "level": "INFO",
    "name": "src.controller.job_service",
    "message": "Queuing job queued-002 for background execution | {\"job_id\": \"queued-002\", \"subsystem\": \"job_service\"}",
    "created": 1765251413.1427221,
    "payload": {
      "message": "Queuing job queued-002 for background execution",
      "job_id": "queued-002",
      "subsystem": "job_service"
    }
  },
  {
    "level": "INFO",
    "name": "src.controller.job_service",
    "message": "Queuing job queued-003 for background execution | {\"job_id\": \"queued-003\", \"subsystem\": \"job_service\"}",
    "created": 1765251413.1507232,
    "payload": {
      "message": "Queuing job queued-003 for background execution",
      "job_id": "queued-003",
      "subsystem": "job_service"
    }
  },
  {
    "level": "INFO",
    "name": "src.controller.job_service",
    "message": "Queuing job queued-004 for background execution | {\"job_id\": \"queued-004\", \"subsystem\": \"job_service\"}",
    "created": 1765251413.1771798,
    "payload": {
      "message": "Queuing job queued-004 for background execution",
      "job_id": "queued-004",
      "subsystem": "job_service"
    }
  },
  {
    "level": "INFO",
    "name": "src.controller.job_service",
    "message": "Queuing job multi-001 for background execution | {\"job_id\": \"multi-001\", \"subsystem\": \"job_service\"}",
    "created": 1765251413.2082713,
    "payload": {
      "message": "Queuing job multi-001 for background execution",
      "job_id": "multi-001",
      "subsystem": "job_service"
    }
  },
  {
    "level": "INFO",
    "name": "src.controller.job_service",
    "message": "Queuing job multi-002 for background execution | {\"job_id\": \"multi-002\", \"subsystem\": \"job_service\"}",
    "created": 1765251413.2140205,
    "payload": {
      "message": "Queuing job multi-002 for background execution",
      "job_id": "multi-002",
      "subsystem": "job_service"
    }
  },
  {
    "level": "INFO",
    "name": "src.controller.job_service",
    "message": "Queuing job multi-003 for background execution | {\"job_id\": \"multi-003\", \"subsystem\": \"job_service\"}",
    "created": 1765251413.2186837,
    "payload": {
      "message": "Queuing job multi-003 for background execution",
      "job_id": "multi-003",
      "subsystem": "job_service"
    }
  },
  {
    "level": "INFO",
    "name": "src.controller.job_service",
    "message": "Queuing job fifo-000 for background execution | {\"job_id\": \"fifo-000\", \"subsystem\": \"job_service\"}",
    "created": 1765251413.2548382,
    "payload": {
      "message": "Queuing job fifo-000 for background execution",
      "job_id": "fifo-000",
      "subsystem": "job_service"
    }
  },
  {
    "level": "INFO",
    "name": "src.controller.job_service",
    "message": "Queuing job fifo-001 for background execution | {\"job_id\": \"fifo-001\", \"subsystem\": \"job_service\"}",
    "created": 1765251413.2603295,
    "payload": {
      "message": "Queuing job fifo-001 for background execution",
      "job_id": "fifo-001",
      "subsystem": "job_service"
    }
  },
  {
    "level": "INFO",
    "name": "src.controller.job_service",
    "message": "Queuing job fifo-002 for background execution | {\"job_id\": \"fifo-002\", \"subsystem\": \"job_service\"}",
    "created": 1765251413.266287,
    "payload": {
      "message": "Queuing job fifo-002 for background execution",
      "job_id": "fifo-002",
      "subsystem": "job_service"
    }
  },
  {
    "level": "INFO",
    "name": "src.controller.job_service",
    "message": "Queuing job fifo-003 for background execution | {\"job_id\": \"fifo-003\", \"subsystem\": \"job_service\"}",
    "created": 1765251413.2712617,
    "payload": {
      "message": "Queuing job fifo-003 for background execution",
      "job_id": "fifo-003",
      "subsystem": "job_service"
    }
  },
  {
    "level": "INFO",
    "name": "src.controller.job_service",
    "message": "Queuing job fifo-004 for background execution | {\"job_id\": \"fifo-004\", \"subsystem\": \"job_service\"}",
    "created": 1765251413.2753673,
    "payload": {
      "message": "Queuing job fifo-004 for background execution",
      "job_id": "fifo-004",
      "subsystem": "job_service"
    }
  },
  {
    "level": "INFO",
    "name": "src.controller.job_service",
    "message": "Direct execution of job parity-direct | {\"job_id\": \"parity-direct\", \"subsystem\": \"job_service\"}",
    "created": 1765251413.3096488,
    "payload": {
      "message": "Direct execution of job parity-direct",
      "job_id": "parity-direct",
      "subsystem": "job_service"
    }
  },
  {
    "level": "INFO",
    "name": "src.controller.job_service",
    "message": "Queuing job parity-queue for background execution | {\"job_id\": \"parity-queue\", \"subsystem\": \"job_service\"}",
    "created": 1765251413.3174615,
    "payload": {
      "message": "Queuing job parity-queue for background execution",
      "job_id": "parity-queue",
      "subsystem": "job_service"
    }
  },
  {
    "level": "INFO",
    "name": "src.controller.job_service",
    "message": "Queuing job fail-001 for background execution | {\"job_id\": \"fail-001\", \"subsystem\": \"job_service\"}",
    "created": 1765251413.336255,
    "payload": {
      "message": "Queuing job fail-001 for background execution",
      "job_id": "fail-001",
      "subsystem": "job_service"
    }
  },
  {
    "level": "ERROR",
    "name": "src.queue.single_node_runner",
    "message": "Job fail-001 failed with error: Simulated job failure\nTraceback (most recent call last):\n  File \"<USER_HOME>\\projects\\StableNew\\src\\queue\\single_node_runner.py\", line 84, in _worker_loop\n    result = self.run_callable(job)\n  File \"<USER_HOME>\\projects\\StableNew\\tests\\queue\\test_job_service_pipeline_integration_v2.py\", line 89, in __call__\n    raise RuntimeError(\"Simulated job failure\")\nRuntimeError: Simulated job failure",
    "created": 1765251413.3417623
  },
  {
    "level": "INFO",
    "name": "src.controller.job_service",
    "message": "Queuing job success-1 for background execution | {\"job_id\": \"success-1\", \"subsystem\": \"job_service\"}",
    "created": 1765251413.368445,
    "payload": {
      "message": "Queuing job success-1 for background execution",
      "job_id": "success-1",
      "subsystem": "job_service"
    }
  },
  {
    "level": "INFO",
    "name": "src.controller.job_service",
    "message": "Queuing job fail-middle for background execution | {\"job_id\": \"fail-middle\", \"subsystem\": \"job_service\"}",
    "created": 1765251413.3734438,
    "payload": {
      "message": "Queuing job fail-middle for background execution",
      "job_id": "fail-middle",
      "subsystem": "job_service"
    }
  },
  {
    "level": "INFO",
    "name": "src.controller.job_service",
    "message": "Queuing job success-2 for background execution | {\"job_id\": \"success-2\", \"subsystem\": \"job_service\"}",
    "created": 1765251413.3784437,
    "payload": {
      "message": "Queuing job success-2 for background execution",
      "job_id": "success-2",
      "subsystem": "job_service"
    }
  },
  {
    "level": "ERROR",
    "name": "src.queue.single_node_runner",
    "message": "Job fail-middle failed with error: Middle job failed\nTraceback (most recent call last):\n  File \"<USER_HOME>\\projects\\StableNew\\src\\queue\\single_node_runner.py\", line 84, in _worker_loop\n    result = self.run_callable(job)\n  File \"<USER_HOME>\\projects\\StableNew\\tests\\queue\\test_job_service_pipeline_integration_v2.py\", line 463, in selective_failure\n    raise RuntimeError(\"Middle job failed\")\nRuntimeError: Middle job failed",
    "created": 1765251413.476853
  },
  {
    "level": "INFO",
    "name": "src.controller.job_service",
    "message": "Queuing job meta-001 for background execution | {\"job_id\": \"meta-001\", \"subsystem\": \"job_service\"}",
    "created": 1765251413.4938922,
    "payload": {
      "message": "Queuing job meta-001 for background execution",
      "job_id": "meta-001",
      "subsystem": "job_service"
    }
  },
  {
    "level": "INFO",
    "name": "src.controller.job_service",
    "message": "Queuing job meta-002 for background execution | {\"job_id\": \"meta-002\", \"subsystem\": \"job_service\"}",
    "created": 1765251413.5245368,
    "payload": {
      "message": "Queuing job meta-002 for background execution",
      "job_id": "meta-002",
      "subsystem": "job_service"
    }
  },
  {
    "level": "INFO",
    "name": "src.controller.job_service",
    "message": "Queuing job lifecycle-001 for background execution | {\"job_id\": \"lifecycle-001\", \"subsystem\": \"job_service\"}",
    "created": 1765251413.5483546,
    "payload": {
      "message": "Queuing job lifecycle-001 for background execution",
      "job_id": "lifecycle-001",
      "subsystem": "job_service"
    }
  },
  {
    "level": "INFO",
    "name": "src.controller.job_service",
    "message": "Queuing job pause-001 for background execution | {\"job_id\": \"pause-001\", \"subsystem\": \"job_service\"}",
    "created": 1765251413.5754302,
    "payload": {
      "message": "Queuing job pause-001 for background execution",
      "job_id": "pause-001",
      "subsystem": "job_service"
    }
  },
  {
    "level": "INFO",
    "name": "src.controller.job_service",
    "message": "Submitting job batch-direct-1 with run_mode=direct | {\"job_id\": \"batch-direct-1\", \"run_mode\": \"direct\", \"subsystem\": \"job_service\"}",
    "created": 1765251413.6362495,
    "payload": {
      "message": "Submitting job batch-direct-1 with run_mode=direct",
      "job_id": "batch-direct-1",
      "subsystem": "job_service",
      "run_mode": "direct"
    }
  },
  {
    "level": "INFO",
    "name": "src.controller.job_service",
    "message": "Direct execution of job batch-direct-1 | {\"job_id\": \"batch-direct-1\", \"subsystem\": \"job_service\"}",
    "created": 1765251413.6415231,
    "payload": {
      "message": "Direct execution of job batch-direct-1",
      "job_id": "batch-direct-1",
      "subsystem": "job_service"
    }
  },
  {
    "level": "INFO",
    "name": "src.controller.job_service",
    "message": "Submitting job batch-queue-1 with run_mode=queue | {\"job_id\": \"batch-queue-1\", \"run_mode\": \"queue\", \"subsystem\": \"job_service\"}",
    "created": 1765251413.646526,
    "payload": {
      "message": "Submitting job batch-queue-1 with run_mode=queue",
      "job_id": "batch-queue-1",
      "subsystem": "job_service",
      "run_mode": "queue"
    }
  },
  {
    "level": "INFO",
    "name": "src.controller.job_service",
    "message": "Queuing job batch-queue-1 for background execution | {\"job_id\": \"batch-queue-1\", \"subsystem\": \"job_service\"}",
    "created": 1765251413.6514683,
    "payload": {
      "message": "Queuing job batch-queue-1 for background execution",
      "job_id": "batch-queue-1",
      "subsystem": "job_service"
    }
  },
  {
    "level": "INFO",
    "name": "src.controller.job_service",
    "message": "Submitting job batch-queue-2 with run_mode=queue | {\"job_id\": \"batch-queue-2\", \"run_mode\": \"queue\", \"subsystem\": \"job_service\"}",
    "created": 1765251413.6565263,
    "payload": {
      "message": "Submitting job batch-queue-2 with run_mode=queue",
      "job_id": "batch-queue-2",
      "subsystem": "job_service",
      "run_mode": "queue"
    }
  },
  {
    "level": "INFO",
    "name": "src.controller.job_service",
    "message": "Queuing job batch-queue-2 for background execution | {\"job_id\": \"batch-queue-2\", \"subsystem\": \"job_service\"}",
    "created": 1765251413.661525,
    "payload": {
      "message": "Queuing job batch-queue-2 for background execution",
      "job_id": "batch-queue-2",
      "subsystem": "job_service"
    }
  },
  {
    "level": "ERROR",
    "name": "src.queue.single_node_runner",
    "message": "Job run-error failed with error: Run failed\nTraceback (most recent call last):\n  File \"<USER_HOME>\\projects\\StableNew\\src\\queue\\single_node_runner.py\", line 108, in run_once\n    result = self.run_callable(job)\n  File \"<USER_HOME>\\projects\\StableNew\\tests\\queue\\test_single_node_runner.py\", line 33, in __call__\n    raise RuntimeError(\"Run failed\")\nRuntimeError: Run failed",
    "created": 1765251413.8842294
  },
  {
    "level": "INFO",
    "name": "src.controller.job_service",
    "message": "Submitting job snapshot-simple-txt2img with run_mode=queue | {\"job_id\": \"snapshot-simple-txt2img\", \"run_mode\": \"queue\", \"subsystem\": \"job_service\"}",
    "created": 1765251414.0305939,
    "payload": {
      "message": "Submitting job snapshot-simple-txt2img with run_mode=queue",
      "job_id": "snapshot-simple-txt2img",
      "subsystem": "job_service",
      "run_mode": "queue"
    }
  },
  {
    "level": "INFO",
    "name": "src.controller.job_service",
    "message": "Submitting job snapshot-multi-stage with run_mode=queue | {\"job_id\": \"snapshot-multi-stage\", \"run_mode\": \"queue\", \"subsystem\": \"job_service\"}",
    "created": 1765251414.0744953,
    "payload": {
      "message": "Submitting job snapshot-multi-stage with run_mode=queue",
      "job_id": "snapshot-multi-stage",
      "subsystem": "job_service",
      "run_mode": "queue"
    }
  },
  {
    "level": "INFO",
    "name": "src.controller.job_service",
    "message": "Submitting job snapshot-pack-random with run_mode=queue | {\"job_id\": \"snapshot-pack-random\", \"run_mode\": \"queue\", \"subsystem\": \"job_service\"}",
    "created": 1765251414.110382,
    "payload": {
      "message": "Submitting job snapshot-pack-random with run_mode=queue",
      "job_id": "snapshot-pack-random",
      "subsystem": "job_service",
      "run_mode": "queue"
    }
  },
  {
    "level": "INFO",
    "name": "src.api.client",
    "message": "SD WebUI API is ready",
    "created": 1765251414.2593224
  },
  {
    "level": "WARNING",
    "name": "src.api.client",
    "message": "Request GET http://127.0.0.1:7860/sdapi/v1/sd-models attempt 1/5 failed | {\"attempt\": 1, \"error\": \"\", \"max_attempts\": 5, \"stage\": null, \"subsystem\": \"api\"}",
    "created": 1765251414.2660255,
    "payload": {
      "message": "Request GET http://127.0.0.1:7860/sdapi/v1/sd-models attempt 1/5 failed",
      "subsystem": "api",
      "error": "",
      "stage": null,
      "attempt": 1,
      "max_attempts": 5
    }
  },
  {
    "level": "WARNING",
    "name": "src.api.client",
    "message": "Request GET http://127.0.0.1:7860/sdapi/v1/sd-models attempt 2/5 failed | {\"attempt\": 2, \"error\": \"\", \"max_attempts\": 5, \"stage\": null, \"subsystem\": \"api\"}",
    "created": 1765251416.5261192,
    "payload": {
      "message": "Request GET http://127.0.0.1:7860/sdapi/v1/sd-models attempt 2/5 failed",
      "subsystem": "api",
      "error": "",
      "stage": null,
      "attempt": 2,
      "max_attempts": 5
    }
  },
  {
    "level": "WARNING",
    "name": "src.api.client",
    "message": "Request GET http://127.0.0.1:7860/sdapi/v1/sd-models attempt 3/5 failed | {\"attempt\": 3, \"error\": \"\", \"max_attempts\": 5, \"stage\": null, \"subsystem\": \"api\"}",
    "created": 1765251421.0796235,
    "payload": {
      "message": "Request GET http://127.0.0.1:7860/sdapi/v1/sd-models attempt 3/5 failed",
      "subsystem": "api",
      "error": "",
      "stage": null,
      "attempt": 3,
      "max_attempts": 5
    }
  },
  {
    "level": "WARNING",
    "name": "src.api.client",
    "message": "Request GET http://127.0.0.1:7860/sdapi/v1/sd-models attempt 4/5 failed | {\"attempt\": 4, \"error\": \"\", \"max_attempts\": 5, \"stage\": null, \"subsystem\": \"api\"}",
    "created": 1765251433.0084713,
    "payload": {
      "message": "Request GET http://127.0.0.1:7860/sdapi/v1/sd-models attempt 4/5 failed",
      "subsystem": "api",
      "error": "",
      "stage": null,
      "attempt": 4,
      "max_attempts": 5
    }
  },
  {
    "level": "WARNING",
    "name": "src.api.client",
    "message": "Request GET http://127.0.0.1:7860/sdapi/v1/sd-models attempt 5/5 failed | {\"attempt\": 5, \"error\": \"\", \"max_attempts\": 5, \"stage\": null, \"subsystem\": \"api\"}",
    "created": 1765251479.1236823,
    "payload": {
      "message": "Request GET http://127.0.0.1:7860/sdapi/v1/sd-models attempt 5/5 failed",
      "subsystem": "api",
      "error": "",
      "stage": null,
      "attempt": 5,
      "max_attempts": 5
    }
  },
  {
    "level": "ERROR",
    "name": "src.api.client",
    "message": "Request GET http://127.0.0.1:7860/sdapi/v1/sd-models failed after 5 attempts | {\"attempts\": 5, \"error\": \"\", \"stage\": null, \"subsystem\": \"api\"}",
    "created": 1765251482.2635942,
    "payload": {
      "message": "Request GET http://127.0.0.1:7860/sdapi/v1/sd-models failed after 5 attempts",
      "subsystem": "api",
      "error": "",
      "stage": null,
      "attempts": 5
    }
  },
  {
    "level": "ERROR",
    "name": "src.api.client",
    "message": "SD WebUI API is not ready after max retries",
    "created": 1765251482.269594
  },
  {
    "level": "INFO",
    "name": "src.api.client",
    "message": "txt2img completed successfully, generated 1 images",
    "created": 1765251482.2755945
  },
  {
    "level": "INFO",
    "name": "src.utils.diagnostics_bundle_v2",
    "message": "Crash bundle saved to reports\\diagnostics\\stablenew_diagnostics_20251209_033802_uncaught_exception.zip",
    "created": 1765251482.687412
  },
  {
    "level": "INFO",
    "name": "src.utils.diagnostics_bundle_v2",
    "message": "Crash bundle saved to reports\\diagnostics\\stablenew_diagnostics_20251209_033802_uncaught_exception.zip",
    "created": 1765251482.8880875
  },
  {
    "level": "INFO",
    "name": "src.utils.diagnostics_bundle_v2",
    "message": "Crash bundle saved to reports\\diagnostics\\stablenew_diagnostics_20251209_033802_uncaught_exception.zip",
    "created": 1765251483.086451
  },
  {
    "level": "INFO",
    "name": "src.utils.diagnostics_bundle_v2",
    "message": "Crash bundle saved to reports\\diagnostics\\stablenew_diagnostics_20251209_033803_uncaught_exception.zip",
    "created": 1765251483.2813544
  },
  {
    "level": "INFO",
    "name": "src.utils.diagnostics_bundle_v2",
    "message": "Crash bundle saved to reports\\diagnostics\\stablenew_diagnostics_20251209_033803_uncaught_exception.zip",
    "created": 1765251483.4772394
  },
  {
    "level": "INFO",
    "name": "src.utils.diagnostics_bundle_v2",
    "message": "Crash bundle saved to reports\\diagnostics\\stablenew_diagnostics_20251209_033803_uncaught_exception.zip",
    "created": 1765251484.5234892
  },
  {
    "level": "INFO",
    "name": "src.utils.diagnostics_bundle_v2",
    "message": "Crash bundle saved to reports\\diagnostics\\stablenew_diagnostics_20251209_033804_uncaught_exception.zip",
    "created": 1765251486.4003782
  },
  {
    "level": "INFO",
    "name": "src.utils.diagnostics_bundle_v2",
    "message": "Crash bundle saved to reports\\diagnostics\\stablenew_diagnostics_20251209_033806_uncaught_exception.zip",
    "created": 1765251486.5963128
  },
  {
    "level": "INFO",
    "name": "src.utils.diagnostics_bundle_v2",
    "message": "Crash bundle saved to reports\\diagnostics\\stablenew_diagnostics_20251209_033806_uncaught_exception.zip",
    "created": 1765251486.791189
  },
  {
    "level": "INFO",
    "name": "src.utils.diagnostics_bundle_v2",
    "message": "Crash bundle saved to reports\\diagnostics\\stablenew_diagnostics_20251209_033806_uncaught_exception.zip",
    "created": 1765251486.9885943
  },
  {
    "level": "INFO",
    "name": "src.utils.diagnostics_bundle_v2",
    "message": "Crash bundle saved to reports\\diagnostics\\stablenew_diagnostics_20251209_033806_uncaught_exception.zip",
    "created": 1765251487.1837091
  },
  {
    "level": "INFO",
    "name": "src.utils.diagnostics_bundle_v2",
    "message": "Crash bundle saved to reports\\diagnostics\\stablenew_diagnostics_20251209_033807_uncaught_exception.zip",
    "created": 1765251487.3778245
  },
  {
    "level": "INFO",
    "name": "src.utils.diagnostics_bundle_v2",
    "message": "Crash bundle saved to reports\\diagnostics\\stablenew_diagnostics_20251209_033807_uncaught_exception.zip",
    "created": 1765251517.673377
  },
  {
    "level": "INFO",
    "name": "src.utils.diagnostics_bundle_v2",
    "message": "Crash bundle saved to reports\\diagnostics\\stablenew_diagnostics_20251209_033837_uncaught_exception.zip",
    "created": 1765251517.8730972
  }
]