[
  {
    "level": "INFO",
    "name": "src.services.queue_store_v2",
    "message": "Loaded queue state: 0 jobs, auto_run=False, paused=False",
    "created": 1765251526.1656759
  },
  {
    "level": "INFO",
    "name": "src.controller.app_controller",
    "message": "Restored queue state: auto_run=False, paused=False, 0 jobs (jobs not restored in V1 queue)",
    "created": 1765251526.1656759
  },
  {
    "level": "INFO",
    "name": "src.services.queue_store_v2",
    "message": "Loaded queue state: 0 jobs, auto_run=False, paused=False",
    "created": 1765251526.1751626
  },
  {
    "level": "INFO",
    "name": "src.controller.app_controller",
    "message": "Restored queue state: auto_run=False, paused=False, 0 jobs (jobs not restored in V1 queue)",
    "created": 1765251526.1771631
  },
  {
    "level": "INFO",
    "name": "src.services.queue_store_v2",
    "message": "Loaded queue state: 0 jobs, auto_run=False, paused=False",
    "created": 1765251526.1836045
  },
  {
    "level": "INFO",
    "name": "src.controller.app_controller",
    "message": "Restored queue state: auto_run=False, paused=False, 0 jobs (jobs not restored in V1 queue)",
    "created": 1765251526.1857955
  },
  {
    "level": "INFO",
    "name": "src.services.queue_store_v2",
    "message": "Loaded queue state: 0 jobs, auto_run=False, paused=False",
    "created": 1765251526.1937938
  },
  {
    "level": "INFO",
    "name": "src.controller.app_controller",
    "message": "Restored queue state: auto_run=False, paused=False, 0 jobs (jobs not restored in V1 queue)",
    "created": 1765251526.194794
  },
  {
    "level": "INFO",
    "name": "src.services.queue_store_v2",
    "message": "Loaded queue state: 0 jobs, auto_run=False, paused=False",
    "created": 1765251526.3050046
  },
  {
    "level": "INFO",
    "name": "src.controller.app_controller",
    "message": "Restored queue state: auto_run=False, paused=False, 0 jobs (jobs not restored in V1 queue)",
    "created": 1765251526.306005
  },
  {
    "level": "INFO",
    "name": "src.services.queue_store_v2",
    "message": "Loaded queue state: 0 jobs, auto_run=False, paused=False",
    "created": 1765251526.3090048
  },
  {
    "level": "INFO",
    "name": "src.controller.app_controller",
    "message": "Restored queue state: auto_run=False, paused=False, 0 jobs (jobs not restored in V1 queue)",
    "created": 1765251526.3090048
  },
  {
    "level": "INFO",
    "name": "src.services.queue_store_v2",
    "message": "Loaded queue state: 0 jobs, auto_run=False, paused=False",
    "created": 1765251526.3120053
  },
  {
    "level": "INFO",
    "name": "src.controller.app_controller",
    "message": "Restored queue state: auto_run=False, paused=False, 0 jobs (jobs not restored in V1 queue)",
    "created": 1765251526.3130074
  },
  {
    "level": "INFO",
    "name": "src.utils.config",
    "message": "Found 15 presets",
    "created": 1765251526.360881
  },
  {
    "level": "INFO",
    "name": "src.utils.file_io",
    "message": "Found 12 prompt packs in packs",
    "created": 1765251526.3721483
  },
  {
    "level": "INFO",
    "name": "src.utils.file_io",
    "message": "Read 10 prompts from SDXL_angelic_warriors_Fantasy.txt",
    "created": 1765251526.3732576
  },
  {
    "level": "INFO",
    "name": "src.utils.file_io",
    "message": "Read 10 prompts from SDXL_angelic_warriors_Realistic.txt",
    "created": 1765251526.3742578
  },
  {
    "level": "INFO",
    "name": "src.utils.file_io",
    "message": "Read 10 prompts from SDXL_beautiful_women_Fantasy.txt",
    "created": 1765251526.3752568
  },
  {
    "level": "INFO",
    "name": "src.utils.file_io",
    "message": "Read 10 prompts from SDXL_beautiful_women_Realistic.txt",
    "created": 1765251526.3762572
  },
  {
    "level": "INFO",
    "name": "src.utils.file_io",
    "message": "Read 10 prompts from SDXL_epic_structures_Fantasy.txt",
    "created": 1765251526.3762572
  },
  {
    "level": "INFO",
    "name": "src.utils.file_io",
    "message": "Read 10 prompts from SDXL_epic_structures_Realistic.txt",
    "created": 1765251526.3772578
  },
  {
    "level": "INFO",
    "name": "src.utils.file_io",
    "message": "Read 10 prompts from SDXL_female_fantasy_heroes_Fantasy.txt",
    "created": 1765251526.3790839
  },
  {
    "level": "INFO",
    "name": "src.utils.file_io",
    "message": "Read 10 prompts from SDXL_female_fantasy_heroes_Realistic.txt",
    "created": 1765251526.3801126
  },
  {
    "level": "INFO",
    "name": "src.utils.file_io",
    "message": "Read 10 prompts from SDXL_male_fantasy_heroes_Fantasy.txt",
    "created": 1765251526.3801126
  },
  {
    "level": "INFO",
    "name": "src.utils.file_io",
    "message": "Read 10 prompts from SDXL_male_fantasy_heroes_Realistic.txt",
    "created": 1765251526.3811126
  },
  {
    "level": "INFO",
    "name": "src.utils.file_io",
    "message": "Read 10 prompts from SDXL_mythical_beasts_Fantasy.txt",
    "created": 1765251526.382112
  },
  {
    "level": "INFO",
    "name": "src.utils.file_io",
    "message": "Read 10 prompts from SDXL_mythical_beasts_Realistic.txt",
    "created": 1765251526.3831122
  },
  {
    "level": "INFO",
    "name": "src.utils.config",
    "message": "Found 15 presets",
    "created": 1765251526.436726
  },
  {
    "level": "INFO",
    "name": "src.utils.file_io",
    "message": "Found 12 prompt packs in packs",
    "created": 1765251526.4435983
  },
  {
    "level": "INFO",
    "name": "src.utils.file_io",
    "message": "Read 10 prompts from SDXL_angelic_warriors_Fantasy.txt",
    "created": 1765251526.4456663
  },
  {
    "level": "INFO",
    "name": "src.utils.file_io",
    "message": "Read 10 prompts from SDXL_angelic_warriors_Realistic.txt",
    "created": 1765251526.4466712
  },
  {
    "level": "INFO",
    "name": "src.utils.file_io",
    "message": "Read 10 prompts from SDXL_beautiful_women_Fantasy.txt",
    "created": 1765251526.4476717
  },
  {
    "level": "INFO",
    "name": "src.utils.file_io",
    "message": "Read 10 prompts from SDXL_beautiful_women_Realistic.txt",
    "created": 1765251526.4486713
  },
  {
    "level": "INFO",
    "name": "src.utils.file_io",
    "message": "Read 10 prompts from SDXL_epic_structures_Fantasy.txt",
    "created": 1765251526.4486713
  },
  {
    "level": "INFO",
    "name": "src.utils.file_io",
    "message": "Read 10 prompts from SDXL_epic_structures_Realistic.txt",
    "created": 1765251526.4496713
  },
  {
    "level": "INFO",
    "name": "src.utils.file_io",
    "message": "Read 10 prompts from SDXL_female_fantasy_heroes_Fantasy.txt",
    "created": 1765251526.4516723
  },
  {
    "level": "INFO",
    "name": "src.utils.file_io",
    "message": "Read 10 prompts from SDXL_female_fantasy_heroes_Realistic.txt",
    "created": 1765251526.4516723
  },
  {
    "level": "INFO",
    "name": "src.utils.file_io",
    "message": "Read 10 prompts from SDXL_male_fantasy_heroes_Fantasy.txt",
    "created": 1765251526.452671
  },
  {
    "level": "INFO",
    "name": "src.utils.file_io",
    "message": "Read 10 prompts from SDXL_male_fantasy_heroes_Realistic.txt",
    "created": 1765251526.4536715
  },
  {
    "level": "INFO",
    "name": "src.utils.file_io",
    "message": "Read 10 prompts from SDXL_mythical_beasts_Fantasy.txt",
    "created": 1765251526.4546714
  },
  {
    "level": "INFO",
    "name": "src.utils.file_io",
    "message": "Read 10 prompts from SDXL_mythical_beasts_Realistic.txt",
    "created": 1765251526.4556718
  },
  {
    "level": "INFO",
    "name": "src.utils.config",
    "message": "Found 15 presets",
    "created": 1765251526.5074537
  },
  {
    "level": "INFO",
    "name": "src.utils.file_io",
    "message": "Found 12 prompt packs in packs",
    "created": 1765251526.5154543
  },
  {
    "level": "INFO",
    "name": "src.utils.file_io",
    "message": "Read 10 prompts from SDXL_angelic_warriors_Fantasy.txt",
    "created": 1765251526.5164533
  },
  {
    "level": "INFO",
    "name": "src.utils.file_io",
    "message": "Read 10 prompts from SDXL_angelic_warriors_Realistic.txt",
    "created": 1765251526.5174541
  },
  {
    "level": "INFO",
    "name": "src.utils.file_io",
    "message": "Read 10 prompts from SDXL_beautiful_women_Fantasy.txt",
    "created": 1765251526.5184536
  },
  {
    "level": "INFO",
    "name": "src.utils.file_io",
    "message": "Read 10 prompts from SDXL_beautiful_women_Realistic.txt",
    "created": 1765251526.5194533
  },
  {
    "level": "INFO",
    "name": "src.utils.file_io",
    "message": "Read 10 prompts from SDXL_epic_structures_Fantasy.txt",
    "created": 1765251526.5204532
  },
  {
    "level": "INFO",
    "name": "src.utils.file_io",
    "message": "Read 10 prompts from SDXL_epic_structures_Realistic.txt",
    "created": 1765251526.5214539
  },
  {
    "level": "INFO",
    "name": "src.utils.file_io",
    "message": "Read 10 prompts from SDXL_female_fantasy_heroes_Fantasy.txt",
    "created": 1765251526.5224535
  },
  {
    "level": "INFO",
    "name": "src.utils.file_io",
    "message": "Read 10 prompts from SDXL_female_fantasy_heroes_Realistic.txt",
    "created": 1765251526.5234532
  },
  {
    "level": "INFO",
    "name": "src.utils.file_io",
    "message": "Read 10 prompts from SDXL_male_fantasy_heroes_Fantasy.txt",
    "created": 1765251526.5244536
  },
  {
    "level": "INFO",
    "name": "src.utils.file_io",
    "message": "Read 10 prompts from SDXL_male_fantasy_heroes_Realistic.txt",
    "created": 1765251526.5254536
  },
  {
    "level": "INFO",
    "name": "src.utils.file_io",
    "message": "Read 10 prompts from SDXL_mythical_beasts_Fantasy.txt",
    "created": 1765251526.5264533
  },
  {
    "level": "INFO",
    "name": "src.utils.file_io",
    "message": "Read 10 prompts from SDXL_mythical_beasts_Realistic.txt",
    "created": 1765251526.5274532
  },
  {
    "level": "INFO",
    "name": "src.services.queue_store_v2",
    "message": "Loaded queue state: 0 jobs, auto_run=False, paused=False",
    "created": 1765251526.601685
  },
  {
    "level": "INFO",
    "name": "src.controller.app_controller",
    "message": "Restored queue state: auto_run=False, paused=False, 0 jobs (jobs not restored in V1 queue)",
    "created": 1765251526.6036842
  },
  {
    "level": "INFO",
    "name": "src.services.queue_store_v2",
    "message": "Loaded queue state: 0 jobs, auto_run=False, paused=False",
    "created": 1765251526.6054115
  },
  {
    "level": "INFO",
    "name": "src.controller.app_controller",
    "message": "Restored queue state: auto_run=False, paused=False, 0 jobs (jobs not restored in V1 queue)",
    "created": 1765251526.6072788
  },
  {
    "level": "INFO",
    "name": "src.api.healthcheck",
    "message": "Probing WebUI readiness at models/options endpoints | {\"models_endpoint\": \"/sdapi/v1/sd-models\", \"options_endpoint\": \"/sdapi/v1/options\", \"subsystem\": \"api\"}",
    "created": 1765251526.6082826,
    "payload": {
      "message": "Probing WebUI readiness at models/options endpoints",
      "subsystem": "api",
      "models_endpoint": "/sdapi/v1/sd-models",
      "options_endpoint": "/sdapi/v1/options"
    }
  },
  {
    "level": "WARNING",
    "name": "src.api.healthcheck",
    "message": "WebUI did not become ready within allotted time: HTTPConnectionPool(host='127.0.0.1', port=7860): Max retries exceeded with url: /sdapi/v1/options (Caused by NewConnectionError('<urllib3.connection.HTTPConnection object at 0x0000025D7A5B4C10>: Failed to establish a new connection: [WinError 10061] No connection could be made because the target machine actively refused it')) | {\"last_error\": \"HTTPConnectionPool(host='127.0.0.1', port=7860): Max retries exceeded with url: /sdapi/v1/options (Caused by NewConnectionError('<urllib3.connection.HTTPConnection object at 0x0000025D7A5B4C10>: Failed to establish a new connection: [WinError 10061] No connection could be made because the target machine actively refused it'))\", \"last_error_endpoint\": \"/sdapi/v1/options\", \"subsystem\": \"api\"}",
    "created": 1765251533.6997087,
    "payload": {
      "message": "WebUI did not become ready within allotted time: HTTPConnectionPool(host='127.0.0.1', port=7860): Max retries exceeded with url: /sdapi/v1/options (Caused by NewConnectionError('<urllib3.connection.HTTPConnection object at 0x0000025D7A5B4C10>: Failed to establish a new connection: [WinError 10061] No connection could be made because the target machine actively refused it'))",
      "subsystem": "api",
      "last_error": "HTTPConnectionPool(host='127.0.0.1', port=7860): Max retries exceeded with url: /sdapi/v1/options (Caused by NewConnectionError('<urllib3.connection.HTTPConnection object at 0x0000025D7A5B4C10>: Failed to establish a new connection: [WinError 10061] No connection could be made because the target machine actively refused it'))",
      "last_error_endpoint": "/sdapi/v1/options"
    }
  },
  {
    "level": "INFO",
    "name": "src.api.webui_process_manager",
    "message": "Starting WebUI process | {\"command\": [\"webui-user.bat\", \"--api\", \"--xformers\"], \"subsystem\": \"api\", \"working_dir\": \"C:\\\\Users\\\\rob\\\\stable-diffusion-webui\"}",
    "created": 1765251533.7017896,
    "payload": {
      "message": "Starting WebUI process",
      "subsystem": "api",
      "command": [
        "webui-user.bat",
        "--api",
        "--xformers"
      ],
      "working_dir": "<USER_HOME>\\stable-diffusion-webui"
    }
  },
  {
    "level": "INFO",
    "name": "src.api.webui_process_manager",
    "message": "[PROC] launch run_session=83523eff pid=26836 cmd=\"webui-user.bat --api --xformers\" cwd=\"<USER_HOME>\\stable-diffusion-webui\"",
    "created": 1765251533.70779
  },
  {
    "level": "INFO",
    "name": "root",
    "message": "WebUI stdout: Using PYTHON=<USER_HOME>\\AppData\\Local\\Programs\\Python\\Python310\\python.exe",
    "created": 1765251533.7272825
  },
  {
    "level": "INFO",
    "name": "root",
    "message": "WebUI stdout: venv \"<USER_HOME>\\stable-diffusion-webui\\venv\\Scripts\\Python.exe\"",
    "created": 1765251533.9638615
  },
  {
    "level": "INFO",
    "name": "root",
    "message": "WebUI stderr: <USER_HOME>\\stable-diffusion-webui\\venv\\lib\\site-packages\\timm\\models\\layers\\__init__.py:48: FutureWarning: Importing from timm.models.layers is deprecated, please import via timm.layers",
    "created": 1765251543.158869
  },
  {
    "level": "INFO",
    "name": "root",
    "message": "WebUI stderr: warnings.warn(f\"Importing from {__name__} is deprecated, please import via timm.layers\", FutureWarning)",
    "created": 1765251543.1598773
  },
  {
    "level": "INFO",
    "name": "src.api.healthcheck",
    "message": "Probing WebUI readiness at models/options endpoints | {\"models_endpoint\": \"/sdapi/v1/sd-models\", \"options_endpoint\": \"/sdapi/v1/options\", \"subsystem\": \"api\"}",
    "created": 1765251543.7146678,
    "payload": {
      "message": "Probing WebUI readiness at models/options endpoints",
      "subsystem": "api",
      "models_endpoint": "/sdapi/v1/sd-models",
      "options_endpoint": "/sdapi/v1/options"
    }
  },
  {
    "level": "INFO",
    "name": "root",
    "message": "WebUI stdout: Launching Web UI with arguments: --xformers --opt-sdp-attention --opt-channelslast --no-half-vae --api --skip-install --skip-prepare-environment",
    "created": 1765251545.2994478
  },
  {
    "level": "INFO",
    "name": "root",
    "message": "WebUI stdout: [-] ADetailer initialized. version: 25.3.0, num models: 10",
    "created": 1765251545.3004715
  },
  {
    "level": "INFO",
    "name": "root",
    "message": "WebUI stderr: <USER_HOME>\\stable-diffusion-webui\\venv\\lib\\site-packages\\huggingface_hub\\file_download.py:942: FutureWarning: `resume_download` is deprecated and will be removed in version 1.0.0. Downloads always resume when possible. If you want to force a new download, use `force_download=True`.",
    "created": 1765251545.9086533
  },
  {
    "level": "INFO",
    "name": "root",
    "message": "WebUI stderr: warnings.warn(",
    "created": 1765251545.9106536
  },
  {
    "level": "INFO",
    "name": "root",
    "message": "WebUI stdout: Loading weights [dd08fa32f9] from <USER_HOME>\\stable-diffusion-webui\\models\\Stable-diffusion\\juggernautXL_ragnarokBy.safetensors",
    "created": 1765251546.0564935
  },
  {
    "level": "INFO",
    "name": "root",
    "message": "WebUI stdout: Creating model from config: <USER_HOME>\\stable-diffusion-webui\\repositories\\generative-models\\configs\\inference\\sd_xl_base.yaml",
    "created": 1765251546.0574934
  },
  {
    "level": "INFO",
    "name": "root",
    "message": "WebUI stdout: Press any key to continue . . .",
    "created": 1765251546.9787772
  },
  {
    "level": "WARNING",
    "name": "src.api.healthcheck",
    "message": "WebUI did not become ready within allotted time: HTTPConnectionPool(host='127.0.0.1', port=7860): Max retries exceeded with url: /sdapi/v1/options (Caused by ConnectTimeoutError(<urllib3.connection.HTTPConnection object at 0x0000025D7A5B6290>, 'Connection to 127.0.0.1 timed out. (connect timeout=1.0)')) | {\"last_error\": \"HTTPConnectionPool(host='127.0.0.1', port=7860): Max retries exceeded with url: /sdapi/v1/options (Caused by ConnectTimeoutError(<urllib3.connection.HTTPConnection object at 0x0000025D7A5B6290>, 'Connection to 127.0.0.1 timed out. (connect timeout=1.0)'))\", \"last_error_endpoint\": \"/sdapi/v1/options\", \"subsystem\": \"api\"}",
    "created": 1765251547.2519588,
    "payload": {
      "message": "WebUI did not become ready within allotted time: HTTPConnectionPool(host='127.0.0.1', port=7860): Max retries exceeded with url: /sdapi/v1/options (Caused by ConnectTimeoutError(<urllib3.connection.HTTPConnection object at 0x0000025D7A5B6290>, 'Connection to 127.0.0.1 timed out. (connect timeout=1.0)'))",
      "subsystem": "api",
      "last_error": "HTTPConnectionPool(host='127.0.0.1', port=7860): Max retries exceeded with url: /sdapi/v1/options (Caused by ConnectTimeoutError(<urllib3.connection.HTTPConnection object at 0x0000025D7A5B6290>, 'Connection to 127.0.0.1 timed out. (connect timeout=1.0)'))",
      "last_error_endpoint": "/sdapi/v1/options"
    }
  },
  {
    "level": "INFO",
    "name": "src.api.healthcheck",
    "message": "Probing WebUI readiness at models/options endpoints | {\"models_endpoint\": \"/sdapi/v1/sd-models\", \"options_endpoint\": \"/sdapi/v1/options\", \"subsystem\": \"api\"}",
    "created": 1765251548.2617986,
    "payload": {
      "message": "Probing WebUI readiness at models/options endpoints",
      "subsystem": "api",
      "models_endpoint": "/sdapi/v1/sd-models",
      "options_endpoint": "/sdapi/v1/options"
    }
  },
  {
    "level": "WARNING",
    "name": "src.api.healthcheck",
    "message": "WebUI did not become ready within allotted time: HTTPConnectionPool(host='127.0.0.1', port=7860): Max retries exceeded with url: /sdapi/v1/options (Caused by ConnectTimeoutError(<urllib3.connection.HTTPConnection object at 0x0000025D7A6C9780>, 'Connection to 127.0.0.1 timed out. (connect timeout=1.0)')) | {\"last_error\": \"HTTPConnectionPool(host='127.0.0.1', port=7860): Max retries exceeded with url: /sdapi/v1/options (Caused by ConnectTimeoutError(<urllib3.connection.HTTPConnection object at 0x0000025D7A6C9780>, 'Connection to 127.0.0.1 timed out. (connect timeout=1.0)'))\", \"last_error_endpoint\": \"/sdapi/v1/options\", \"subsystem\": \"api\"}",
    "created": 1765251552.293629,
    "payload": {
      "message": "WebUI did not become ready within allotted time: HTTPConnectionPool(host='127.0.0.1', port=7860): Max retries exceeded with url: /sdapi/v1/options (Caused by ConnectTimeoutError(<urllib3.connection.HTTPConnection object at 0x0000025D7A6C9780>, 'Connection to 127.0.0.1 timed out. (connect timeout=1.0)'))",
      "subsystem": "api",
      "last_error": "HTTPConnectionPool(host='127.0.0.1', port=7860): Max retries exceeded with url: /sdapi/v1/options (Caused by ConnectTimeoutError(<urllib3.connection.HTTPConnection object at 0x0000025D7A6C9780>, 'Connection to 127.0.0.1 timed out. (connect timeout=1.0)'))",
      "last_error_endpoint": "/sdapi/v1/options"
    }
  },
  {
    "level": "INFO",
    "name": "src.api.healthcheck",
    "message": "Probing WebUI readiness at models/options endpoints | {\"models_endpoint\": \"/sdapi/v1/sd-models\", \"options_endpoint\": \"/sdapi/v1/options\", \"subsystem\": \"api\"}",
    "created": 1765251553.3057685,
    "payload": {
      "message": "Probing WebUI readiness at models/options endpoints",
      "subsystem": "api",
      "models_endpoint": "/sdapi/v1/sd-models",
      "options_endpoint": "/sdapi/v1/options"
    }
  },
  {
    "level": "WARNING",
    "name": "src.api.healthcheck",
    "message": "WebUI did not become ready within allotted time: HTTPConnectionPool(host='127.0.0.1', port=7860): Max retries exceeded with url: /sdapi/v1/options (Caused by ConnectTimeoutError(<urllib3.connection.HTTPConnection object at 0x0000025D79D37010>, 'Connection to 127.0.0.1 timed out. (connect timeout=1.0)')) | {\"last_error\": \"HTTPConnectionPool(host='127.0.0.1', port=7860): Max retries exceeded with url: /sdapi/v1/options (Caused by ConnectTimeoutError(<urllib3.connection.HTTPConnection object at 0x0000025D79D37010>, 'Connection to 127.0.0.1 timed out. (connect timeout=1.0)'))\", \"last_error_endpoint\": \"/sdapi/v1/options\", \"subsystem\": \"api\"}",
    "created": 1765251557.430471,
    "payload": {
      "message": "WebUI did not become ready within allotted time: HTTPConnectionPool(host='127.0.0.1', port=7860): Max retries exceeded with url: /sdapi/v1/options (Caused by ConnectTimeoutError(<urllib3.connection.HTTPConnection object at 0x0000025D79D37010>, 'Connection to 127.0.0.1 timed out. (connect timeout=1.0)'))",
      "subsystem": "api",
      "last_error": "HTTPConnectionPool(host='127.0.0.1', port=7860): Max retries exceeded with url: /sdapi/v1/options (Caused by ConnectTimeoutError(<urllib3.connection.HTTPConnection object at 0x0000025D79D37010>, 'Connection to 127.0.0.1 timed out. (connect timeout=1.0)'))",
      "last_error_endpoint": "/sdapi/v1/options"
    }
  },
  {
    "level": "INFO",
    "name": "src.api.healthcheck",
    "message": "Probing WebUI readiness at models/options endpoints | {\"models_endpoint\": \"/sdapi/v1/sd-models\", \"options_endpoint\": \"/sdapi/v1/options\", \"subsystem\": \"api\"}",
    "created": 1765251560.5939257,
    "payload": {
      "message": "Probing WebUI readiness at models/options endpoints",
      "subsystem": "api",
      "models_endpoint": "/sdapi/v1/sd-models",
      "options_endpoint": "/sdapi/v1/options"
    }
  },
  {
    "level": "WARNING",
    "name": "src.api.healthcheck",
    "message": "WebUI did not become ready within allotted time | {\"subsystem\": \"api\"}",
    "created": 1765251562.6712742,
    "payload": {
      "message": "WebUI did not become ready within allotted time",
      "subsystem": "api"
    }
  },
  {
    "level": "INFO",
    "name": "src.api.healthcheck",
    "message": "Probing WebUI readiness at models/options endpoints | {\"models_endpoint\": \"/sdapi/v1/sd-models\", \"options_endpoint\": \"/sdapi/v1/options\", \"subsystem\": \"api\"}",
    "created": 1765251563.6828988,
    "payload": {
      "message": "Probing WebUI readiness at models/options endpoints",
      "subsystem": "api",
      "models_endpoint": "/sdapi/v1/sd-models",
      "options_endpoint": "/sdapi/v1/options"
    }
  },
  {
    "level": "WARNING",
    "name": "src.api.healthcheck",
    "message": "WebUI did not become ready within allotted time: HTTPConnectionPool(host='127.0.0.1', port=7860): Max retries exceeded with url: /sdapi/v1/options (Caused by ConnectTimeoutError(<urllib3.connection.HTTPConnection object at 0x0000025D7C43CE20>, 'Connection to 127.0.0.1 timed out. (connect timeout=1.0)')) | {\"last_error\": \"HTTPConnectionPool(host='127.0.0.1', port=7860): Max retries exceeded with url: /sdapi/v1/options (Caused by ConnectTimeoutError(<urllib3.connection.HTTPConnection object at 0x0000025D7C43CE20>, 'Connection to 127.0.0.1 timed out. (connect timeout=1.0)'))\", \"last_error_endpoint\": \"/sdapi/v1/options\", \"subsystem\": \"api\"}",
    "created": 1765251567.7186742,
    "payload": {
      "message": "WebUI did not become ready within allotted time: HTTPConnectionPool(host='127.0.0.1', port=7860): Max retries exceeded with url: /sdapi/v1/options (Caused by ConnectTimeoutError(<urllib3.connection.HTTPConnection object at 0x0000025D7C43CE20>, 'Connection to 127.0.0.1 timed out. (connect timeout=1.0)'))",
      "subsystem": "api",
      "last_error": "HTTPConnectionPool(host='127.0.0.1', port=7860): Max retries exceeded with url: /sdapi/v1/options (Caused by ConnectTimeoutError(<urllib3.connection.HTTPConnection object at 0x0000025D7C43CE20>, 'Connection to 127.0.0.1 timed out. (connect timeout=1.0)'))",
      "last_error_endpoint": "/sdapi/v1/options"
    }
  },
  {
    "level": "INFO",
    "name": "src.api.healthcheck",
    "message": "Probing WebUI readiness at models/options endpoints | {\"models_endpoint\": \"/sdapi/v1/sd-models\", \"options_endpoint\": \"/sdapi/v1/options\", \"subsystem\": \"api\"}",
    "created": 1765251568.732178,
    "payload": {
      "message": "Probing WebUI readiness at models/options endpoints",
      "subsystem": "api",
      "models_endpoint": "/sdapi/v1/sd-models",
      "options_endpoint": "/sdapi/v1/options"
    }
  },
  {
    "level": "WARNING",
    "name": "src.api.healthcheck",
    "message": "WebUI did not become ready within allotted time: HTTPConnectionPool(host='127.0.0.1', port=7860): Max retries exceeded with url: /sdapi/v1/options (Caused by ConnectTimeoutError(<urllib3.connection.HTTPConnection object at 0x0000025D7C43E8C0>, 'Connection to 127.0.0.1 timed out. (connect timeout=1.0)')) | {\"last_error\": \"HTTPConnectionPool(host='127.0.0.1', port=7860): Max retries exceeded with url: /sdapi/v1/options (Caused by ConnectTimeoutError(<urllib3.connection.HTTPConnection object at 0x0000025D7C43E8C0>, 'Connection to 127.0.0.1 timed out. (connect timeout=1.0)'))\", \"last_error_endpoint\": \"/sdapi/v1/options\", \"subsystem\": \"api\"}",
    "created": 1765251572.7659535,
    "payload": {
      "message": "WebUI did not become ready within allotted time: HTTPConnectionPool(host='127.0.0.1', port=7860): Max retries exceeded with url: /sdapi/v1/options (Caused by ConnectTimeoutError(<urllib3.connection.HTTPConnection object at 0x0000025D7C43E8C0>, 'Connection to 127.0.0.1 timed out. (connect timeout=1.0)'))",
      "subsystem": "api",
      "last_error": "HTTPConnectionPool(host='127.0.0.1', port=7860): Max retries exceeded with url: /sdapi/v1/options (Caused by ConnectTimeoutError(<urllib3.connection.HTTPConnection object at 0x0000025D7C43E8C0>, 'Connection to 127.0.0.1 timed out. (connect timeout=1.0)'))",
      "last_error_endpoint": "/sdapi/v1/options"
    }
  },
  {
    "level": "INFO",
    "name": "src.api.healthcheck",
    "message": "Probing WebUI readiness at models/options endpoints | {\"models_endpoint\": \"/sdapi/v1/sd-models\", \"options_endpoint\": \"/sdapi/v1/options\", \"subsystem\": \"api\"}",
    "created": 1765251573.778895,
    "payload": {
      "message": "Probing WebUI readiness at models/options endpoints",
      "subsystem": "api",
      "models_endpoint": "/sdapi/v1/sd-models",
      "options_endpoint": "/sdapi/v1/options"
    }
  },
  {
    "level": "WARNING",
    "name": "src.api.healthcheck",
    "message": "WebUI did not become ready within allotted time: HTTPConnectionPool(host='127.0.0.1', port=7860): Max retries exceeded with url: /sdapi/v1/options (Caused by ConnectTimeoutError(<urllib3.connection.HTTPConnection object at 0x0000025D7C4643A0>, 'Connection to 127.0.0.1 timed out. (connect timeout=1.0)')) | {\"last_error\": \"HTTPConnectionPool(host='127.0.0.1', port=7860): Max retries exceeded with url: /sdapi/v1/options (Caused by ConnectTimeoutError(<urllib3.connection.HTTPConnection object at 0x0000025D7C4643A0>, 'Connection to 127.0.0.1 timed out. (connect timeout=1.0)'))\", \"last_error_endpoint\": \"/sdapi/v1/options\", \"subsystem\": \"api\"}",
    "created": 1765251577.8262272,
    "payload": {
      "message": "WebUI did not become ready within allotted time: HTTPConnectionPool(host='127.0.0.1', port=7860): Max retries exceeded with url: /sdapi/v1/options (Caused by ConnectTimeoutError(<urllib3.connection.HTTPConnection object at 0x0000025D7C4643A0>, 'Connection to 127.0.0.1 timed out. (connect timeout=1.0)'))",
      "subsystem": "api",
      "last_error": "HTTPConnectionPool(host='127.0.0.1', port=7860): Max retries exceeded with url: /sdapi/v1/options (Caused by ConnectTimeoutError(<urllib3.connection.HTTPConnection object at 0x0000025D7C4643A0>, 'Connection to 127.0.0.1 timed out. (connect timeout=1.0)'))",
      "last_error_endpoint": "/sdapi/v1/options"
    }
  },
  {
    "level": "INFO",
    "name": "src.api.healthcheck",
    "message": "Probing WebUI readiness at models/options endpoints | {\"models_endpoint\": \"/sdapi/v1/sd-models\", \"options_endpoint\": \"/sdapi/v1/options\", \"subsystem\": \"api\"}",
    "created": 1765251578.8319197,
    "payload": {
      "message": "Probing WebUI readiness at models/options endpoints",
      "subsystem": "api",
      "models_endpoint": "/sdapi/v1/sd-models",
      "options_endpoint": "/sdapi/v1/options"
    }
  },
  {
    "level": "WARNING",
    "name": "src.api.healthcheck",
    "message": "WebUI did not become ready within allotted time: HTTPConnectionPool(host='127.0.0.1', port=7860): Max retries exceeded with url: /sdapi/v1/options (Caused by ConnectTimeoutError(<urllib3.connection.HTTPConnection object at 0x0000025D7C465E40>, 'Connection to 127.0.0.1 timed out. (connect timeout=1.0)')) | {\"last_error\": \"HTTPConnectionPool(host='127.0.0.1', port=7860): Max retries exceeded with url: /sdapi/v1/options (Caused by ConnectTimeoutError(<urllib3.connection.HTTPConnection object at 0x0000025D7C465E40>, 'Connection to 127.0.0.1 timed out. (connect timeout=1.0)'))\", \"last_error_endpoint\": \"/sdapi/v1/options\", \"subsystem\": \"api\"}",
    "created": 1765251582.8569756,
    "payload": {
      "message": "WebUI did not become ready within allotted time: HTTPConnectionPool(host='127.0.0.1', port=7860): Max retries exceeded with url: /sdapi/v1/options (Caused by ConnectTimeoutError(<urllib3.connection.HTTPConnection object at 0x0000025D7C465E40>, 'Connection to 127.0.0.1 timed out. (connect timeout=1.0)'))",
      "subsystem": "api",
      "last_error": "HTTPConnectionPool(host='127.0.0.1', port=7860): Max retries exceeded with url: /sdapi/v1/options (Caused by ConnectTimeoutError(<urllib3.connection.HTTPConnection object at 0x0000025D7C465E40>, 'Connection to 127.0.0.1 timed out. (connect timeout=1.0)'))",
      "last_error_endpoint": "/sdapi/v1/options"
    }
  },
  {
    "level": "INFO",
    "name": "src.api.healthcheck",
    "message": "Probing WebUI readiness at models/options endpoints | {\"models_endpoint\": \"/sdapi/v1/sd-models\", \"options_endpoint\": \"/sdapi/v1/options\", \"subsystem\": \"api\"}",
    "created": 1765251583.8712902,
    "payload": {
      "message": "Probing WebUI readiness at models/options endpoints",
      "subsystem": "api",
      "models_endpoint": "/sdapi/v1/sd-models",
      "options_endpoint": "/sdapi/v1/options"
    }
  },
  {
    "level": "WARNING",
    "name": "src.api.healthcheck",
    "message": "WebUI did not become ready within allotted time: HTTPConnectionPool(host='127.0.0.1', port=7860): Max retries exceeded with url: /sdapi/v1/options (Caused by ConnectTimeoutError(<urllib3.connection.HTTPConnection object at 0x0000025D7C4678E0>, 'Connection to 127.0.0.1 timed out. (connect timeout=1.0)')) | {\"last_error\": \"HTTPConnectionPool(host='127.0.0.1', port=7860): Max retries exceeded with url: /sdapi/v1/options (Caused by ConnectTimeoutError(<urllib3.connection.HTTPConnection object at 0x0000025D7C4678E0>, 'Connection to 127.0.0.1 timed out. (connect timeout=1.0)'))\", \"last_error_endpoint\": \"/sdapi/v1/options\", \"subsystem\": \"api\"}",
    "created": 1765251587.8945942,
    "payload": {
      "message": "WebUI did not become ready within allotted time: HTTPConnectionPool(host='127.0.0.1', port=7860): Max retries exceeded with url: /sdapi/v1/options (Caused by ConnectTimeoutError(<urllib3.connection.HTTPConnection object at 0x0000025D7C4678E0>, 'Connection to 127.0.0.1 timed out. (connect timeout=1.0)'))",
      "subsystem": "api",
      "last_error": "HTTPConnectionPool(host='127.0.0.1', port=7860): Max retries exceeded with url: /sdapi/v1/options (Caused by ConnectTimeoutError(<urllib3.connection.HTTPConnection object at 0x0000025D7C4678E0>, 'Connection to 127.0.0.1 timed out. (connect timeout=1.0)'))",
      "last_error_endpoint": "/sdapi/v1/options"
    }
  },
  {
    "level": "INFO",
    "name": "src.api.healthcheck",
    "message": "Probing WebUI readiness at models/options endpoints | {\"models_endpoint\": \"/sdapi/v1/sd-models\", \"options_endpoint\": \"/sdapi/v1/options\", \"subsystem\": \"api\"}",
    "created": 1765251588.901488,
    "payload": {
      "message": "Probing WebUI readiness at models/options endpoints",
      "subsystem": "api",
      "models_endpoint": "/sdapi/v1/sd-models",
      "options_endpoint": "/sdapi/v1/options"
    }
  },
  {
    "level": "WARNING",
    "name": "src.api.healthcheck",
    "message": "WebUI did not become ready within allotted time: HTTPConnectionPool(host='127.0.0.1', port=7860): Max retries exceeded with url: /sdapi/v1/options (Caused by ConnectTimeoutError(<urllib3.connection.HTTPConnection object at 0x0000025D7C4A13C0>, 'Connection to 127.0.0.1 timed out. (connect timeout=1.0)')) | {\"last_error\": \"HTTPConnectionPool(host='127.0.0.1', port=7860): Max retries exceeded with url: /sdapi/v1/options (Caused by ConnectTimeoutError(<urllib3.connection.HTTPConnection object at 0x0000025D7C4A13C0>, 'Connection to 127.0.0.1 timed out. (connect timeout=1.0)'))\", \"last_error_endpoint\": \"/sdapi/v1/options\", \"subsystem\": \"api\"}",
    "created": 1765251593.010998,
    "payload": {
      "message": "WebUI did not become ready within allotted time: HTTPConnectionPool(host='127.0.0.1', port=7860): Max retries exceeded with url: /sdapi/v1/options (Caused by ConnectTimeoutError(<urllib3.connection.HTTPConnection object at 0x0000025D7C4A13C0>, 'Connection to 127.0.0.1 timed out. (connect timeout=1.0)'))",
      "subsystem": "api",
      "last_error": "HTTPConnectionPool(host='127.0.0.1', port=7860): Max retries exceeded with url: /sdapi/v1/options (Caused by ConnectTimeoutError(<urllib3.connection.HTTPConnection object at 0x0000025D7C4A13C0>, 'Connection to 127.0.0.1 timed out. (connect timeout=1.0)'))",
      "last_error_endpoint": "/sdapi/v1/options"
    }
  },
  {
    "level": "INFO",
    "name": "src.controller.webui_connection_controller",
    "message": "Trying to auto-detect WebUI on other ports...",
    "created": 1765251597.5456657
  },
  {
    "level": "INFO",
    "name": "src.api.healthcheck",
    "message": "Checking for WebUI API on port 7860 | {\"endpoint\": \"/sdapi/v1/progress\", \"port\": 7860, \"subsystem\": \"api\"}",
    "created": 1765251597.5467658,
    "payload": {
      "message": "Checking for WebUI API on port 7860",
      "subsystem": "api",
      "port": 7860,
      "endpoint": "/sdapi/v1/progress"
    }
  },
  {
    "level": "INFO",
    "name": "src.api.healthcheck",
    "message": "Probing WebUI readiness at models/options endpoints | {\"models_endpoint\": \"/sdapi/v1/sd-models\", \"options_endpoint\": \"/sdapi/v1/options\", \"subsystem\": \"api\"}",
    "created": 1765251597.5477664,
    "payload": {
      "message": "Probing WebUI readiness at models/options endpoints",
      "subsystem": "api",
      "models_endpoint": "/sdapi/v1/sd-models",
      "options_endpoint": "/sdapi/v1/options"
    }
  },
  {
    "level": "WARNING",
    "name": "src.api.healthcheck",
    "message": "WebUI did not become ready within allotted time: HTTPConnectionPool(host='127.0.0.1', port=7860): Max retries exceeded with url: /sdapi/v1/options (Caused by NewConnectionError('<urllib3.connection.HTTPConnection object at 0x0000025D7C4A31F0>: Failed to establish a new connection: [WinError 10061] No connection could be made because the target machine actively refused it')) | {\"last_error\": \"HTTPConnectionPool(host='127.0.0.1', port=7860): Max retries exceeded with url: /sdapi/v1/options (Caused by NewConnectionError('<urllib3.connection.HTTPConnection object at 0x0000025D7C4A31F0>: Failed to establish a new connection: [WinError 10061] No connection could be made because the target machine actively refused it'))\", \"last_error_endpoint\": \"/sdapi/v1/options\", \"subsystem\": \"api\"}",
    "created": 1765251604.6247885,
    "payload": {
      "message": "WebUI did not become ready within allotted time: HTTPConnectionPool(host='127.0.0.1', port=7860): Max retries exceeded with url: /sdapi/v1/options (Caused by NewConnectionError('<urllib3.connection.HTTPConnection object at 0x0000025D7C4A31F0>: Failed to establish a new connection: [WinError 10061] No connection could be made because the target machine actively refused it'))",
      "subsystem": "api",
      "last_error": "HTTPConnectionPool(host='127.0.0.1', port=7860): Max retries exceeded with url: /sdapi/v1/options (Caused by NewConnectionError('<urllib3.connection.HTTPConnection object at 0x0000025D7C4A31F0>: Failed to establish a new connection: [WinError 10061] No connection could be made because the target machine actively refused it'))",
      "last_error_endpoint": "/sdapi/v1/options"
    }
  },
  {
    "level": "INFO",
    "name": "src.api.healthcheck",
    "message": "Checking for WebUI API on port 7861 | {\"endpoint\": \"/sdapi/v1/progress\", \"port\": 7861, \"subsystem\": \"api\"}",
    "created": 1765251604.6259317,
    "payload": {
      "message": "Checking for WebUI API on port 7861",
      "subsystem": "api",
      "port": 7861,
      "endpoint": "/sdapi/v1/progress"
    }
  },
  {
    "level": "INFO",
    "name": "src.api.healthcheck",
    "message": "Probing WebUI readiness at models/options endpoints | {\"models_endpoint\": \"/sdapi/v1/sd-models\", \"options_endpoint\": \"/sdapi/v1/options\", \"subsystem\": \"api\"}",
    "created": 1765251604.6269314,
    "payload": {
      "message": "Probing WebUI readiness at models/options endpoints",
      "subsystem": "api",
      "models_endpoint": "/sdapi/v1/sd-models",
      "options_endpoint": "/sdapi/v1/options"
    }
  },
  {
    "level": "WARNING",
    "name": "src.api.healthcheck",
    "message": "WebUI did not become ready within allotted time: HTTPConnectionPool(host='127.0.0.1', port=7861): Max retries exceeded with url: /sdapi/v1/options (Caused by NewConnectionError('<urllib3.connection.HTTPConnection object at 0x0000025D7CBA0D90>: Failed to establish a new connection: [WinError 10061] No connection could be made because the target machine actively refused it')) | {\"last_error\": \"HTTPConnectionPool(host='127.0.0.1', port=7861): Max retries exceeded with url: /sdapi/v1/options (Caused by NewConnectionError('<urllib3.connection.HTTPConnection object at 0x0000025D7CBA0D90>: Failed to establish a new connection: [WinError 10061] No connection could be made because the target machine actively refused it'))\", \"last_error_endpoint\": \"/sdapi/v1/options\", \"subsystem\": \"api\"}",
    "created": 1765251611.7446508,
    "payload": {
      "message": "WebUI did not become ready within allotted time: HTTPConnectionPool(host='127.0.0.1', port=7861): Max retries exceeded with url: /sdapi/v1/options (Caused by NewConnectionError('<urllib3.connection.HTTPConnection object at 0x0000025D7CBA0D90>: Failed to establish a new connection: [WinError 10061] No connection could be made because the target machine actively refused it'))",
      "subsystem": "api",
      "last_error": "HTTPConnectionPool(host='127.0.0.1', port=7861): Max retries exceeded with url: /sdapi/v1/options (Caused by NewConnectionError('<urllib3.connection.HTTPConnection object at 0x0000025D7CBA0D90>: Failed to establish a new connection: [WinError 10061] No connection could be made because the target machine actively refused it'))",
      "last_error_endpoint": "/sdapi/v1/options"
    }
  },
  {
    "level": "INFO",
    "name": "src.api.healthcheck",
    "message": "Checking for WebUI API on port 7862 | {\"endpoint\": \"/sdapi/v1/progress\", \"port\": 7862, \"subsystem\": \"api\"}",
    "created": 1765251611.746652,
    "payload": {
      "message": "Checking for WebUI API on port 7862",
      "subsystem": "api",
      "port": 7862,
      "endpoint": "/sdapi/v1/progress"
    }
  },
  {
    "level": "INFO",
    "name": "src.api.healthcheck",
    "message": "Probing WebUI readiness at models/options endpoints | {\"models_endpoint\": \"/sdapi/v1/sd-models\", \"options_endpoint\": \"/sdapi/v1/options\", \"subsystem\": \"api\"}",
    "created": 1765251611.7476513,
    "payload": {
      "message": "Probing WebUI readiness at models/options endpoints",
      "subsystem": "api",
      "models_endpoint": "/sdapi/v1/sd-models",
      "options_endpoint": "/sdapi/v1/options"
    }
  },
  {
    "level": "WARNING",
    "name": "src.api.healthcheck",
    "message": "WebUI did not become ready within allotted time: HTTPConnectionPool(host='127.0.0.1', port=7862): Max retries exceeded with url: /sdapi/v1/options (Caused by NewConnectionError('<urllib3.connection.HTTPConnection object at 0x0000025D7CBA28F0>: Failed to establish a new connection: [WinError 10061] No connection could be made because the target machine actively refused it')) | {\"last_error\": \"HTTPConnectionPool(host='127.0.0.1', port=7862): Max retries exceeded with url: /sdapi/v1/options (Caused by NewConnectionError('<urllib3.connection.HTTPConnection object at 0x0000025D7CBA28F0>: Failed to establish a new connection: [WinError 10061] No connection could be made because the target machine actively refused it'))\", \"last_error_endpoint\": \"/sdapi/v1/options\", \"subsystem\": \"api\"}",
    "created": 1765251618.8283288,
    "payload": {
      "message": "WebUI did not become ready within allotted time: HTTPConnectionPool(host='127.0.0.1', port=7862): Max retries exceeded with url: /sdapi/v1/options (Caused by NewConnectionError('<urllib3.connection.HTTPConnection object at 0x0000025D7CBA28F0>: Failed to establish a new connection: [WinError 10061] No connection could be made because the target machine actively refused it'))",
      "subsystem": "api",
      "last_error": "HTTPConnectionPool(host='127.0.0.1', port=7862): Max retries exceeded with url: /sdapi/v1/options (Caused by NewConnectionError('<urllib3.connection.HTTPConnection object at 0x0000025D7CBA28F0>: Failed to establish a new connection: [WinError 10061] No connection could be made because the target machine actively refused it'))",
      "last_error_endpoint": "/sdapi/v1/options"
    }
  },
  {
    "level": "INFO",
    "name": "src.api.healthcheck",
    "message": "Checking for WebUI API on port 7863 | {\"endpoint\": \"/sdapi/v1/progress\", \"port\": 7863, \"subsystem\": \"api\"}",
    "created": 1765251618.8298042,
    "payload": {
      "message": "Checking for WebUI API on port 7863",
      "subsystem": "api",
      "port": 7863,
      "endpoint": "/sdapi/v1/progress"
    }
  },
  {
    "level": "INFO",
    "name": "src.api.healthcheck",
    "message": "Probing WebUI readiness at models/options endpoints | {\"models_endpoint\": \"/sdapi/v1/sd-models\", \"options_endpoint\": \"/sdapi/v1/options\", \"subsystem\": \"api\"}",
    "created": 1765251618.8318079,
    "payload": {
      "message": "Probing WebUI readiness at models/options endpoints",
      "subsystem": "api",
      "models_endpoint": "/sdapi/v1/sd-models",
      "options_endpoint": "/sdapi/v1/options"
    }
  },
  {
    "level": "WARNING",
    "name": "src.api.healthcheck",
    "message": "WebUI did not become ready within allotted time: HTTPConnectionPool(host='127.0.0.1', port=7863): Max retries exceeded with url: /sdapi/v1/options (Caused by NewConnectionError('<urllib3.connection.HTTPConnection object at 0x0000025D7CBD0490>: Failed to establish a new connection: [WinError 10061] No connection could be made because the target machine actively refused it')) | {\"last_error\": \"HTTPConnectionPool(host='127.0.0.1', port=7863): Max retries exceeded with url: /sdapi/v1/options (Caused by NewConnectionError('<urllib3.connection.HTTPConnection object at 0x0000025D7CBD0490>: Failed to establish a new connection: [WinError 10061] No connection could be made because the target machine actively refused it'))\", \"last_error_endpoint\": \"/sdapi/v1/options\", \"subsystem\": \"api\"}",
    "created": 1765251625.9959645,
    "payload": {
      "message": "WebUI did not become ready within allotted time: HTTPConnectionPool(host='127.0.0.1', port=7863): Max retries exceeded with url: /sdapi/v1/options (Caused by NewConnectionError('<urllib3.connection.HTTPConnection object at 0x0000025D7CBD0490>: Failed to establish a new connection: [WinError 10061] No connection could be made because the target machine actively refused it'))",
      "subsystem": "api",
      "last_error": "HTTPConnectionPool(host='127.0.0.1', port=7863): Max retries exceeded with url: /sdapi/v1/options (Caused by NewConnectionError('<urllib3.connection.HTTPConnection object at 0x0000025D7CBD0490>: Failed to establish a new connection: [WinError 10061] No connection could be made because the target machine actively refused it'))",
      "last_error_endpoint": "/sdapi/v1/options"
    }
  },
  {
    "level": "INFO",
    "name": "src.api.healthcheck",
    "message": "Checking for WebUI API on port 7864 | {\"endpoint\": \"/sdapi/v1/progress\", \"port\": 7864, \"subsystem\": \"api\"}",
    "created": 1765251625.9969666,
    "payload": {
      "message": "Checking for WebUI API on port 7864",
      "subsystem": "api",
      "port": 7864,
      "endpoint": "/sdapi/v1/progress"
    }
  },
  {
    "level": "INFO",
    "name": "src.api.healthcheck",
    "message": "Probing WebUI readiness at models/options endpoints | {\"models_endpoint\": \"/sdapi/v1/sd-models\", \"options_endpoint\": \"/sdapi/v1/options\", \"subsystem\": \"api\"}",
    "created": 1765251625.9969666,
    "payload": {
      "message": "Probing WebUI readiness at models/options endpoints",
      "subsystem": "api",
      "models_endpoint": "/sdapi/v1/sd-models",
      "options_endpoint": "/sdapi/v1/options"
    }
  },
  {
    "level": "WARNING",
    "name": "src.api.healthcheck",
    "message": "WebUI did not become ready within allotted time: HTTPConnectionPool(host='127.0.0.1', port=7864): Max retries exceeded with url: /sdapi/v1/options (Caused by NewConnectionError('<urllib3.connection.HTTPConnection object at 0x0000025D7CBD2A10>: Failed to establish a new connection: [WinError 10061] No connection could be made because the target machine actively refused it')) | {\"last_error\": \"HTTPConnectionPool(host='127.0.0.1', port=7864): Max retries exceeded with url: /sdapi/v1/options (Caused by NewConnectionError('<urllib3.connection.HTTPConnection object at 0x0000025D7CBD2A10>: Failed to establish a new connection: [WinError 10061] No connection could be made because the target machine actively refused it'))\", \"last_error_endpoint\": \"/sdapi/v1/options\", \"subsystem\": \"api\"}",
    "created": 1765251633.2839515,
    "payload": {
      "message": "WebUI did not become ready within allotted time: HTTPConnectionPool(host='127.0.0.1', port=7864): Max retries exceeded with url: /sdapi/v1/options (Caused by NewConnectionError('<urllib3.connection.HTTPConnection object at 0x0000025D7CBD2A10>: Failed to establish a new connection: [WinError 10061] No connection could be made because the target machine actively refused it'))",
      "subsystem": "api",
      "last_error": "HTTPConnectionPool(host='127.0.0.1', port=7864): Max retries exceeded with url: /sdapi/v1/options (Caused by NewConnectionError('<urllib3.connection.HTTPConnection object at 0x0000025D7CBD2A10>: Failed to establish a new connection: [WinError 10061] No connection could be made because the target machine actively refused it'))",
      "last_error_endpoint": "/sdapi/v1/options"
    }
  },
  {
    "level": "INFO",
    "name": "src.api.healthcheck",
    "message": "Checking for WebUI API on port 8000 | {\"endpoint\": \"/sdapi/v1/progress\", \"port\": 8000, \"subsystem\": \"api\"}",
    "created": 1765251633.2849462,
    "payload": {
      "message": "Checking for WebUI API on port 8000",
      "subsystem": "api",
      "port": 8000,
      "endpoint": "/sdapi/v1/progress"
    }
  },
  {
    "level": "INFO",
    "name": "src.api.healthcheck",
    "message": "Probing WebUI readiness at models/options endpoints | {\"models_endpoint\": \"/sdapi/v1/sd-models\", \"options_endpoint\": \"/sdapi/v1/options\", \"subsystem\": \"api\"}",
    "created": 1765251633.2849462,
    "payload": {
      "message": "Probing WebUI readiness at models/options endpoints",
      "subsystem": "api",
      "models_endpoint": "/sdapi/v1/sd-models",
      "options_endpoint": "/sdapi/v1/options"
    }
  },
  {
    "level": "WARNING",
    "name": "src.api.healthcheck",
    "message": "WebUI did not become ready within allotted time: HTTPConnectionPool(host='127.0.0.1', port=8000): Max retries exceeded with url: /sdapi/v1/options (Caused by NewConnectionError('<urllib3.connection.HTTPConnection object at 0x0000025D7E65C0A0>: Failed to establish a new connection: [WinError 10061] No connection could be made because the target machine actively refused it')) | {\"last_error\": \"HTTPConnectionPool(host='127.0.0.1', port=8000): Max retries exceeded with url: /sdapi/v1/options (Caused by NewConnectionError('<urllib3.connection.HTTPConnection object at 0x0000025D7E65C0A0>: Failed to establish a new connection: [WinError 10061] No connection could be made because the target machine actively refused it'))\", \"last_error_endpoint\": \"/sdapi/v1/options\", \"subsystem\": \"api\"}",
    "created": 1765251640.412675,
    "payload": {
      "message": "WebUI did not become ready within allotted time: HTTPConnectionPool(host='127.0.0.1', port=8000): Max retries exceeded with url: /sdapi/v1/options (Caused by NewConnectionError('<urllib3.connection.HTTPConnection object at 0x0000025D7E65C0A0>: Failed to establish a new connection: [WinError 10061] No connection could be made because the target machine actively refused it'))",
      "subsystem": "api",
      "last_error": "HTTPConnectionPool(host='127.0.0.1', port=8000): Max retries exceeded with url: /sdapi/v1/options (Caused by NewConnectionError('<urllib3.connection.HTTPConnection object at 0x0000025D7E65C0A0>: Failed to establish a new connection: [WinError 10061] No connection could be made because the target machine actively refused it'))",
      "last_error_endpoint": "/sdapi/v1/options"
    }
  },
  {
    "level": "INFO",
    "name": "src.api.healthcheck",
    "message": "Checking for WebUI API on port 8080 | {\"endpoint\": \"/sdapi/v1/progress\", \"port\": 8080, \"subsystem\": \"api\"}",
    "created": 1765251640.413705,
    "payload": {
      "message": "Checking for WebUI API on port 8080",
      "subsystem": "api",
      "port": 8080,
      "endpoint": "/sdapi/v1/progress"
    }
  },
  {
    "level": "INFO",
    "name": "src.api.healthcheck",
    "message": "Probing WebUI readiness at models/options endpoints | {\"models_endpoint\": \"/sdapi/v1/sd-models\", \"options_endpoint\": \"/sdapi/v1/options\", \"subsystem\": \"api\"}",
    "created": 1765251640.414704,
    "payload": {
      "message": "Probing WebUI readiness at models/options endpoints",
      "subsystem": "api",
      "models_endpoint": "/sdapi/v1/sd-models",
      "options_endpoint": "/sdapi/v1/options"
    }
  },
  {
    "level": "WARNING",
    "name": "src.api.healthcheck",
    "message": "WebUI did not become ready within allotted time: HTTPConnectionPool(host='127.0.0.1', port=8080): Max retries exceeded with url: /sdapi/v1/options (Caused by NewConnectionError('<urllib3.connection.HTTPConnection object at 0x0000025D7E65DF60>: Failed to establish a new connection: [WinError 10061] No connection could be made because the target machine actively refused it')) | {\"last_error\": \"HTTPConnectionPool(host='127.0.0.1', port=8080): Max retries exceeded with url: /sdapi/v1/options (Caused by NewConnectionError('<urllib3.connection.HTTPConnection object at 0x0000025D7E65DF60>: Failed to establish a new connection: [WinError 10061] No connection could be made because the target machine actively refused it'))\", \"last_error_endpoint\": \"/sdapi/v1/options\", \"subsystem\": \"api\"}",
    "created": 1765251647.544453,
    "payload": {
      "message": "WebUI did not become ready within allotted time: HTTPConnectionPool(host='127.0.0.1', port=8080): Max retries exceeded with url: /sdapi/v1/options (Caused by NewConnectionError('<urllib3.connection.HTTPConnection object at 0x0000025D7E65DF60>: Failed to establish a new connection: [WinError 10061] No connection could be made because the target machine actively refused it'))",
      "subsystem": "api",
      "last_error": "HTTPConnectionPool(host='127.0.0.1', port=8080): Max retries exceeded with url: /sdapi/v1/options (Caused by NewConnectionError('<urllib3.connection.HTTPConnection object at 0x0000025D7E65DF60>: Failed to establish a new connection: [WinError 10061] No connection could be made because the target machine actively refused it'))",
      "last_error_endpoint": "/sdapi/v1/options"
    }
  },
  {
    "level": "INFO",
    "name": "src.api.healthcheck",
    "message": "Checking for WebUI API on port 5000 | {\"endpoint\": \"/sdapi/v1/progress\", \"port\": 5000, \"subsystem\": \"api\"}",
    "created": 1765251647.5454473,
    "payload": {
      "message": "Checking for WebUI API on port 5000",
      "subsystem": "api",
      "port": 5000,
      "endpoint": "/sdapi/v1/progress"
    }
  },
  {
    "level": "INFO",
    "name": "src.api.healthcheck",
    "message": "Probing WebUI readiness at models/options endpoints | {\"models_endpoint\": \"/sdapi/v1/sd-models\", \"options_endpoint\": \"/sdapi/v1/options\", \"subsystem\": \"api\"}",
    "created": 1765251647.5454473,
    "payload": {
      "message": "Probing WebUI readiness at models/options endpoints",
      "subsystem": "api",
      "models_endpoint": "/sdapi/v1/sd-models",
      "options_endpoint": "/sdapi/v1/options"
    }
  },
  {
    "level": "WARNING",
    "name": "src.api.healthcheck",
    "message": "WebUI did not become ready within allotted time: HTTPConnectionPool(host='127.0.0.1', port=5000): Max retries exceeded with url: /sdapi/v1/options (Caused by NewConnectionError('<urllib3.connection.HTTPConnection object at 0x0000025D7E65FE50>: Failed to establish a new connection: [WinError 10061] No connection could be made because the target machine actively refused it')) | {\"last_error\": \"HTTPConnectionPool(host='127.0.0.1', port=5000): Max retries exceeded with url: /sdapi/v1/options (Caused by NewConnectionError('<urllib3.connection.HTTPConnection object at 0x0000025D7E65FE50>: Failed to establish a new connection: [WinError 10061] No connection could be made because the target machine actively refused it'))\", \"last_error_endpoint\": \"/sdapi/v1/options\", \"subsystem\": \"api\"}",
    "created": 1765251654.7027268,
    "payload": {
      "message": "WebUI did not become ready within allotted time: HTTPConnectionPool(host='127.0.0.1', port=5000): Max retries exceeded with url: /sdapi/v1/options (Caused by NewConnectionError('<urllib3.connection.HTTPConnection object at 0x0000025D7E65FE50>: Failed to establish a new connection: [WinError 10061] No connection could be made because the target machine actively refused it'))",
      "subsystem": "api",
      "last_error": "HTTPConnectionPool(host='127.0.0.1', port=5000): Max retries exceeded with url: /sdapi/v1/options (Caused by NewConnectionError('<urllib3.connection.HTTPConnection object at 0x0000025D7E65FE50>: Failed to establish a new connection: [WinError 10061] No connection could be made because the target machine actively refused it'))",
      "last_error_endpoint": "/sdapi/v1/options"
    }
  },
  {
    "level": "INFO",
    "name": "src.gui.state",
    "message": "State transition: IDLE -> ERROR",
    "created": 1765251654.8032455
  },
  {
    "level": "INFO",
    "name": "src.services.queue_store_v2",
    "message": "Loaded queue state: 0 jobs, auto_run=False, paused=False",
    "created": 1765251654.8083272
  },
  {
    "level": "INFO",
    "name": "src.controller.app_controller",
    "message": "Restored queue state: auto_run=False, paused=False, 0 jobs (jobs not restored in V1 queue)",
    "created": 1765251654.8093264
  },
  {
    "level": "INFO",
    "name": "src.utils.diagnostics_bundle_v2",
    "message": "Crash bundle saved to reports\\diagnostics\\stablenew_diagnostics_20251209_034054_uncaught_exception.zip",
    "created": 1765251655.005741
  },
  {
    "level": "INFO",
    "name": "src.utils.diagnostics_bundle_v2",
    "message": "Crash bundle saved to reports\\diagnostics\\stablenew_diagnostics_20251209_034055_uncaught_exception.zip",
    "created": 1765251655.5435333
  },
  {
    "level": "INFO",
    "name": "src.utils.diagnostics_bundle_v2",
    "message": "Crash bundle saved to reports\\diagnostics\\stablenew_diagnostics_20251209_034055_uncaught_exception.zip",
    "created": 1765251655.7207317
  },
  {
    "level": "INFO",
    "name": "src.utils.diagnostics_bundle_v2",
    "message": "Crash bundle saved to reports\\diagnostics\\stablenew_diagnostics_20251209_034055_uncaught_exception.zip",
    "created": 1765251655.9027746
  },
  {
    "level": "INFO",
    "name": "src.utils.diagnostics_bundle_v2",
    "message": "Crash bundle saved to reports\\diagnostics\\stablenew_diagnostics_20251209_034055_uncaught_exception.zip",
    "created": 1765251656.0876613
  },
  {
    "level": "INFO",
    "name": "src.utils.diagnostics_bundle_v2",
    "message": "Crash bundle saved to reports\\diagnostics\\stablenew_diagnostics_20251209_034056_uncaught_exception.zip",
    "created": 1765251656.2756417
  },
  {
    "level": "INFO",
    "name": "src.utils.diagnostics_bundle_v2",
    "message": "Crash bundle saved to reports\\diagnostics\\stablenew_diagnostics_20251209_034056_uncaught_exception.zip",
    "created": 1765251656.460536
  },
  {
    "level": "INFO",
    "name": "src.utils.diagnostics_bundle_v2",
    "message": "Crash bundle saved to reports\\diagnostics\\stablenew_diagnostics_20251209_034056_uncaught_exception.zip",
    "created": 1765251656.6437554
  },
  {
    "level": "INFO",
    "name": "src.utils.diagnostics_bundle_v2",
    "message": "Crash bundle saved to reports\\diagnostics\\stablenew_diagnostics_20251209_034056_uncaught_exception.zip",
    "created": 1765251656.8255355
  }
]