{
  "txt2img": {
    "steps": 25,
    "sampler_name": "DPM++ 2M Karras",
    "cfg_scale": 7.5,
    "width": 768,
    "height": 512,
    "negative_prompt": "extreme close up, macro shot, too close, cropped features, distant landscape, wide panorama, low quality, blurry"
  },
  "img2img": {
    "steps": 20,
    "sampler_name": "DPM++ 2M Karras",
    "cfg_scale": 7.0,
    "denoising_strength": 0.3
  },
  "upscale": {
    "upscaler": "R-ESRGAN 4x+",
    "upscaling_resize": 2.0
  },
  "video": {
    "fps": 24,
    "codec": "libx264",
    "quality": "medium"
  },
  "api": {
    "base_url": "http://127.0.0.1:7860",
    "timeout": 300
  }
}
