[
  {
    "level": "INFO",
    "name": "src.services.queue_store_v2",
    "message": "Loaded queue state: 0 jobs, auto_run=True, paused=False",
    "created": 1765553089.3770893
  },
  {
    "level": "INFO",
    "name": "src.controller.app_controller",
    "message": "Restored queue state: auto_run=True, paused=False, 0 jobs (jobs not restored in V1 queue)",
    "created": 1765553089.3770893
  },
  {
    "level": "INFO",
    "name": "src.services.queue_store_v2",
    "message": "Loaded queue state: 0 jobs, auto_run=True, paused=False",
    "created": 1765553089.3905017
  },
  {
    "level": "INFO",
    "name": "src.controller.job_execution_controller",
    "message": "Restored queue state: auto_run=True, paused=False, 0 restored job(s)",
    "created": 1765553089.3905017
  },
  {
    "level": "INFO",
    "name": "src.services.queue_store_v2",
    "message": "QUEUE_STATE_SAVED | Persisted queue state",
    "created": 1765553089.3905017
  },
  {
    "level": "INFO",
    "name": "src.services.queue_store_v2",
    "message": "Loaded queue state: 0 jobs, auto_run=True, paused=False",
    "created": 1765553089.3905017
  },
  {
    "level": "INFO",
    "name": "src.controller.app_controller",
    "message": "Restored queue state: auto_run=True, paused=False, 0 jobs (jobs not restored in V1 queue)",
    "created": 1765553089.4065278
  },
  {
    "level": "INFO",
    "name": "src.controller.job_service",
    "message": "Job status change | {\"job_id\": \"job-container\", \"prompt_pack_id\": null, \"run_mode\": \"queue\", \"status\": \"running\", \"subsystem\": \"job_service\"}",
    "created": 1765553089.410528,
    "payload": {
      "message": "Job status change",
      "job_id": "job-container",
      "subsystem": "job_service",
      "status": "running",
      "run_mode": "queue",
      "prompt_pack_id": null
    }
  },
  {
    "level": "INFO",
    "name": "src.controller.job_service",
    "message": "Job status change | {\"job_id\": \"job-container\", \"prompt_pack_id\": null, \"run_mode\": \"queue\", \"status\": \"completed\", \"subsystem\": \"job_service\"}",
    "created": 1765553089.4135275,
    "payload": {
      "message": "Job status change",
      "job_id": "job-container",
      "subsystem": "job_service",
      "status": "completed",
      "run_mode": "queue",
      "prompt_pack_id": null
    }
  },
  {
    "level": "INFO",
    "name": "src.controller.job_service",
    "message": "Cleaning external processes | {\"job_id\": \"job-container\", \"pid_count\": 1, \"reason\": \"completed\", \"subsystem\": \"job_service\"}",
    "created": 1765553089.416527,
    "payload": {
      "message": "Cleaning external processes",
      "job_id": "job-container",
      "subsystem": "job_service",
      "pid_count": 1,
      "reason": "completed"
    }
  },
  {
    "level": "INFO",
    "name": "src.controller.job_service",
    "message": "[CONTAINER] job kill_all invoked | {\"job_id\": \"job-container\", \"subsystem\": \"process_container\"}",
    "created": 1765553089.4195266,
    "payload": {
      "message": "[CONTAINER] job kill_all invoked",
      "job_id": "job-container",
      "subsystem": "process_container"
    }
  },
  {
    "level": "INFO",
    "name": "src.controller.job_service",
    "message": "Job status change | {\"job_id\": \"done\", \"prompt_pack_id\": null, \"run_mode\": \"queue\", \"status\": \"completed\", \"subsystem\": \"job_service\"}",
    "created": 1765553089.4301727,
    "payload": {
      "message": "Job status change",
      "job_id": "done",
      "subsystem": "job_service",
      "status": "completed",
      "run_mode": "queue",
      "prompt_pack_id": null
    }
  },
  {
    "level": "INFO",
    "name": "src.controller.job_service",
    "message": "Job status change | {\"job_id\": \"fail\", \"prompt_pack_id\": null, \"run_mode\": \"queue\", \"status\": \"failed\", \"subsystem\": \"job_service\"}",
    "created": 1765553089.434173,
    "payload": {
      "message": "Job status change",
      "job_id": "fail",
      "subsystem": "job_service",
      "status": "failed",
      "run_mode": "queue",
      "prompt_pack_id": null
    }
  },
  {
    "level": "ERROR",
    "name": "src.controller.job_service",
    "message": "Normalized job missing pack identity | {\"job_id\": \"record\", \"prompt_pack_id\": \"\", \"prompt_pack_name\": \"\", \"prompt_source\": \"pack\", \"sample_prompt\": \"test\", \"subsystem\": \"job_service\"}",
    "created": 1765553089.4371734,
    "payload": {
      "message": "Normalized job missing pack identity",
      "job_id": "record",
      "subsystem": "job_service",
      "prompt_source": "pack",
      "prompt_pack_id": "",
      "prompt_pack_name": "",
      "sample_prompt": "test"
    }
  },
  {
    "level": "WARNING",
    "name": "src.controller.job_service",
    "message": "Job validation failed | {\"code\": \"pack_required\", \"job_id\": \"job\", \"message\": \"Normalized job 'record' must declare a prompt_pack_id (prompt_source=pack).\", \"subsystem\": \"job_service\"}",
    "created": 1765553089.4401722,
    "payload": {
      "message": "Normalized job 'record' must declare a prompt_pack_id (prompt_source=pack).",
      "job_id": "job",
      "subsystem": "job_service",
      "code": "pack_required"
    }
  },
  {
    "level": "ERROR",
    "name": "src.controller.job_service",
    "message": "Normalized job missing pack identity | {\"job_id\": \"record\", \"prompt_pack_id\": \"\", \"prompt_pack_name\": \"\", \"prompt_source\": \"manual\", \"sample_prompt\": \"test\", \"subsystem\": \"job_service\"}",
    "created": 1765553089.4431717,
    "payload": {
      "message": "Normalized job missing pack identity",
      "job_id": "record",
      "subsystem": "job_service",
      "prompt_source": "manual",
      "prompt_pack_id": "",
      "prompt_pack_name": "",
      "sample_prompt": "test"
    }
  },
  {
    "level": "WARNING",
    "name": "src.controller.job_service",
    "message": "Job validation failed | {\"code\": \"pack_required\", \"job_id\": \"job\", \"message\": \"Normalized job 'record' must declare a prompt_pack_id (prompt_source=manual).\", \"subsystem\": \"job_service\"}",
    "created": 1765553089.446172,
    "payload": {
      "message": "Normalized job 'record' must declare a prompt_pack_id (prompt_source=manual).",
      "job_id": "job",
      "subsystem": "job_service",
      "code": "pack_required"
    }
  },
  {
    "level": "INFO",
    "name": "src.controller.job_service",
    "message": "Submitting job missing-normalized with run_mode=queue | {\"job_id\": \"missing-normalized\", \"run_mode\": \"queue\", \"subsystem\": \"job_service\"}",
    "created": 1765553089.44949,
    "payload": {
      "message": "Submitting job missing-normalized with run_mode=queue",
      "job_id": "missing-normalized",
      "subsystem": "job_service",
      "run_mode": "queue"
    }
  },
  {
    "level": "WARNING",
    "name": "src.controller.job_service",
    "message": "Job validation failed | {\"code\": \"missing_snapshot\", \"job_id\": \"missing-normalized\", \"message\": \"Job is missing normalized metadata.\", \"subsystem\": \"job_service\"}",
    "created": 1765553089.4524894,
    "payload": {
      "message": "Job is missing normalized metadata.",
      "job_id": "missing-normalized",
      "subsystem": "job_service",
      "code": "missing_snapshot"
    }
  },
  {
    "level": "INFO",
    "name": "src.controller.job_service",
    "message": "Submitting job 9c485208-2eaf-4722-9aa9-a072dc6169b8 with run_mode=queue | {\"job_id\": \"9c485208-2eaf-4722-9aa9-a072dc6169b8\", \"run_mode\": \"queue\", \"subsystem\": \"job_service\"}",
    "created": 1765553089.4524894,
    "payload": {
      "message": "Submitting job 9c485208-2eaf-4722-9aa9-a072dc6169b8 with run_mode=queue",
      "job_id": "9c485208-2eaf-4722-9aa9-a072dc6169b8",
      "subsystem": "job_service",
      "run_mode": "queue"
    }
  },
  {
    "level": "INFO",
    "name": "src.controller.job_service",
    "message": "Queuing job 9c485208-2eaf-4722-9aa9-a072dc6169b8 for background execution | {\"job_id\": \"9c485208-2eaf-4722-9aa9-a072dc6169b8\", \"subsystem\": \"job_service\"}",
    "created": 1765553089.4524894,
    "payload": {
      "message": "Queuing job 9c485208-2eaf-4722-9aa9-a072dc6169b8 for background execution",
      "job_id": "9c485208-2eaf-4722-9aa9-a072dc6169b8",
      "subsystem": "job_service"
    }
  },
  {
    "level": "INFO",
    "name": "src.controller.job_service",
    "message": "Queue worker starting | {\"job_id\": \"9c485208-2eaf-4722-9aa9-a072dc6169b8\", \"runner\": \"StubRunner\", \"subsystem\": \"job_service\"}",
    "created": 1765553089.4524894,
    "payload": {
      "message": "Queue worker starting",
      "job_id": "9c485208-2eaf-4722-9aa9-a072dc6169b8",
      "subsystem": "job_service",
      "runner": "StubRunner"
    }
  },
  {
    "level": "INFO",
    "name": "src.controller.job_service",
    "message": "Cleaning external processes | {\"job_id\": \"job-123\", \"pid_count\": 1, \"reason\": \"cleanup\", \"subsystem\": \"job_service\"}",
    "created": 1765553089.4685884,
    "payload": {
      "message": "Cleaning external processes",
      "job_id": "job-123",
      "subsystem": "job_service",
      "pid_count": 1,
      "reason": "cleanup"
    }
  },
  {
    "level": "INFO",
    "name": "src.controller.job_service",
    "message": "Job status change | {\"job_id\": \"job-run\", \"prompt_pack_id\": null, \"run_mode\": \"queue\", \"status\": \"running\", \"subsystem\": \"job_service\"}",
    "created": 1765553089.4685884,
    "payload": {
      "message": "Job status change",
      "job_id": "job-run",
      "subsystem": "job_service",
      "status": "running",
      "run_mode": "queue",
      "prompt_pack_id": null
    }
  },
  {
    "level": "INFO",
    "name": "src.controller.job_service",
    "message": "Job status change | {\"job_id\": \"cancel\", \"prompt_pack_id\": null, \"run_mode\": \"queue\", \"status\": \"cancelled\", \"subsystem\": \"job_service\"}",
    "created": 1765553089.4843733,
    "payload": {
      "message": "Job status change",
      "job_id": "cancel",
      "subsystem": "job_service",
      "status": "cancelled",
      "run_mode": "queue",
      "prompt_pack_id": null
    }
  },
  {
    "level": "INFO",
    "name": "src.controller.job_service",
    "message": "Job status change | {\"job_id\": \"start-finish\", \"prompt_pack_id\": null, \"run_mode\": \"queue\", \"status\": \"running\", \"subsystem\": \"job_service\"}",
    "created": 1765553089.489325,
    "payload": {
      "message": "Job status change",
      "job_id": "start-finish",
      "subsystem": "job_service",
      "status": "running",
      "run_mode": "queue",
      "prompt_pack_id": null
    }
  },
  {
    "level": "INFO",
    "name": "src.controller.job_service",
    "message": "Job status change | {\"job_id\": \"start-finish\", \"prompt_pack_id\": null, \"run_mode\": \"queue\", \"status\": \"completed\", \"subsystem\": \"job_service\"}",
    "created": 1765553089.4927826,
    "payload": {
      "message": "Job status change",
      "job_id": "start-finish",
      "subsystem": "job_service",
      "status": "completed",
      "run_mode": "queue",
      "prompt_pack_id": null
    }
  },
  {
    "level": "INFO",
    "name": "src.controller.job_service",
    "message": "Job status change | {\"job_id\": \"queue-fail\", \"prompt_pack_id\": null, \"run_mode\": \"queue\", \"status\": \"running\", \"subsystem\": \"job_service\"}",
    "created": 1765553089.4967904,
    "payload": {
      "message": "Job status change",
      "job_id": "queue-fail",
      "subsystem": "job_service",
      "status": "running",
      "run_mode": "queue",
      "prompt_pack_id": null
    }
  },
  {
    "level": "INFO",
    "name": "src.controller.job_service",
    "message": "Job status change | {\"job_id\": \"queue-fail\", \"prompt_pack_id\": null, \"run_mode\": \"queue\", \"status\": \"failed\", \"subsystem\": \"job_service\"}",
    "created": 1765553089.498793,
    "payload": {
      "message": "Job status change",
      "job_id": "queue-fail",
      "subsystem": "job_service",
      "status": "failed",
      "run_mode": "queue",
      "prompt_pack_id": null
    }
  },
  {
    "level": "INFO",
    "name": "src.controller.job_service",
    "message": "Job status change | {\"job_id\": \"job-watchdog\", \"prompt_pack_id\": null, \"run_mode\": \"queue\", \"status\": \"running\", \"subsystem\": \"job_service\"}",
    "created": 1765553089.5002954,
    "payload": {
      "message": "Job status change",
      "job_id": "job-watchdog",
      "subsystem": "job_service",
      "status": "running",
      "run_mode": "queue",
      "prompt_pack_id": null
    }
  },
  {
    "level": "WARNING",
    "name": "src.controller.job_service",
    "message": "[WATCHDOG] job=job-watchdog reason=MEMORY info={'watchdog_reason': 'MEMORY', 'pid': 1} | {\"error_envelope\": {\"context\": {\"pid\": 1, \"watchdog_reason\": \"MEMORY\"}, \"error_type\": \"WatchdogViolationError\", \"job_id\": \"job-watchdog\", \"message\": \"Watchdog memory violation\", \"remediation\": \"Reduce job size or raise resource caps in configuration.\", \"retry_info\": null, \"severity\": \"ERROR\", \"stack\": \"src.utils.exceptions_v2.WatchdogViolationError: Watchdog memory violation\\n\", \"stage\": null, \"subsystem\": \"watchdog\", \"timestamp\": 1765553089.5057929}, \"subsystem\": \"watchdog\"}",
    "created": 1765553089.5057929,
    "payload": {
      "message": "[WATCHDOG] job=job-watchdog reason=MEMORY info={'watchdog_reason': 'MEMORY', 'pid': 1}",
      "subsystem": "watchdog",
      "error_envelope": {
        "error_type": "WatchdogViolationError",
        "subsystem": "watchdog",
        "severity": "ERROR",
        "message": "Watchdog memory violation",
        "stack": "src.utils.exceptions_v2.WatchdogViolationError: Watchdog memory violation\n",
        "job_id": "job-watchdog",
        "stage": null,
        "timestamp": 1765553089.5057929,
        "remediation": "Reduce job size or raise resource caps in configuration.",
        "context": {
          "watchdog_reason": "MEMORY",
          "pid": 1
        },
        "retry_info": null
      }
    }
  },
  {
    "level": "INFO",
    "name": "src.services.queue_store_v2",
    "message": "Loaded queue state: 0 jobs, auto_run=True, paused=False",
    "created": 1765553089.5301738
  },
  {
    "level": "INFO",
    "name": "src.controller.job_execution_controller",
    "message": "Restored queue state: auto_run=True, paused=False, 0 restored job(s)",
    "created": 1765553089.5393107
  },
  {
    "level": "INFO",
    "name": "src.services.queue_store_v2",
    "message": "QUEUE_STATE_SAVED | Persisted queue state",
    "created": 1765553089.5413144
  },
  {
    "level": "INFO",
    "name": "src.services.queue_store_v2",
    "message": "Loaded queue state: 0 jobs, auto_run=True, paused=False",
    "created": 1765553089.5484073
  },
  {
    "level": "INFO",
    "name": "src.controller.job_execution_controller",
    "message": "Restored queue state: auto_run=True, paused=False, 0 restored job(s)",
    "created": 1765553089.5514112
  },
  {
    "level": "INFO",
    "name": "src.services.queue_store_v2",
    "message": "QUEUE_STATE_SAVED | Persisted queue state",
    "created": 1765553089.5544112
  },
  {
    "level": "INFO",
    "name": "src.services.queue_store_v2",
    "message": "Loaded queue state: 0 jobs, auto_run=True, paused=False",
    "created": 1765553089.5574102
  },
  {
    "level": "INFO",
    "name": "src.controller.app_controller",
    "message": "Restored queue state: auto_run=True, paused=False, 0 jobs (jobs not restored in V1 queue)",
    "created": 1765553089.5604103
  },
  {
    "level": "INFO",
    "name": "src.utils.file_io",
    "message": "Read 1 prompts from test_pack.txt",
    "created": 1765553089.5614111
  },
  {
    "level": "INFO",
    "name": "src.services.queue_store_v2",
    "message": "Loaded queue state: 0 jobs, auto_run=True, paused=False",
    "created": 1765553089.5690093
  },
  {
    "level": "INFO",
    "name": "src.controller.job_execution_controller",
    "message": "Restored queue state: auto_run=True, paused=False, 0 restored job(s)",
    "created": 1765553089.5690093
  },
  {
    "level": "INFO",
    "name": "src.services.queue_store_v2",
    "message": "QUEUE_STATE_SAVED | Persisted queue state",
    "created": 1765553089.5690093
  },
  {
    "level": "INFO",
    "name": "src.services.queue_store_v2",
    "message": "Loaded queue state: 0 jobs, auto_run=True, paused=False",
    "created": 1765553089.5972528
  },
  {
    "level": "INFO",
    "name": "src.controller.job_execution_controller",
    "message": "Restored queue state: auto_run=True, paused=False, 0 restored job(s)",
    "created": 1765553089.6108656
  },
  {
    "level": "INFO",
    "name": "src.services.queue_store_v2",
    "message": "QUEUE_STATE_SAVED | Persisted queue state",
    "created": 1765553089.6138651
  },
  {
    "level": "INFO",
    "name": "src.gui.state",
    "message": "State transition: IDLE -> RUNNING",
    "created": 1765553089.6168656
  },
  {
    "level": "INFO",
    "name": "src.controller.pipeline_controller",
    "message": "Submitted 1 jobs via V2 pipeline",
    "created": 1765553089.619866
  },
  {
    "level": "INFO",
    "name": "src.services.queue_store_v2",
    "message": "Loaded queue state: 0 jobs, auto_run=True, paused=False",
    "created": 1765553089.6238668
  },
  {
    "level": "INFO",
    "name": "src.controller.job_execution_controller",
    "message": "Restored queue state: auto_run=True, paused=False, 0 restored job(s)",
    "created": 1765553089.6268654
  },
  {
    "level": "INFO",
    "name": "src.services.queue_store_v2",
    "message": "QUEUE_STATE_SAVED | Persisted queue state",
    "created": 1765553089.6308653
  },
  {
    "level": "INFO",
    "name": "src.gui.state",
    "message": "State transition: IDLE -> RUNNING",
    "created": 1765553089.633866
  },
  {
    "level": "INFO",
    "name": "src.controller.pipeline_controller",
    "message": "Submitted 1 jobs via V2 pipeline",
    "created": 1765553089.635866
  },
  {
    "level": "INFO",
    "name": "src.services.queue_store_v2",
    "message": "Loaded queue state: 0 jobs, auto_run=True, paused=False",
    "created": 1765553089.6408668
  },
  {
    "level": "INFO",
    "name": "src.controller.job_execution_controller",
    "message": "Restored queue state: auto_run=True, paused=False, 0 restored job(s)",
    "created": 1765553089.6428654
  },
  {
    "level": "INFO",
    "name": "src.services.queue_store_v2",
    "message": "QUEUE_STATE_SAVED | Persisted queue state",
    "created": 1765553089.6468654
  },
  {
    "level": "INFO",
    "name": "src.gui.state",
    "message": "State transition: IDLE -> RUNNING",
    "created": 1765553089.6498654
  },
  {
    "level": "INFO",
    "name": "src.controller.pipeline_controller",
    "message": "Submitted 3 jobs via V2 pipeline",
    "created": 1765553089.651865
  },
  {
    "level": "INFO",
    "name": "src.services.queue_store_v2",
    "message": "Loaded queue state: 0 jobs, auto_run=True, paused=False",
    "created": 1765553089.6569638
  },
  {
    "level": "INFO",
    "name": "src.controller.job_execution_controller",
    "message": "Restored queue state: auto_run=True, paused=False, 0 restored job(s)",
    "created": 1765553089.658963
  },
  {
    "level": "INFO",
    "name": "src.services.queue_store_v2",
    "message": "QUEUE_STATE_SAVED | Persisted queue state",
    "created": 1765553089.6619627
  },
  {
    "level": "INFO",
    "name": "src.gui.state",
    "message": "State transition: IDLE -> RUNNING",
    "created": 1765553089.665963
  },
  {
    "level": "INFO",
    "name": "src.controller.pipeline_controller",
    "message": "Submitted 2 jobs via V2 pipeline",
    "created": 1765553089.6681676
  },
  {
    "level": "INFO",
    "name": "src.services.queue_store_v2",
    "message": "Loaded queue state: 0 jobs, auto_run=True, paused=False",
    "created": 1765553089.6721687
  },
  {
    "level": "INFO",
    "name": "src.controller.job_execution_controller",
    "message": "Restored queue state: auto_run=True, paused=False, 0 restored job(s)",
    "created": 1765553089.6721687
  },
  {
    "level": "INFO",
    "name": "src.services.queue_store_v2",
    "message": "QUEUE_STATE_SAVED | Persisted queue state",
    "created": 1765553089.6721687
  },
  {
    "level": "INFO",
    "name": "src.gui.state",
    "message": "State transition: IDLE -> RUNNING",
    "created": 1765553089.6721687
  },
  {
    "level": "INFO",
    "name": "src.controller.pipeline_controller",
    "message": "Submitted 1 jobs via V2 pipeline",
    "created": 1765553089.6721687
  },
  {
    "level": "INFO",
    "name": "src.services.queue_store_v2",
    "message": "Loaded queue state: 0 jobs, auto_run=True, paused=False",
    "created": 1765553089.687802
  },
  {
    "level": "INFO",
    "name": "src.controller.job_execution_controller",
    "message": "Restored queue state: auto_run=True, paused=False, 0 restored job(s)",
    "created": 1765553089.687802
  },
  {
    "level": "INFO",
    "name": "src.services.queue_store_v2",
    "message": "QUEUE_STATE_SAVED | Persisted queue state",
    "created": 1765553089.687802
  },
  {
    "level": "WARNING",
    "name": "src.controller.pipeline_controller",
    "message": "JobBuilderV2 returned no jobs for current state",
    "created": 1765553089.687802
  },
  {
    "level": "WARNING",
    "name": "src.controller.pipeline_controller",
    "message": "No jobs to submit",
    "created": 1765553089.687802
  },
  {
    "level": "INFO",
    "name": "src.services.queue_store_v2",
    "message": "Loaded queue state: 0 jobs, auto_run=True, paused=False",
    "created": 1765553089.7034795
  },
  {
    "level": "INFO",
    "name": "src.controller.job_execution_controller",
    "message": "Restored queue state: auto_run=True, paused=False, 0 restored job(s)",
    "created": 1765553089.7034795
  },
  {
    "level": "INFO",
    "name": "src.services.queue_store_v2",
    "message": "QUEUE_STATE_SAVED | Persisted queue state",
    "created": 1765553089.7034795
  },
  {
    "level": "WARNING",
    "name": "src.controller.pipeline_controller",
    "message": "JobBuilderV2 returned no jobs for current state",
    "created": 1765553089.7034795
  },
  {
    "level": "WARNING",
    "name": "src.controller.pipeline_controller",
    "message": "No jobs to submit",
    "created": 1765553089.7034795
  },
  {
    "level": "INFO",
    "name": "src.services.queue_store_v2",
    "message": "Loaded queue state: 0 jobs, auto_run=True, paused=False",
    "created": 1765553089.7192867
  },
  {
    "level": "INFO",
    "name": "src.controller.job_execution_controller",
    "message": "Restored queue state: auto_run=True, paused=False, 0 restored job(s)",
    "created": 1765553089.7192867
  },
  {
    "level": "INFO",
    "name": "src.services.queue_store_v2",
    "message": "QUEUE_STATE_SAVED | Persisted queue state",
    "created": 1765553089.7192867
  },
  {
    "level": "INFO",
    "name": "src.gui.state",
    "message": "State transition: IDLE -> RUNNING",
    "created": 1765553089.7192867
  },
  {
    "level": "INFO",
    "name": "src.controller.pipeline_controller",
    "message": "Submitted 1 jobs via V2 pipeline",
    "created": 1765553089.7192867
  },
  {
    "level": "INFO",
    "name": "src.services.queue_store_v2",
    "message": "Loaded queue state: 0 jobs, auto_run=True, paused=False",
    "created": 1765553089.7372942
  },
  {
    "level": "INFO",
    "name": "src.controller.job_execution_controller",
    "message": "Restored queue state: auto_run=True, paused=False, 0 restored job(s)",
    "created": 1765553089.7392926
  },
  {
    "level": "INFO",
    "name": "src.services.queue_store_v2",
    "message": "QUEUE_STATE_SAVED | Persisted queue state",
    "created": 1765553089.7422915
  },
  {
    "level": "INFO",
    "name": "src.gui.state",
    "message": "State transition: IDLE -> RUNNING",
    "created": 1765553089.7452917
  },
  {
    "level": "INFO",
    "name": "src.controller.pipeline_controller",
    "message": "Submitted 1 jobs via V2 pipeline",
    "created": 1765553089.7481933
  },
  {
    "level": "INFO",
    "name": "src.services.queue_store_v2",
    "message": "Loaded queue state: 0 jobs, auto_run=True, paused=False",
    "created": 1765553089.7521956
  },
  {
    "level": "INFO",
    "name": "src.controller.job_execution_controller",
    "message": "Restored queue state: auto_run=True, paused=False, 0 restored job(s)",
    "created": 1765553089.755193
  },
  {
    "level": "INFO",
    "name": "src.services.queue_store_v2",
    "message": "QUEUE_STATE_SAVED | Persisted queue state",
    "created": 1765553089.7581935
  },
  {
    "level": "INFO",
    "name": "src.services.queue_store_v2",
    "message": "Loaded queue state: 0 jobs, auto_run=True, paused=False",
    "created": 1765553089.764195
  },
  {
    "level": "INFO",
    "name": "src.controller.job_execution_controller",
    "message": "Restored queue state: auto_run=True, paused=False, 0 restored job(s)",
    "created": 1765553089.7671936
  },
  {
    "level": "INFO",
    "name": "src.services.queue_store_v2",
    "message": "QUEUE_STATE_SAVED | Persisted queue state",
    "created": 1765553089.7711942
  },
  {
    "level": "INFO",
    "name": "src.gui.state",
    "message": "State transition: IDLE -> RUNNING",
    "created": 1765553089.7741938
  },
  {
    "level": "INFO",
    "name": "src.services.queue_store_v2",
    "message": "Loaded queue state: 0 jobs, auto_run=True, paused=False",
    "created": 1765553089.778194
  },
  {
    "level": "INFO",
    "name": "src.controller.job_execution_controller",
    "message": "Restored queue state: auto_run=True, paused=False, 0 restored job(s)",
    "created": 1765553089.781194
  },
  {
    "level": "INFO",
    "name": "src.services.queue_store_v2",
    "message": "QUEUE_STATE_SAVED | Persisted queue state",
    "created": 1765553089.781194
  },
  {
    "level": "INFO",
    "name": "src.gui.state",
    "message": "State transition: IDLE -> RUNNING",
    "created": 1765553089.781194
  },
  {
    "level": "WARNING",
    "name": "src.gui.state",
    "message": "Invalid state transition: RUNNING -> RUNNING",
    "created": 1765553089.781194
  },
  {
    "level": "WARNING",
    "name": "src.gui.state",
    "message": "Invalid state transition: RUNNING -> RUNNING",
    "created": 1765553089.781194
  },
  {
    "level": "INFO",
    "name": "src.gui.state",
    "message": "State transition: RUNNING -> IDLE",
    "created": 1765553089.781194
  },
  {
    "level": "INFO",
    "name": "src.services.queue_store_v2",
    "message": "Loaded queue state: 0 jobs, auto_run=True, paused=False",
    "created": 1765553089.7969263
  },
  {
    "level": "INFO",
    "name": "src.controller.job_execution_controller",
    "message": "Restored queue state: auto_run=True, paused=False, 0 restored job(s)",
    "created": 1765553089.7969263
  },
  {
    "level": "INFO",
    "name": "src.services.queue_store_v2",
    "message": "QUEUE_STATE_SAVED | Persisted queue state",
    "created": 1765553089.7969263
  },
  {
    "level": "WARNING",
    "name": "src.gui.state",
    "message": "Invalid state transition: IDLE -> STOPPING",
    "created": 1765553089.7969263
  },
  {
    "level": "INFO",
    "name": "src.services.queue_store_v2",
    "message": "Loaded queue state: 0 jobs, auto_run=True, paused=False",
    "created": 1765553089.8125963
  },
  {
    "level": "INFO",
    "name": "src.controller.job_execution_controller",
    "message": "Restored queue state: auto_run=True, paused=False, 0 restored job(s)",
    "created": 1765553089.8125963
  },
  {
    "level": "INFO",
    "name": "src.services.queue_store_v2",
    "message": "QUEUE_STATE_SAVED | Persisted queue state",
    "created": 1765553089.8125963
  },
  {
    "level": "INFO",
    "name": "src.gui.state",
    "message": "State transition: IDLE -> RUNNING",
    "created": 1765553089.8125963
  },
  {
    "level": "INFO",
    "name": "src.controller.pipeline_controller",
    "message": "Submitted 1 jobs via V2 pipeline",
    "created": 1765553089.8125963
  },
  {
    "level": "INFO",
    "name": "src.services.queue_store_v2",
    "message": "Loaded queue state: 0 jobs, auto_run=True, paused=False",
    "created": 1765553089.8288443
  },
  {
    "level": "INFO",
    "name": "src.controller.job_execution_controller",
    "message": "Restored queue state: auto_run=True, paused=False, 0 restored job(s)",
    "created": 1765553089.8318477
  },
  {
    "level": "INFO",
    "name": "src.services.queue_store_v2",
    "message": "QUEUE_STATE_SAVED | Persisted queue state",
    "created": 1765553089.8348475
  },
  {
    "level": "INFO",
    "name": "src.gui.state",
    "message": "State transition: IDLE -> RUNNING",
    "created": 1765553089.8378472
  },
  {
    "level": "INFO",
    "name": "src.controller.pipeline_controller",
    "message": "Submitted 1 jobs via V2 pipeline",
    "created": 1765553089.8408487
  },
  {
    "level": "INFO",
    "name": "src.services.queue_store_v2",
    "message": "Loaded queue state: 0 jobs, auto_run=True, paused=False",
    "created": 1765553089.844885
  },
  {
    "level": "INFO",
    "name": "src.controller.job_execution_controller",
    "message": "Restored queue state: auto_run=True, paused=False, 0 restored job(s)",
    "created": 1765553089.847883
  },
  {
    "level": "INFO",
    "name": "src.services.queue_store_v2",
    "message": "QUEUE_STATE_SAVED | Persisted queue state",
    "created": 1765553089.8508835
  },
  {
    "level": "INFO",
    "name": "src.gui.state",
    "message": "State transition: IDLE -> RUNNING",
    "created": 1765553089.853883
  },
  {
    "level": "INFO",
    "name": "src.controller.pipeline_controller",
    "message": "Submitted 1 jobs via V2 pipeline",
    "created": 1765553089.8565626
  },
  {
    "level": "INFO",
    "name": "src.services.queue_store_v2",
    "message": "Loaded queue state: 0 jobs, auto_run=True, paused=False",
    "created": 1765553089.8585625
  },
  {
    "level": "INFO",
    "name": "src.controller.job_execution_controller",
    "message": "Restored queue state: auto_run=True, paused=False, 0 restored job(s)",
    "created": 1765553089.8585625
  },
  {
    "level": "INFO",
    "name": "src.services.queue_store_v2",
    "message": "QUEUE_STATE_SAVED | Persisted queue state",
    "created": 1765553089.8585625
  },
  {
    "level": "INFO",
    "name": "src.gui.state",
    "message": "State transition: IDLE -> RUNNING",
    "created": 1765553089.8585625
  },
  {
    "level": "INFO",
    "name": "src.controller.pipeline_controller",
    "message": "Submitted 1 jobs via V2 pipeline",
    "created": 1765553089.8585625
  },
  {
    "level": "INFO",
    "name": "src.services.queue_store_v2",
    "message": "Loaded queue state: 0 jobs, auto_run=True, paused=False",
    "created": 1765553089.8771892
  },
  {
    "level": "INFO",
    "name": "src.controller.job_execution_controller",
    "message": "Restored queue state: auto_run=True, paused=False, 0 restored job(s)",
    "created": 1765553089.8793898
  },
  {
    "level": "INFO",
    "name": "src.services.queue_store_v2",
    "message": "QUEUE_STATE_SAVED | Persisted queue state",
    "created": 1765553089.8823893
  },
  {
    "level": "INFO",
    "name": "src.gui.state",
    "message": "State transition: IDLE -> RUNNING",
    "created": 1765553089.885389
  },
  {
    "level": "INFO",
    "name": "src.controller.pipeline_controller",
    "message": "Submitted 3 jobs via V2 pipeline",
    "created": 1765553089.8882823
  },
  {
    "level": "INFO",
    "name": "src.services.queue_store_v2",
    "message": "Loaded queue state: 0 jobs, auto_run=True, paused=False",
    "created": 1765553089.8892825
  },
  {
    "level": "INFO",
    "name": "src.controller.job_execution_controller",
    "message": "Restored queue state: auto_run=True, paused=False, 0 restored job(s)",
    "created": 1765553089.8892825
  },
  {
    "level": "INFO",
    "name": "src.services.queue_store_v2",
    "message": "QUEUE_STATE_SAVED | Persisted queue state",
    "created": 1765553089.8892825
  },
  {
    "level": "INFO",
    "name": "src.gui.state",
    "message": "State transition: IDLE -> RUNNING",
    "created": 1765553089.8892825
  },
  {
    "level": "INFO",
    "name": "src.controller.pipeline_controller",
    "message": "Submitted 2 jobs via V2 pipeline",
    "created": 1765553089.8892825
  },
  {
    "level": "INFO",
    "name": "src.services.queue_store_v2",
    "message": "Loaded queue state: 0 jobs, auto_run=True, paused=False",
    "created": 1765553089.9049518
  },
  {
    "level": "INFO",
    "name": "src.controller.job_execution_controller",
    "message": "Restored queue state: auto_run=True, paused=False, 0 restored job(s)",
    "created": 1765553089.9049518
  },
  {
    "level": "INFO",
    "name": "src.services.queue_store_v2",
    "message": "QUEUE_STATE_SAVED | Persisted queue state",
    "created": 1765553089.9049518
  },
  {
    "level": "INFO",
    "name": "src.gui.state",
    "message": "State transition: IDLE -> RUNNING",
    "created": 1765553089.9049518
  },
  {
    "level": "INFO",
    "name": "src.controller.pipeline_controller",
    "message": "Submitted 1 jobs via V2 pipeline",
    "created": 1765553089.9206533
  },
  {
    "level": "INFO",
    "name": "src.services.queue_store_v2",
    "message": "Loaded queue state: 0 jobs, auto_run=True, paused=False",
    "created": 1765553089.9206533
  },
  {
    "level": "INFO",
    "name": "src.controller.job_execution_controller",
    "message": "Restored queue state: auto_run=True, paused=False, 0 restored job(s)",
    "created": 1765553089.9206533
  },
  {
    "level": "INFO",
    "name": "src.services.queue_store_v2",
    "message": "QUEUE_STATE_SAVED | Persisted queue state",
    "created": 1765553089.9206533
  },
  {
    "level": "INFO",
    "name": "src.gui.state",
    "message": "State transition: IDLE -> RUNNING",
    "created": 1765553089.9206533
  },
  {
    "level": "INFO",
    "name": "src.controller.pipeline_controller",
    "message": "Submitted 2 jobs via V2 pipeline",
    "created": 1765553089.9363825
  },
  {
    "level": "INFO",
    "name": "src.services.queue_store_v2",
    "message": "Loaded queue state: 0 jobs, auto_run=True, paused=False",
    "created": 1765553089.9363825
  },
  {
    "level": "INFO",
    "name": "src.controller.job_execution_controller",
    "message": "Restored queue state: auto_run=True, paused=False, 0 restored job(s)",
    "created": 1765553089.9363825
  },
  {
    "level": "INFO",
    "name": "src.services.queue_store_v2",
    "message": "QUEUE_STATE_SAVED | Persisted queue state",
    "created": 1765553089.9363825
  },
  {
    "level": "INFO",
    "name": "src.services.queue_store_v2",
    "message": "Loaded queue state: 0 jobs, auto_run=True, paused=False",
    "created": 1765553089.9520502
  },
  {
    "level": "INFO",
    "name": "src.controller.job_execution_controller",
    "message": "Restored queue state: auto_run=True, paused=False, 0 restored job(s)",
    "created": 1765553089.954784
  },
  {
    "level": "INFO",
    "name": "src.services.queue_store_v2",
    "message": "QUEUE_STATE_SAVED | Persisted queue state",
    "created": 1765553089.9577832
  },
  {
    "level": "INFO",
    "name": "src.gui.state",
    "message": "State transition: IDLE -> ERROR",
    "created": 1765553089.9607842
  },
  {
    "level": "INFO",
    "name": "src.services.queue_store_v2",
    "message": "Loaded queue state: 0 jobs, auto_run=True, paused=False",
    "created": 1765553089.9647849
  },
  {
    "level": "INFO",
    "name": "src.controller.job_execution_controller",
    "message": "Restored queue state: auto_run=True, paused=False, 0 restored job(s)",
    "created": 1765553089.9677854
  },
  {
    "level": "INFO",
    "name": "src.services.queue_store_v2",
    "message": "QUEUE_STATE_SAVED | Persisted queue state",
    "created": 1765553089.9707832
  },
  {
    "level": "INFO",
    "name": "src.gui.state",
    "message": "State transition: IDLE -> RUNNING",
    "created": 1765553089.9737837
  },
  {
    "level": "WARNING",
    "name": "src.controller.pipeline_controller",
    "message": "PR-CORE1-B2: Job submitted without normalized_record in NJR-only mode. Job ID: job-1, Source: gui",
    "created": 1765553089.9799087
  },
  {
    "level": "INFO",
    "name": "src.services.queue_store_v2",
    "message": "Loaded queue state: 0 jobs, auto_run=True, paused=False",
    "created": 1765553089.9849086
  },
  {
    "level": "INFO",
    "name": "src.controller.job_execution_controller",
    "message": "Restored queue state: auto_run=True, paused=False, 0 restored job(s)",
    "created": 1765553089.9879084
  },
  {
    "level": "INFO",
    "name": "src.services.queue_store_v2",
    "message": "QUEUE_STATE_SAVED | Persisted queue state",
    "created": 1765553089.990908
  },
  {
    "level": "INFO",
    "name": "src.services.queue_store_v2",
    "message": "Loaded queue state: 0 jobs, auto_run=True, paused=False",
    "created": 1765553089.9953227
  },
  {
    "level": "INFO",
    "name": "src.controller.app_controller",
    "message": "Restored queue state: auto_run=True, paused=False, 0 jobs (jobs not restored in V1 queue)",
    "created": 1765553089.9973207
  },
  {
    "level": "INFO",
    "name": "src.services.queue_store_v2",
    "message": "Loaded queue state: 0 jobs, auto_run=True, paused=False",
    "created": 1765553089.9993207
  },
  {
    "level": "INFO",
    "name": "src.controller.job_execution_controller",
    "message": "Restored queue state: auto_run=True, paused=False, 0 restored job(s)",
    "created": 1765553089.9993207
  },
  {
    "level": "INFO",
    "name": "src.services.queue_store_v2",
    "message": "QUEUE_STATE_SAVED | Persisted queue state",
    "created": 1765553089.9993207
  },
  {
    "level": "INFO",
    "name": "src.services.queue_store_v2",
    "message": "Loaded queue state: 0 jobs, auto_run=True, paused=False",
    "created": 1765553089.9993207
  },
  {
    "level": "INFO",
    "name": "src.controller.app_controller",
    "message": "Restored queue state: auto_run=True, paused=False, 0 jobs (jobs not restored in V1 queue)",
    "created": 1765553090.0150676
  },
  {
    "level": "INFO",
    "name": "src.services.queue_store_v2",
    "message": "Loaded queue state: 0 jobs, auto_run=True, paused=False",
    "created": 1765553090.0150676
  },
  {
    "level": "INFO",
    "name": "src.controller.job_execution_controller",
    "message": "Restored queue state: auto_run=True, paused=False, 0 restored job(s)",
    "created": 1765553090.0150676
  },
  {
    "level": "INFO",
    "name": "src.services.queue_store_v2",
    "message": "QUEUE_STATE_SAVED | Persisted queue state",
    "created": 1765553090.0150676
  },
  {
    "level": "INFO",
    "name": "src.services.queue_store_v2",
    "message": "Loaded queue state: 0 jobs, auto_run=True, paused=False",
    "created": 1765553090.0150676
  },
  {
    "level": "INFO",
    "name": "src.controller.app_controller",
    "message": "Restored queue state: auto_run=True, paused=False, 0 jobs (jobs not restored in V1 queue)",
    "created": 1765553090.0306957
  },
  {
    "level": "INFO",
    "name": "src.controller.pipeline_controller",
    "message": "Replayed job replay-job with 1 queued job(s)",
    "created": 1765553090.0306957
  },
  {
    "level": "INFO",
    "name": "src.services.queue_store_v2",
    "message": "Loaded queue state: 0 jobs, auto_run=True, paused=False",
    "created": 1765553090.046558
  },
  {
    "level": "INFO",
    "name": "src.controller.job_execution_controller",
    "message": "Restored queue state: auto_run=True, paused=False, 0 restored job(s)",
    "created": 1765553090.046558
  },
  {
    "level": "INFO",
    "name": "src.services.queue_store_v2",
    "message": "QUEUE_STATE_SAVED | Persisted queue state",
    "created": 1765553090.046558
  },
  {
    "level": "INFO",
    "name": "src.services.queue_store_v2",
    "message": "Loaded queue state: 0 jobs, auto_run=True, paused=False",
    "created": 1765553090.046558
  },
  {
    "level": "INFO",
    "name": "src.controller.app_controller",
    "message": "Restored queue state: auto_run=True, paused=False, 0 jobs (jobs not restored in V1 queue)",
    "created": 1765553090.0623326
  },
  {
    "level": "INFO",
    "name": "src.services.queue_store_v2",
    "message": "Loaded queue state: 0 jobs, auto_run=True, paused=False",
    "created": 1765553090.0665848
  },
  {
    "level": "INFO",
    "name": "src.controller.job_execution_controller",
    "message": "Restored queue state: auto_run=True, paused=False, 0 restored job(s)",
    "created": 1765553090.0695841
  },
  {
    "level": "INFO",
    "name": "src.services.queue_store_v2",
    "message": "QUEUE_STATE_SAVED | Persisted queue state",
    "created": 1765553090.0735848
  },
  {
    "level": "INFO",
    "name": "src.services.queue_store_v2",
    "message": "Loaded queue state: 0 jobs, auto_run=True, paused=False",
    "created": 1765553090.0765848
  },
  {
    "level": "INFO",
    "name": "src.controller.app_controller",
    "message": "Restored queue state: auto_run=True, paused=False, 0 jobs (jobs not restored in V1 queue)",
    "created": 1765553090.0765848
  },
  {
    "level": "INFO",
    "name": "src.services.queue_store_v2",
    "message": "Loaded queue state: 0 jobs, auto_run=True, paused=False",
    "created": 1765553090.0765848
  },
  {
    "level": "INFO",
    "name": "src.controller.job_execution_controller",
    "message": "Restored queue state: auto_run=True, paused=False, 0 restored job(s)",
    "created": 1765553090.0765848
  },
  {
    "level": "INFO",
    "name": "src.services.queue_store_v2",
    "message": "QUEUE_STATE_SAVED | Persisted queue state",
    "created": 1765553090.0765848
  },
  {
    "level": "INFO",
    "name": "src.services.queue_store_v2",
    "message": "Loaded queue state: 0 jobs, auto_run=True, paused=False",
    "created": 1765553090.0922415
  },
  {
    "level": "INFO",
    "name": "src.controller.job_execution_controller",
    "message": "Restored queue state: auto_run=True, paused=False, 0 restored job(s)",
    "created": 1765553090.0922415
  },
  {
    "level": "INFO",
    "name": "src.services.queue_store_v2",
    "message": "QUEUE_STATE_SAVED | Persisted queue state",
    "created": 1765553090.0922415
  },
  {
    "level": "INFO",
    "name": "src.services.queue_store_v2",
    "message": "Loaded queue state: 0 jobs, auto_run=True, paused=False",
    "created": 1765553090.117366
  },
  {
    "level": "INFO",
    "name": "src.controller.job_execution_controller",
    "message": "Restored queue state: auto_run=True, paused=False, 0 restored job(s)",
    "created": 1765553090.1203642
  },
  {
    "level": "INFO",
    "name": "src.services.queue_store_v2",
    "message": "QUEUE_STATE_SAVED | Persisted queue state",
    "created": 1765553090.1243653
  },
  {
    "level": "INFO",
    "name": "root",
    "message": "Using model profile preset best (source=internet_prior) for TestModel + ['TestLora'].",
    "created": 1765553090.1279612
  },
  {
    "level": "INFO",
    "name": "src.services.queue_store_v2",
    "message": "Loaded queue state: 0 jobs, auto_run=True, paused=False",
    "created": 1765553090.132962
  },
  {
    "level": "INFO",
    "name": "src.controller.job_execution_controller",
    "message": "Restored queue state: auto_run=True, paused=False, 0 restored job(s)",
    "created": 1765553090.135227
  },
  {
    "level": "INFO",
    "name": "src.services.queue_store_v2",
    "message": "QUEUE_STATE_SAVED | Persisted queue state",
    "created": 1765553090.139227
  },
  {
    "level": "INFO",
    "name": "root",
    "message": "Using model profile preset best (source=internet_prior) for TestModel + ['TestLora'].",
    "created": 1765553090.1442704
  },
  {
    "level": "INFO",
    "name": "src.services.queue_store_v2",
    "message": "Loaded queue state: 0 jobs, auto_run=True, paused=False",
    "created": 1765553090.1482701
  },
  {
    "level": "INFO",
    "name": "src.controller.job_execution_controller",
    "message": "Restored queue state: auto_run=True, paused=False, 0 restored job(s)",
    "created": 1765553090.151268
  },
  {
    "level": "INFO",
    "name": "src.services.queue_store_v2",
    "message": "QUEUE_STATE_SAVED | Persisted queue state",
    "created": 1765553090.1552694
  },
  {
    "level": "INFO",
    "name": "src.services.queue_store_v2",
    "message": "Loaded queue state: 0 jobs, auto_run=True, paused=False",
    "created": 1765553090.1613054
  },
  {
    "level": "INFO",
    "name": "src.controller.job_execution_controller",
    "message": "Restored queue state: auto_run=True, paused=False, 0 restored job(s)",
    "created": 1765553090.1643057
  },
  {
    "level": "INFO",
    "name": "src.services.queue_store_v2",
    "message": "QUEUE_STATE_SAVED | Persisted queue state",
    "created": 1765553090.168306
  },
  {
    "level": "INFO",
    "name": "src.services.queue_store_v2",
    "message": "Loaded queue state: 0 jobs, auto_run=True, paused=False",
    "created": 1765553090.1733055
  },
  {
    "level": "INFO",
    "name": "src.controller.job_execution_controller",
    "message": "Restored queue state: auto_run=True, paused=False, 0 restored job(s)",
    "created": 1765553090.1763058
  },
  {
    "level": "INFO",
    "name": "src.services.queue_store_v2",
    "message": "QUEUE_STATE_SAVED | Persisted queue state",
    "created": 1765553090.1803057
  },
  {
    "level": "INFO",
    "name": "src.services.queue_store_v2",
    "message": "Loaded queue state: 0 jobs, auto_run=True, paused=False",
    "created": 1765553090.1853054
  },
  {
    "level": "INFO",
    "name": "src.controller.job_execution_controller",
    "message": "Restored queue state: auto_run=True, paused=False, 0 restored job(s)",
    "created": 1765553090.1873055
  },
  {
    "level": "INFO",
    "name": "src.services.queue_store_v2",
    "message": "QUEUE_STATE_SAVED | Persisted queue state",
    "created": 1765553090.1873055
  },
  {
    "level": "INFO",
    "name": "src.controller.job_service",
    "message": "Queuing job job-1 for background execution | {\"job_id\": \"job-1\", \"subsystem\": \"job_service\"}",
    "created": 1765553090.2123296,
    "payload": {
      "message": "Queuing job job-1 for background execution",
      "job_id": "job-1",
      "subsystem": "job_service"
    }
  },
  {
    "level": "INFO",
    "name": "src.controller.job_service",
    "message": "Queue worker starting | {\"job_id\": \"job-1\", \"runner\": \"StubRunner\", \"subsystem\": \"job_service\"}",
    "created": 1765553090.215834,
    "payload": {
      "message": "Queue worker starting",
      "job_id": "job-1",
      "subsystem": "job_service",
      "runner": "StubRunner"
    }
  },
  {
    "level": "INFO",
    "name": "src.controller.job_service",
    "message": "Queuing job job-2 for background execution | {\"job_id\": \"job-2\", \"subsystem\": \"job_service\"}",
    "created": 1765553090.2178338,
    "payload": {
      "message": "Queuing job job-2 for background execution",
      "job_id": "job-2",
      "subsystem": "job_service"
    }
  },
  {
    "level": "INFO",
    "name": "src.controller.job_service",
    "message": "Queuing job job-fail for background execution | {\"job_id\": \"job-fail\", \"subsystem\": \"job_service\"}",
    "created": 1765553090.2178338,
    "payload": {
      "message": "Queuing job job-fail for background execution",
      "job_id": "job-fail",
      "subsystem": "job_service"
    }
  },
  {
    "level": "INFO",
    "name": "src.controller.job_service",
    "message": "Queue worker starting | {\"job_id\": \"job-fail\", \"runner\": \"FailingRunner\", \"subsystem\": \"job_service\"}",
    "created": 1765553090.2178338,
    "payload": {
      "message": "Queue worker starting",
      "job_id": "job-fail",
      "subsystem": "job_service",
      "runner": "FailingRunner"
    }
  },
  {
    "level": "ERROR",
    "name": "src.controller.job_service",
    "message": "Queue worker failed to start | {\"error\": \"worker start failed\", \"runner\": \"FailingRunner\", \"subsystem\": \"job_service\"}",
    "created": 1765553090.2178338,
    "payload": {
      "message": "Queue worker failed to start",
      "subsystem": "job_service",
      "runner": "FailingRunner",
      "error": "worker start failed"
    }
  },
  {
    "level": "INFO",
    "name": "src.services.queue_store_v2",
    "message": "Loaded queue state: 0 jobs, auto_run=True, paused=False",
    "created": 1765553090.2337937
  },
  {
    "level": "INFO",
    "name": "src.controller.job_execution_controller",
    "message": "Restored queue state: auto_run=True, paused=False, 0 restored job(s)",
    "created": 1765553090.240478
  },
  {
    "level": "INFO",
    "name": "src.services.queue_store_v2",
    "message": "QUEUE_STATE_SAVED | Persisted queue state",
    "created": 1765553090.240478
  },
  {
    "level": "INFO",
    "name": "src.services.queue_store_v2",
    "message": "Loaded queue state: 0 jobs, auto_run=True, paused=False",
    "created": 1765553090.240478
  },
  {
    "level": "INFO",
    "name": "src.controller.app_controller",
    "message": "Restored queue state: auto_run=True, paused=False, 0 jobs (jobs not restored in V1 queue)",
    "created": 1765553090.2516613
  },
  {
    "level": "INFO",
    "name": "src.controller.app_controller",
    "message": "Resource update: 0 models, 0 vaes, 0 samplers, 0 schedulers, 0 upscalers",
    "created": 1765553090.2546608
  },
  {
    "level": "INFO",
    "name": "shutdown_inspector_threads",
    "message": "=== Shutdown inspector (thread-check) ===",
    "created": 1765553090.258661
  },
  {
    "level": "INFO",
    "name": "shutdown_inspector_threads",
    "message": "Thread: name=MainThread daemon=False alive=True ident=7820",
    "created": 1765553090.261166
  },
  {
    "level": "INFO",
    "name": "shutdown_inspector_threads",
    "message": "Thread: name=Thread-5 (_shutdown_watchdog) daemon=True alive=True ident=28096",
    "created": 1765553090.264166
  },
  {
    "level": "INFO",
    "name": "shutdown_inspector_threads",
    "message": "Thread: name=Thread-6 (_shutdown_watchdog) daemon=True alive=True ident=19976",
    "created": 1765553090.2673018
  },
  {
    "level": "INFO",
    "name": "shutdown_inspector_threads",
    "message": "Thread: name=Thread-7 (_shutdown_watchdog) daemon=True alive=True ident=31284",
    "created": 1765553090.2703025
  },
  {
    "level": "INFO",
    "name": "shutdown_inspector_threads",
    "message": "Thread: name=Thread-9 (_worker_loop) daemon=True alive=True ident=10416",
    "created": 1765553090.2733033
  },
  {
    "level": "INFO",
    "name": "shutdown_inspector_threads",
    "message": "Thread: name=Thread-10 (_worker_loop) daemon=True alive=True ident=18900",
    "created": 1765553090.276302
  },
  {
    "level": "INFO",
    "name": "shutdown_inspector_threads",
    "message": "Thread: name=Thread-11 (_worker_loop) daemon=True alive=True ident=26452",
    "created": 1765553090.2793021
  },
  {
    "level": "INFO",
    "name": "shutdown_inspector_threads",
    "message": "Thread: name=Thread-12 (_shutdown_watchdog) daemon=True alive=True ident=20628",
    "created": 1765553090.2824202
  },
  {
    "level": "INFO",
    "name": "shutdown_inspector_threads",
    "message": "Thread: name=Thread-13 (_shutdown_watchdog) daemon=True alive=True ident=27676",
    "created": 1765553090.2854197
  },
  {
    "level": "INFO",
    "name": "shutdown_inspector_threads",
    "message": "Thread: name=Thread-14 (_shutdown_watchdog) daemon=True alive=True ident=26608",
    "created": 1765553090.2884202
  },
  {
    "level": "INFO",
    "name": "shutdown_inspector_threads",
    "message": "Thread: name=Thread-15 (_shutdown_watchdog) daemon=True alive=True ident=21396",
    "created": 1765553090.29142
  },
  {
    "level": "INFO",
    "name": "shutdown_inspector_threads",
    "message": "Shutdown inspector: no child processes attached.",
    "created": 1765553090.2957594
  },
  {
    "level": "INFO",
    "name": "shutdown_inspector_children",
    "message": "=== Shutdown inspector (child-check) ===",
    "created": 1765553090.299261
  },
  {
    "level": "INFO",
    "name": "shutdown_inspector_children",
    "message": "Thread: name=MainThread daemon=False alive=True ident=7820",
    "created": 1765553090.299261
  },
  {
    "level": "INFO",
    "name": "shutdown_inspector_children",
    "message": "Thread: name=Thread-5 (_shutdown_watchdog) daemon=True alive=True ident=28096",
    "created": 1765553090.299261
  },
  {
    "level": "INFO",
    "name": "shutdown_inspector_children",
    "message": "Thread: name=Thread-6 (_shutdown_watchdog) daemon=True alive=True ident=19976",
    "created": 1765553090.3119118
  },
  {
    "level": "INFO",
    "name": "shutdown_inspector_children",
    "message": "Thread: name=Thread-7 (_shutdown_watchdog) daemon=True alive=True ident=31284",
    "created": 1765553090.3149154
  },
  {
    "level": "INFO",
    "name": "shutdown_inspector_children",
    "message": "Thread: name=Thread-9 (_worker_loop) daemon=True alive=True ident=10416",
    "created": 1765553090.317915
  },
  {
    "level": "INFO",
    "name": "shutdown_inspector_children",
    "message": "Thread: name=Thread-10 (_worker_loop) daemon=True alive=True ident=18900",
    "created": 1765553090.3209152
  },
  {
    "level": "INFO",
    "name": "shutdown_inspector_children",
    "message": "Thread: name=Thread-11 (_worker_loop) daemon=True alive=True ident=26452",
    "created": 1765553090.3247337
  },
  {
    "level": "INFO",
    "name": "shutdown_inspector_children",
    "message": "Thread: name=Thread-12 (_shutdown_watchdog) daemon=True alive=True ident=20628",
    "created": 1765553090.3277338
  },
  {
    "level": "INFO",
    "name": "shutdown_inspector_children",
    "message": "Thread: name=Thread-13 (_shutdown_watchdog) daemon=True alive=True ident=27676",
    "created": 1765553090.330789
  },
  {
    "level": "INFO",
    "name": "shutdown_inspector_children",
    "message": "Thread: name=Thread-14 (_shutdown_watchdog) daemon=True alive=True ident=26608",
    "created": 1765553090.3337908
  },
  {
    "level": "INFO",
    "name": "shutdown_inspector_children",
    "message": "Thread: name=Thread-15 (_shutdown_watchdog) daemon=True alive=True ident=21396",
    "created": 1765553090.3367891
  },
  {
    "level": "INFO",
    "name": "shutdown_inspector_children",
    "message": "Shutdown inspector: no child processes attached.",
    "created": 1765553090.3397892
  },
  {
    "level": "INFO",
    "name": "src.services.queue_store_v2",
    "message": "Loaded queue state: 0 jobs, auto_run=True, paused=False",
    "created": 1765553090.3439035
  },
  {
    "level": "INFO",
    "name": "src.controller.job_execution_controller",
    "message": "Restored queue state: auto_run=True, paused=False, 0 restored job(s)",
    "created": 1765553090.3469017
  },
  {
    "level": "INFO",
    "name": "src.services.queue_store_v2",
    "message": "QUEUE_STATE_SAVED | Persisted queue state",
    "created": 1765553090.3509023
  },
  {
    "level": "INFO",
    "name": "src.controller.webui_connection_controller",
    "message": "WebUI models/options are ready at http://x",
    "created": 1765553090.3549025
  },
  {
    "level": "INFO",
    "name": "src.controller.webui_connection_controller",
    "message": "WebUI models/options are ready at http://x",
    "created": 1765553090.3589022
  },
  {
    "level": "INFO",
    "name": "src.controller.webui_connection_controller",
    "message": "Trying to auto-detect WebUI on other ports...",
    "created": 1765553097.2803733
  },
  {
    "level": "INFO",
    "name": "src.api.healthcheck",
    "message": "Checking for WebUI API on port 7860 | {\"endpoint\": \"/sdapi/v1/progress\", \"port\": 7860, \"subsystem\": \"api\"}",
    "created": 1765553104.469397,
    "payload": {
      "message": "Checking for WebUI API on port 7860",
      "subsystem": "api",
      "port": 7860,
      "endpoint": "/sdapi/v1/progress"
    }
  },
  {
    "level": "INFO",
    "name": "src.api.healthcheck",
    "message": "Probing WebUI readiness at models/options endpoints | {\"models_endpoint\": \"/sdapi/v1/sd-models\", \"options_endpoint\": \"/sdapi/v1/options\", \"subsystem\": \"api\"}",
    "created": 1765553112.89111,
    "payload": {
      "message": "Probing WebUI readiness at models/options endpoints",
      "subsystem": "api",
      "models_endpoint": "/sdapi/v1/sd-models",
      "options_endpoint": "/sdapi/v1/options"
    }
  },
  {
    "level": "WARNING",
    "name": "src.api.healthcheck",
    "message": "WebUI did not become ready within allotted time | {\"subsystem\": \"api\"}",
    "created": 1765553119.390279,
    "payload": {
      "message": "WebUI did not become ready within allotted time",
      "subsystem": "api"
    }
  },
  {
    "level": "INFO",
    "name": "src.api.healthcheck",
    "message": "Checking for WebUI API on port 7861 | {\"endpoint\": \"/sdapi/v1/progress\", \"port\": 7861, \"subsystem\": \"api\"}",
    "created": 1765553125.9369514,
    "payload": {
      "message": "Checking for WebUI API on port 7861",
      "subsystem": "api",
      "port": 7861,
      "endpoint": "/sdapi/v1/progress"
    }
  },
  {
    "level": "INFO",
    "name": "src.api.healthcheck",
    "message": "Probing WebUI readiness at models/options endpoints | {\"models_endpoint\": \"/sdapi/v1/sd-models\", \"options_endpoint\": \"/sdapi/v1/options\", \"subsystem\": \"api\"}",
    "created": 1765553132.0604827,
    "payload": {
      "message": "Probing WebUI readiness at models/options endpoints",
      "subsystem": "api",
      "models_endpoint": "/sdapi/v1/sd-models",
      "options_endpoint": "/sdapi/v1/options"
    }
  },
  {
    "level": "WARNING",
    "name": "src.api.healthcheck",
    "message": "WebUI did not become ready within allotted time | {\"subsystem\": \"api\"}",
    "created": 1765553138.2344248,
    "payload": {
      "message": "WebUI did not become ready within allotted time",
      "subsystem": "api"
    }
  },
  {
    "level": "INFO",
    "name": "src.api.healthcheck",
    "message": "Checking for WebUI API on port 7862 | {\"endpoint\": \"/sdapi/v1/progress\", \"port\": 7862, \"subsystem\": \"api\"}",
    "created": 1765553144.1868062,
    "payload": {
      "message": "Checking for WebUI API on port 7862",
      "subsystem": "api",
      "port": 7862,
      "endpoint": "/sdapi/v1/progress"
    }
  },
  {
    "level": "INFO",
    "name": "src.api.healthcheck",
    "message": "Probing WebUI readiness at models/options endpoints | {\"models_endpoint\": \"/sdapi/v1/sd-models\", \"options_endpoint\": \"/sdapi/v1/options\", \"subsystem\": \"api\"}",
    "created": 1765553150.530663,
    "payload": {
      "message": "Probing WebUI readiness at models/options endpoints",
      "subsystem": "api",
      "models_endpoint": "/sdapi/v1/sd-models",
      "options_endpoint": "/sdapi/v1/options"
    }
  },
  {
    "level": "WARNING",
    "name": "src.api.healthcheck",
    "message": "WebUI did not become ready within allotted time | {\"subsystem\": \"api\"}",
    "created": 1765553156.8729575,
    "payload": {
      "message": "WebUI did not become ready within allotted time",
      "subsystem": "api"
    }
  },
  {
    "level": "INFO",
    "name": "src.api.healthcheck",
    "message": "Checking for WebUI API on port 7863 | {\"endpoint\": \"/sdapi/v1/progress\", \"port\": 7863, \"subsystem\": \"api\"}",
    "created": 1765553163.5462139,
    "payload": {
      "message": "Checking for WebUI API on port 7863",
      "subsystem": "api",
      "port": 7863,
      "endpoint": "/sdapi/v1/progress"
    }
  },
  {
    "level": "INFO",
    "name": "src.api.healthcheck",
    "message": "Probing WebUI readiness at models/options endpoints | {\"models_endpoint\": \"/sdapi/v1/sd-models\", \"options_endpoint\": \"/sdapi/v1/options\", \"subsystem\": \"api\"}",
    "created": 1765553170.7771633,
    "payload": {
      "message": "Probing WebUI readiness at models/options endpoints",
      "subsystem": "api",
      "models_endpoint": "/sdapi/v1/sd-models",
      "options_endpoint": "/sdapi/v1/options"
    }
  },
  {
    "level": "WARNING",
    "name": "src.api.healthcheck",
    "message": "WebUI did not become ready within allotted time | {\"subsystem\": \"api\"}",
    "created": 1765553176.7022974,
    "payload": {
      "message": "WebUI did not become ready within allotted time",
      "subsystem": "api"
    }
  },
  {
    "level": "INFO",
    "name": "src.api.healthcheck",
    "message": "Checking for WebUI API on port 7864 | {\"endpoint\": \"/sdapi/v1/progress\", \"port\": 7864, \"subsystem\": \"api\"}",
    "created": 1765553183.6703446,
    "payload": {
      "message": "Checking for WebUI API on port 7864",
      "subsystem": "api",
      "port": 7864,
      "endpoint": "/sdapi/v1/progress"
    }
  },
  {
    "level": "INFO",
    "name": "src.api.healthcheck",
    "message": "Probing WebUI readiness at models/options endpoints | {\"models_endpoint\": \"/sdapi/v1/sd-models\", \"options_endpoint\": \"/sdapi/v1/options\", \"subsystem\": \"api\"}",
    "created": 1765553189.156234,
    "payload": {
      "message": "Probing WebUI readiness at models/options endpoints",
      "subsystem": "api",
      "models_endpoint": "/sdapi/v1/sd-models",
      "options_endpoint": "/sdapi/v1/options"
    }
  },
  {
    "level": "WARNING",
    "name": "src.api.healthcheck",
    "message": "WebUI did not become ready within allotted time | {\"subsystem\": \"api\"}",
    "created": 1765553195.7023299,
    "payload": {
      "message": "WebUI did not become ready within allotted time",
      "subsystem": "api"
    }
  },
  {
    "level": "INFO",
    "name": "src.api.healthcheck",
    "message": "Checking for WebUI API on port 8000 | {\"endpoint\": \"/sdapi/v1/progress\", \"port\": 8000, \"subsystem\": \"api\"}",
    "created": 1765553200.0614166,
    "payload": {
      "message": "Checking for WebUI API on port 8000",
      "subsystem": "api",
      "port": 8000,
      "endpoint": "/sdapi/v1/progress"
    }
  },
  {
    "level": "INFO",
    "name": "src.api.healthcheck",
    "message": "Probing WebUI readiness at models/options endpoints | {\"models_endpoint\": \"/sdapi/v1/sd-models\", \"options_endpoint\": \"/sdapi/v1/options\", \"subsystem\": \"api\"}",
    "created": 1765553205.4374907,
    "payload": {
      "message": "Probing WebUI readiness at models/options endpoints",
      "subsystem": "api",
      "models_endpoint": "/sdapi/v1/sd-models",
      "options_endpoint": "/sdapi/v1/options"
    }
  },
  {
    "level": "WARNING",
    "name": "src.api.healthcheck",
    "message": "WebUI did not become ready within allotted time | {\"subsystem\": \"api\"}",
    "created": 1765553211.3110986,
    "payload": {
      "message": "WebUI did not become ready within allotted time",
      "subsystem": "api"
    }
  },
  {
    "level": "INFO",
    "name": "src.api.healthcheck",
    "message": "Checking for WebUI API on port 8080 | {\"endpoint\": \"/sdapi/v1/progress\", \"port\": 8080, \"subsystem\": \"api\"}",
    "created": 1765553217.3140306,
    "payload": {
      "message": "Checking for WebUI API on port 8080",
      "subsystem": "api",
      "port": 8080,
      "endpoint": "/sdapi/v1/progress"
    }
  },
  {
    "level": "INFO",
    "name": "src.api.healthcheck",
    "message": "Probing WebUI readiness at models/options endpoints | {\"models_endpoint\": \"/sdapi/v1/sd-models\", \"options_endpoint\": \"/sdapi/v1/options\", \"subsystem\": \"api\"}",
    "created": 1765553293.3430774,
    "payload": {
      "message": "Probing WebUI readiness at models/options endpoints",
      "subsystem": "api",
      "models_endpoint": "/sdapi/v1/sd-models",
      "options_endpoint": "/sdapi/v1/options"
    }
  },
  {
    "level": "WARNING",
    "name": "src.api.healthcheck",
    "message": "WebUI did not become ready within allotted time | {\"subsystem\": \"api\"}",
    "created": 1765553303.1236916,
    "payload": {
      "message": "WebUI did not become ready within allotted time",
      "subsystem": "api"
    }
  },
  {
    "level": "INFO",
    "name": "src.api.healthcheck",
    "message": "Checking for WebUI API on port 5000 | {\"endpoint\": \"/sdapi/v1/progress\", \"port\": 5000, \"subsystem\": \"api\"}",
    "created": 1765553309.4047706,
    "payload": {
      "message": "Checking for WebUI API on port 5000",
      "subsystem": "api",
      "port": 5000,
      "endpoint": "/sdapi/v1/progress"
    }
  },
  {
    "level": "INFO",
    "name": "src.api.healthcheck",
    "message": "Probing WebUI readiness at models/options endpoints | {\"models_endpoint\": \"/sdapi/v1/sd-models\", \"options_endpoint\": \"/sdapi/v1/options\", \"subsystem\": \"api\"}",
    "created": 1765553318.4673798,
    "payload": {
      "message": "Probing WebUI readiness at models/options endpoints",
      "subsystem": "api",
      "models_endpoint": "/sdapi/v1/sd-models",
      "options_endpoint": "/sdapi/v1/options"
    }
  },
  {
    "level": "WARNING",
    "name": "src.api.healthcheck",
    "message": "WebUI did not become ready within allotted time | {\"subsystem\": \"api\"}",
    "created": 1765553327.5145311,
    "payload": {
      "message": "WebUI did not become ready within allotted time",
      "subsystem": "api"
    }
  },
  {
    "level": "INFO",
    "name": "src.controller.webui_connection_controller",
    "message": "WebUI models/options are ready at http://test",
    "created": 1765553339.4058738
  },
  {
    "level": "INFO",
    "name": "src.utils.diagnostics_bundle_v2",
    "message": "Crash bundle saved to reports\\diagnostics\\stablenew_diagnostics_20251212_152859_uncaught_exception.zip",
    "created": 1765553339.8787827
  },
  {
    "level": "INFO",
    "name": "src.utils.diagnostics_bundle_v2",
    "message": "Crash bundle saved to reports\\diagnostics\\stablenew_diagnostics_20251212_152859_uncaught_exception.zip",
    "created": 1765553340.0194578
  },
  {
    "level": "INFO",
    "name": "src.utils.diagnostics_bundle_v2",
    "message": "Crash bundle saved to reports\\diagnostics\\stablenew_diagnostics_20251212_152900_uncaught_exception.zip",
    "created": 1765553340.1595838
  },
  {
    "level": "INFO",
    "name": "src.utils.diagnostics_bundle_v2",
    "message": "Crash bundle saved to reports\\diagnostics\\stablenew_diagnostics_20251212_152900_uncaught_exception.zip",
    "created": 1765553340.3009684
  },
  {
    "level": "INFO",
    "name": "src.utils.diagnostics_bundle_v2",
    "message": "Crash bundle saved to reports\\diagnostics\\stablenew_diagnostics_20251212_152900_uncaught_exception.zip",
    "created": 1765553340.437446
  },
  {
    "level": "INFO",
    "name": "src.utils.diagnostics_bundle_v2",
    "message": "Crash bundle saved to reports\\diagnostics\\stablenew_diagnostics_20251212_152900_uncaught_exception.zip",
    "created": 1765553340.5898128
  },
  {
    "level": "INFO",
    "name": "src.utils.diagnostics_bundle_v2",
    "message": "Crash bundle saved to reports\\diagnostics\\stablenew_diagnostics_20251212_152900_uncaught_exception.zip",
    "created": 1765553340.7314994
  },
  {
    "level": "INFO",
    "name": "src.utils.diagnostics_bundle_v2",
    "message": "Crash bundle saved to reports\\diagnostics\\stablenew_diagnostics_20251212_152900_uncaught_exception.zip",
    "created": 1765553340.874647
  }
]