[
  {
    "level": "INFO",
    "name": "src.services.queue_store_v2",
    "message": "Loaded queue state: 0 jobs, auto_run=True, paused=False",
    "created": 1765552478.7199013
  },
  {
    "level": "INFO",
    "name": "src.controller.app_controller",
    "message": "Restored queue state: auto_run=True, paused=False, 0 jobs (jobs not restored in V1 queue)",
    "created": 1765552478.7199013
  },
  {
    "level": "INFO",
    "name": "src.controller.job_service",
    "message": "Job status change | {\"job_id\": \"job-container\", \"prompt_pack_id\": null, \"run_mode\": \"queue\", \"status\": \"running\", \"subsystem\": \"job_service\"}",
    "created": 1765552478.7199013,
    "payload": {
      "message": "Job status change",
      "job_id": "job-container",
      "subsystem": "job_service",
      "status": "running",
      "run_mode": "queue",
      "prompt_pack_id": null
    }
  },
  {
    "level": "INFO",
    "name": "src.controller.job_service",
    "message": "Job status change | {\"job_id\": \"job-container\", \"prompt_pack_id\": null, \"run_mode\": \"queue\", \"status\": \"completed\", \"subsystem\": \"job_service\"}",
    "created": 1765552478.7199013,
    "payload": {
      "message": "Job status change",
      "job_id": "job-container",
      "subsystem": "job_service",
      "status": "completed",
      "run_mode": "queue",
      "prompt_pack_id": null
    }
  },
  {
    "level": "INFO",
    "name": "src.controller.job_service",
    "message": "Cleaning external processes | {\"job_id\": \"job-container\", \"pid_count\": 1, \"reason\": \"completed\", \"subsystem\": \"job_service\"}",
    "created": 1765552478.7199013,
    "payload": {
      "message": "Cleaning external processes",
      "job_id": "job-container",
      "subsystem": "job_service",
      "pid_count": 1,
      "reason": "completed"
    }
  },
  {
    "level": "INFO",
    "name": "src.controller.job_service",
    "message": "[CONTAINER] job kill_all invoked | {\"job_id\": \"job-container\", \"subsystem\": \"process_container\"}",
    "created": 1765552478.7335393,
    "payload": {
      "message": "[CONTAINER] job kill_all invoked",
      "job_id": "job-container",
      "subsystem": "process_container"
    }
  },
  {
    "level": "INFO",
    "name": "src.controller.job_service",
    "message": "Job status change | {\"job_id\": \"done\", \"prompt_pack_id\": null, \"run_mode\": \"queue\", \"status\": \"completed\", \"subsystem\": \"job_service\"}",
    "created": 1765552478.7396114,
    "payload": {
      "message": "Job status change",
      "job_id": "done",
      "subsystem": "job_service",
      "status": "completed",
      "run_mode": "queue",
      "prompt_pack_id": null
    }
  },
  {
    "level": "INFO",
    "name": "src.controller.job_service",
    "message": "Job status change | {\"job_id\": \"fail\", \"prompt_pack_id\": null, \"run_mode\": \"queue\", \"status\": \"failed\", \"subsystem\": \"job_service\"}",
    "created": 1765552478.749194,
    "payload": {
      "message": "Job status change",
      "job_id": "fail",
      "subsystem": "job_service",
      "status": "failed",
      "run_mode": "queue",
      "prompt_pack_id": null
    }
  },
  {
    "level": "ERROR",
    "name": "src.controller.job_service",
    "message": "Normalized job missing pack identity | {\"job_id\": \"record\", \"prompt_pack_id\": \"\", \"prompt_pack_name\": \"\", \"prompt_source\": \"pack\", \"sample_prompt\": \"test\", \"subsystem\": \"job_service\"}",
    "created": 1765552478.749194,
    "payload": {
      "message": "Normalized job missing pack identity",
      "job_id": "record",
      "subsystem": "job_service",
      "prompt_source": "pack",
      "prompt_pack_id": "",
      "prompt_pack_name": "",
      "sample_prompt": "test"
    }
  },
  {
    "level": "INFO",
    "name": "src.controller.job_service",
    "message": "Submitting job missing-normalized with run_mode=queue | {\"job_id\": \"missing-normalized\", \"run_mode\": \"queue\", \"subsystem\": \"job_service\"}",
    "created": 1765552478.7576172,
    "payload": {
      "message": "Submitting job missing-normalized with run_mode=queue",
      "job_id": "missing-normalized",
      "subsystem": "job_service",
      "run_mode": "queue"
    }
  },
  {
    "level": "WARNING",
    "name": "src.controller.job_service",
    "message": "Job validation failed | {\"code\": \"missing_snapshot\", \"job_id\": \"missing-normalized\", \"message\": \"Job is missing normalized metadata.\", \"subsystem\": \"job_service\"}",
    "created": 1765552478.7606173,
    "payload": {
      "message": "Job is missing normalized metadata.",
      "job_id": "missing-normalized",
      "subsystem": "job_service",
      "code": "missing_snapshot"
    }
  },
  {
    "level": "INFO",
    "name": "src.controller.job_service",
    "message": "Submitting job 56f2ceb3-1860-4c96-9f7b-1acb90be6e28 with run_mode=queue | {\"job_id\": \"56f2ceb3-1860-4c96-9f7b-1acb90be6e28\", \"run_mode\": \"queue\", \"subsystem\": \"job_service\"}",
    "created": 1765552478.763617,
    "payload": {
      "message": "Submitting job 56f2ceb3-1860-4c96-9f7b-1acb90be6e28 with run_mode=queue",
      "job_id": "56f2ceb3-1860-4c96-9f7b-1acb90be6e28",
      "subsystem": "job_service",
      "run_mode": "queue"
    }
  },
  {
    "level": "INFO",
    "name": "src.controller.job_service",
    "message": "Queuing job 56f2ceb3-1860-4c96-9f7b-1acb90be6e28 for background execution | {\"job_id\": \"56f2ceb3-1860-4c96-9f7b-1acb90be6e28\", \"subsystem\": \"job_service\"}",
    "created": 1765552478.7676172,
    "payload": {
      "message": "Queuing job 56f2ceb3-1860-4c96-9f7b-1acb90be6e28 for background execution",
      "job_id": "56f2ceb3-1860-4c96-9f7b-1acb90be6e28",
      "subsystem": "job_service"
    }
  },
  {
    "level": "INFO",
    "name": "src.controller.job_service",
    "message": "Queue worker starting | {\"job_id\": \"56f2ceb3-1860-4c96-9f7b-1acb90be6e28\", \"runner\": \"StubRunner\", \"subsystem\": \"job_service\"}",
    "created": 1765552478.7696173,
    "payload": {
      "message": "Queue worker starting",
      "job_id": "56f2ceb3-1860-4c96-9f7b-1acb90be6e28",
      "subsystem": "job_service",
      "runner": "StubRunner"
    }
  },
  {
    "level": "INFO",
    "name": "src.controller.job_service",
    "message": "Cleaning external processes | {\"job_id\": \"job-123\", \"pid_count\": 1, \"reason\": \"cleanup\", \"subsystem\": \"job_service\"}",
    "created": 1765552478.7796178,
    "payload": {
      "message": "Cleaning external processes",
      "job_id": "job-123",
      "subsystem": "job_service",
      "pid_count": 1,
      "reason": "cleanup"
    }
  },
  {
    "level": "INFO",
    "name": "src.controller.job_service",
    "message": "Job status change | {\"job_id\": \"job-run\", \"prompt_pack_id\": null, \"run_mode\": \"queue\", \"status\": \"running\", \"subsystem\": \"job_service\"}",
    "created": 1765552478.7796178,
    "payload": {
      "message": "Job status change",
      "job_id": "job-run",
      "subsystem": "job_service",
      "status": "running",
      "run_mode": "queue",
      "prompt_pack_id": null
    }
  },
  {
    "level": "INFO",
    "name": "src.controller.job_service",
    "message": "Job status change | {\"job_id\": \"cancel\", \"prompt_pack_id\": null, \"run_mode\": \"queue\", \"status\": \"cancelled\", \"subsystem\": \"job_service\"}",
    "created": 1765552478.7796178,
    "payload": {
      "message": "Job status change",
      "job_id": "cancel",
      "subsystem": "job_service",
      "status": "cancelled",
      "run_mode": "queue",
      "prompt_pack_id": null
    }
  },
  {
    "level": "INFO",
    "name": "src.controller.job_service",
    "message": "Job status change | {\"job_id\": \"start-finish\", \"prompt_pack_id\": null, \"run_mode\": \"queue\", \"status\": \"running\", \"subsystem\": \"job_service\"}",
    "created": 1765552478.7953053,
    "payload": {
      "message": "Job status change",
      "job_id": "start-finish",
      "subsystem": "job_service",
      "status": "running",
      "run_mode": "queue",
      "prompt_pack_id": null
    }
  },
  {
    "level": "INFO",
    "name": "src.controller.job_service",
    "message": "Job status change | {\"job_id\": \"start-finish\", \"prompt_pack_id\": null, \"run_mode\": \"queue\", \"status\": \"completed\", \"subsystem\": \"job_service\"}",
    "created": 1765552478.7953053,
    "payload": {
      "message": "Job status change",
      "job_id": "start-finish",
      "subsystem": "job_service",
      "status": "completed",
      "run_mode": "queue",
      "prompt_pack_id": null
    }
  },
  {
    "level": "INFO",
    "name": "src.controller.job_service",
    "message": "Job status change | {\"job_id\": \"queue-fail\", \"prompt_pack_id\": null, \"run_mode\": \"queue\", \"status\": \"running\", \"subsystem\": \"job_service\"}",
    "created": 1765552478.7953053,
    "payload": {
      "message": "Job status change",
      "job_id": "queue-fail",
      "subsystem": "job_service",
      "status": "running",
      "run_mode": "queue",
      "prompt_pack_id": null
    }
  },
  {
    "level": "INFO",
    "name": "src.controller.job_service",
    "message": "Job status change | {\"job_id\": \"queue-fail\", \"prompt_pack_id\": null, \"run_mode\": \"queue\", \"status\": \"failed\", \"subsystem\": \"job_service\"}",
    "created": 1765552478.7953053,
    "payload": {
      "message": "Job status change",
      "job_id": "queue-fail",
      "subsystem": "job_service",
      "status": "failed",
      "run_mode": "queue",
      "prompt_pack_id": null
    }
  },
  {
    "level": "INFO",
    "name": "src.controller.job_service",
    "message": "Job status change | {\"job_id\": \"job-watchdog\", \"prompt_pack_id\": null, \"run_mode\": \"queue\", \"status\": \"running\", \"subsystem\": \"job_service\"}",
    "created": 1765552478.7953053,
    "payload": {
      "message": "Job status change",
      "job_id": "job-watchdog",
      "subsystem": "job_service",
      "status": "running",
      "run_mode": "queue",
      "prompt_pack_id": null
    }
  },
  {
    "level": "WARNING",
    "name": "src.controller.job_service",
    "message": "[WATCHDOG] job=job-watchdog reason=MEMORY info={'watchdog_reason': 'MEMORY', 'pid': 1} | {\"error_envelope\": {\"context\": {\"pid\": 1, \"watchdog_reason\": \"MEMORY\"}, \"error_type\": \"WatchdogViolationError\", \"job_id\": \"job-watchdog\", \"message\": \"Watchdog memory violation\", \"remediation\": \"Reduce job size or raise resource caps in configuration.\", \"retry_info\": null, \"severity\": \"ERROR\", \"stack\": \"src.utils.exceptions_v2.WatchdogViolationError: Watchdog memory violation\\n\", \"stage\": null, \"subsystem\": \"watchdog\", \"timestamp\": 1765552478.812393}, \"subsystem\": \"watchdog\"}",
    "created": 1765552478.812393,
    "payload": {
      "message": "[WATCHDOG] job=job-watchdog reason=MEMORY info={'watchdog_reason': 'MEMORY', 'pid': 1}",
      "subsystem": "watchdog",
      "error_envelope": {
        "error_type": "WatchdogViolationError",
        "subsystem": "watchdog",
        "severity": "ERROR",
        "message": "Watchdog memory violation",
        "stack": "src.utils.exceptions_v2.WatchdogViolationError: Watchdog memory violation\n",
        "job_id": "job-watchdog",
        "stage": null,
        "timestamp": 1765552478.812393,
        "remediation": "Reduce job size or raise resource caps in configuration.",
        "context": {
          "watchdog_reason": "MEMORY",
          "pid": 1
        },
        "retry_info": null
      }
    }
  },
  {
    "level": "INFO",
    "name": "src.services.queue_store_v2",
    "message": "Loaded queue state: 0 jobs, auto_run=True, paused=False",
    "created": 1765552478.8393927
  },
  {
    "level": "INFO",
    "name": "src.controller.job_execution_controller",
    "message": "Restored queue state: auto_run=True, paused=False, 0 restored job(s)",
    "created": 1765552478.842393
  },
  {
    "level": "INFO",
    "name": "src.services.queue_store_v2",
    "message": "QUEUE_STATE_SAVED | Persisted queue state",
    "created": 1765552478.8463318
  },
  {
    "level": "INFO",
    "name": "src.services.queue_store_v2",
    "message": "Loaded queue state: 0 jobs, auto_run=True, paused=False",
    "created": 1765552478.8523328
  },
  {
    "level": "INFO",
    "name": "src.controller.job_execution_controller",
    "message": "Restored queue state: auto_run=True, paused=False, 0 restored job(s)",
    "created": 1765552478.8543305
  },
  {
    "level": "INFO",
    "name": "src.services.queue_store_v2",
    "message": "QUEUE_STATE_SAVED | Persisted queue state",
    "created": 1765552478.858331
  },
  {
    "level": "INFO",
    "name": "src.services.queue_store_v2",
    "message": "Loaded queue state: 0 jobs, auto_run=True, paused=False",
    "created": 1765552478.8607483
  },
  {
    "level": "INFO",
    "name": "src.controller.app_controller",
    "message": "Restored queue state: auto_run=True, paused=False, 0 jobs (jobs not restored in V1 queue)",
    "created": 1765552478.8627534
  },
  {
    "level": "INFO",
    "name": "src.utils.file_io",
    "message": "Read 1 prompts from test_pack.txt",
    "created": 1765552478.8627534
  },
  {
    "level": "INFO",
    "name": "src.services.queue_store_v2",
    "message": "Loaded queue state: 0 jobs, auto_run=True, paused=False",
    "created": 1765552478.8627534
  },
  {
    "level": "INFO",
    "name": "src.controller.job_execution_controller",
    "message": "Restored queue state: auto_run=True, paused=False, 0 restored job(s)",
    "created": 1765552478.8740425
  },
  {
    "level": "INFO",
    "name": "src.services.queue_store_v2",
    "message": "QUEUE_STATE_SAVED | Persisted queue state",
    "created": 1765552478.8740425
  },
  {
    "level": "INFO",
    "name": "src.services.queue_store_v2",
    "message": "Loaded queue state: 0 jobs, auto_run=True, paused=False",
    "created": 1765552478.9053636
  },
  {
    "level": "INFO",
    "name": "src.controller.job_execution_controller",
    "message": "Restored queue state: auto_run=True, paused=False, 0 restored job(s)",
    "created": 1765552478.9053636
  },
  {
    "level": "INFO",
    "name": "src.services.queue_store_v2",
    "message": "QUEUE_STATE_SAVED | Persisted queue state",
    "created": 1765552478.9053636
  },
  {
    "level": "INFO",
    "name": "src.gui.state",
    "message": "State transition: IDLE -> RUNNING",
    "created": 1765552478.9053636
  },
  {
    "level": "INFO",
    "name": "src.controller.pipeline_controller",
    "message": "Submitted 1 jobs via V2 pipeline",
    "created": 1765552478.9257474
  },
  {
    "level": "INFO",
    "name": "src.services.queue_store_v2",
    "message": "Loaded queue state: 0 jobs, auto_run=True, paused=False",
    "created": 1765552478.929755
  },
  {
    "level": "INFO",
    "name": "src.controller.job_execution_controller",
    "message": "Restored queue state: auto_run=True, paused=False, 0 restored job(s)",
    "created": 1765552478.9327466
  },
  {
    "level": "INFO",
    "name": "src.services.queue_store_v2",
    "message": "QUEUE_STATE_SAVED | Persisted queue state",
    "created": 1765552478.9367478
  },
  {
    "level": "INFO",
    "name": "src.gui.state",
    "message": "State transition: IDLE -> RUNNING",
    "created": 1765552478.9390178
  },
  {
    "level": "INFO",
    "name": "src.controller.pipeline_controller",
    "message": "Submitted 1 jobs via V2 pipeline",
    "created": 1765552478.9420173
  },
  {
    "level": "INFO",
    "name": "src.services.queue_store_v2",
    "message": "Loaded queue state: 0 jobs, auto_run=True, paused=False",
    "created": 1765552478.9460173
  },
  {
    "level": "INFO",
    "name": "src.controller.job_execution_controller",
    "message": "Restored queue state: auto_run=True, paused=False, 0 restored job(s)",
    "created": 1765552478.9490173
  },
  {
    "level": "INFO",
    "name": "src.services.queue_store_v2",
    "message": "QUEUE_STATE_SAVED | Persisted queue state",
    "created": 1765552478.9530184
  },
  {
    "level": "INFO",
    "name": "src.gui.state",
    "message": "State transition: IDLE -> RUNNING",
    "created": 1765552478.9560182
  },
  {
    "level": "INFO",
    "name": "src.controller.pipeline_controller",
    "message": "Submitted 3 jobs via V2 pipeline",
    "created": 1765552478.9590173
  },
  {
    "level": "INFO",
    "name": "src.services.queue_store_v2",
    "message": "Loaded queue state: 0 jobs, auto_run=True, paused=False",
    "created": 1765552478.9630172
  },
  {
    "level": "INFO",
    "name": "src.controller.job_execution_controller",
    "message": "Restored queue state: auto_run=True, paused=False, 0 restored job(s)",
    "created": 1765552478.9660172
  },
  {
    "level": "INFO",
    "name": "src.services.queue_store_v2",
    "message": "QUEUE_STATE_SAVED | Persisted queue state",
    "created": 1765552478.9699447
  },
  {
    "level": "INFO",
    "name": "src.gui.state",
    "message": "State transition: IDLE -> RUNNING",
    "created": 1765552478.9731355
  },
  {
    "level": "INFO",
    "name": "src.controller.pipeline_controller",
    "message": "Submitted 2 jobs via V2 pipeline",
    "created": 1765552478.9763136
  },
  {
    "level": "INFO",
    "name": "src.services.queue_store_v2",
    "message": "Loaded queue state: 0 jobs, auto_run=True, paused=False",
    "created": 1765552478.9810932
  },
  {
    "level": "INFO",
    "name": "src.controller.job_execution_controller",
    "message": "Restored queue state: auto_run=True, paused=False, 0 restored job(s)",
    "created": 1765552478.983896
  },
  {
    "level": "INFO",
    "name": "src.services.queue_store_v2",
    "message": "QUEUE_STATE_SAVED | Persisted queue state",
    "created": 1765552478.9867308
  },
  {
    "level": "INFO",
    "name": "src.gui.state",
    "message": "State transition: IDLE -> RUNNING",
    "created": 1765552478.990272
  },
  {
    "level": "INFO",
    "name": "src.controller.pipeline_controller",
    "message": "Submitted 1 jobs via V2 pipeline",
    "created": 1765552478.9934452
  },
  {
    "level": "INFO",
    "name": "src.services.queue_store_v2",
    "message": "Loaded queue state: 0 jobs, auto_run=True, paused=False",
    "created": 1765552478.9988203
  },
  {
    "level": "INFO",
    "name": "src.controller.job_execution_controller",
    "message": "Restored queue state: auto_run=True, paused=False, 0 restored job(s)",
    "created": 1765552479.0027695
  },
  {
    "level": "INFO",
    "name": "src.services.queue_store_v2",
    "message": "QUEUE_STATE_SAVED | Persisted queue state",
    "created": 1765552479.0070505
  },
  {
    "level": "WARNING",
    "name": "src.controller.pipeline_controller",
    "message": "JobBuilderV2 returned no jobs for current state",
    "created": 1765552479.010239
  },
  {
    "level": "WARNING",
    "name": "src.controller.pipeline_controller",
    "message": "No jobs to submit",
    "created": 1765552479.013553
  },
  {
    "level": "INFO",
    "name": "src.services.queue_store_v2",
    "message": "Loaded queue state: 0 jobs, auto_run=True, paused=False",
    "created": 1765552479.0184097
  },
  {
    "level": "INFO",
    "name": "src.controller.job_execution_controller",
    "message": "Restored queue state: auto_run=True, paused=False, 0 restored job(s)",
    "created": 1765552479.0216208
  },
  {
    "level": "INFO",
    "name": "src.services.queue_store_v2",
    "message": "QUEUE_STATE_SAVED | Persisted queue state",
    "created": 1765552479.0253348
  },
  {
    "level": "WARNING",
    "name": "src.controller.pipeline_controller",
    "message": "JobBuilderV2 returned no jobs for current state",
    "created": 1765552479.0285876
  },
  {
    "level": "WARNING",
    "name": "src.controller.pipeline_controller",
    "message": "No jobs to submit",
    "created": 1765552479.0331976
  },
  {
    "level": "INFO",
    "name": "src.services.queue_store_v2",
    "message": "Loaded queue state: 0 jobs, auto_run=True, paused=False",
    "created": 1765552479.0381618
  },
  {
    "level": "INFO",
    "name": "src.controller.job_execution_controller",
    "message": "Restored queue state: auto_run=True, paused=False, 0 restored job(s)",
    "created": 1765552479.0413606
  },
  {
    "level": "INFO",
    "name": "src.services.queue_store_v2",
    "message": "QUEUE_STATE_SAVED | Persisted queue state",
    "created": 1765552479.0445347
  },
  {
    "level": "INFO",
    "name": "src.gui.state",
    "message": "State transition: IDLE -> RUNNING",
    "created": 1765552479.0484824
  },
  {
    "level": "INFO",
    "name": "src.controller.pipeline_controller",
    "message": "Submitted 1 jobs via V2 pipeline",
    "created": 1765552479.0517452
  },
  {
    "level": "INFO",
    "name": "src.services.queue_store_v2",
    "message": "Loaded queue state: 0 jobs, auto_run=True, paused=False",
    "created": 1765552479.057032
  },
  {
    "level": "INFO",
    "name": "src.controller.job_execution_controller",
    "message": "Restored queue state: auto_run=True, paused=False, 0 restored job(s)",
    "created": 1765552479.0601926
  },
  {
    "level": "INFO",
    "name": "src.services.queue_store_v2",
    "message": "QUEUE_STATE_SAVED | Persisted queue state",
    "created": 1765552479.0645864
  },
  {
    "level": "INFO",
    "name": "src.gui.state",
    "message": "State transition: IDLE -> RUNNING",
    "created": 1765552479.0678246
  },
  {
    "level": "INFO",
    "name": "src.controller.pipeline_controller",
    "message": "Submitted 1 jobs via V2 pipeline",
    "created": 1765552479.0704823
  },
  {
    "level": "INFO",
    "name": "src.services.queue_store_v2",
    "message": "Loaded queue state: 0 jobs, auto_run=True, paused=False",
    "created": 1765552479.0763605
  },
  {
    "level": "INFO",
    "name": "src.controller.job_execution_controller",
    "message": "Restored queue state: auto_run=True, paused=False, 0 restored job(s)",
    "created": 1765552479.079099
  },
  {
    "level": "INFO",
    "name": "src.services.queue_store_v2",
    "message": "QUEUE_STATE_SAVED | Persisted queue state",
    "created": 1765552479.0825536
  },
  {
    "level": "INFO",
    "name": "src.services.queue_store_v2",
    "message": "Loaded queue state: 0 jobs, auto_run=True, paused=False",
    "created": 1765552479.089467
  },
  {
    "level": "INFO",
    "name": "src.controller.job_execution_controller",
    "message": "Restored queue state: auto_run=True, paused=False, 0 restored job(s)",
    "created": 1765552479.093458
  },
  {
    "level": "INFO",
    "name": "src.services.queue_store_v2",
    "message": "QUEUE_STATE_SAVED | Persisted queue state",
    "created": 1765552479.0978477
  },
  {
    "level": "INFO",
    "name": "src.gui.state",
    "message": "State transition: IDLE -> RUNNING",
    "created": 1765552479.1016011
  },
  {
    "level": "INFO",
    "name": "src.services.queue_store_v2",
    "message": "Loaded queue state: 0 jobs, auto_run=True, paused=False",
    "created": 1765552479.1070123
  },
  {
    "level": "INFO",
    "name": "src.controller.job_execution_controller",
    "message": "Restored queue state: auto_run=True, paused=False, 0 restored job(s)",
    "created": 1765552479.1097224
  },
  {
    "level": "INFO",
    "name": "src.services.queue_store_v2",
    "message": "QUEUE_STATE_SAVED | Persisted queue state",
    "created": 1765552479.113981
  },
  {
    "level": "INFO",
    "name": "src.gui.state",
    "message": "State transition: IDLE -> RUNNING",
    "created": 1765552479.1187687
  },
  {
    "level": "WARNING",
    "name": "src.gui.state",
    "message": "Invalid state transition: RUNNING -> RUNNING",
    "created": 1765552479.1214354
  },
  {
    "level": "WARNING",
    "name": "src.gui.state",
    "message": "Invalid state transition: RUNNING -> RUNNING",
    "created": 1765552479.1253042
  },
  {
    "level": "INFO",
    "name": "src.gui.state",
    "message": "State transition: RUNNING -> IDLE",
    "created": 1765552479.1285272
  },
  {
    "level": "INFO",
    "name": "src.services.queue_store_v2",
    "message": "Loaded queue state: 0 jobs, auto_run=True, paused=False",
    "created": 1765552479.133898
  },
  {
    "level": "INFO",
    "name": "src.controller.job_execution_controller",
    "message": "Restored queue state: auto_run=True, paused=False, 0 restored job(s)",
    "created": 1765552479.1371028
  },
  {
    "level": "INFO",
    "name": "src.services.queue_store_v2",
    "message": "QUEUE_STATE_SAVED | Persisted queue state",
    "created": 1765552479.141912
  },
  {
    "level": "WARNING",
    "name": "src.gui.state",
    "message": "Invalid state transition: IDLE -> STOPPING",
    "created": 1765552479.1470602
  },
  {
    "level": "INFO",
    "name": "src.services.queue_store_v2",
    "message": "Loaded queue state: 0 jobs, auto_run=True, paused=False",
    "created": 1765552479.1529133
  },
  {
    "level": "INFO",
    "name": "src.controller.job_execution_controller",
    "message": "Restored queue state: auto_run=True, paused=False, 0 restored job(s)",
    "created": 1765552479.1583707
  },
  {
    "level": "INFO",
    "name": "src.services.queue_store_v2",
    "message": "QUEUE_STATE_SAVED | Persisted queue state",
    "created": 1765552479.16599
  },
  {
    "level": "INFO",
    "name": "src.gui.state",
    "message": "State transition: IDLE -> RUNNING",
    "created": 1765552479.1692772
  },
  {
    "level": "INFO",
    "name": "src.controller.pipeline_controller",
    "message": "Submitted 1 jobs via V2 pipeline",
    "created": 1765552479.1736782
  },
  {
    "level": "INFO",
    "name": "src.services.queue_store_v2",
    "message": "Loaded queue state: 0 jobs, auto_run=True, paused=False",
    "created": 1765552479.181205
  },
  {
    "level": "INFO",
    "name": "src.controller.job_execution_controller",
    "message": "Restored queue state: auto_run=True, paused=False, 0 restored job(s)",
    "created": 1765552479.1849093
  },
  {
    "level": "INFO",
    "name": "src.services.queue_store_v2",
    "message": "QUEUE_STATE_SAVED | Persisted queue state",
    "created": 1765552479.1897392
  },
  {
    "level": "INFO",
    "name": "src.gui.state",
    "message": "State transition: IDLE -> RUNNING",
    "created": 1765552479.195047
  },
  {
    "level": "INFO",
    "name": "src.controller.pipeline_controller",
    "message": "Submitted 1 jobs via V2 pipeline",
    "created": 1765552479.198742
  },
  {
    "level": "INFO",
    "name": "src.services.queue_store_v2",
    "message": "Loaded queue state: 0 jobs, auto_run=True, paused=False",
    "created": 1765552479.2046483
  },
  {
    "level": "INFO",
    "name": "src.controller.job_execution_controller",
    "message": "Restored queue state: auto_run=True, paused=False, 0 restored job(s)",
    "created": 1765552479.2084272
  },
  {
    "level": "INFO",
    "name": "src.services.queue_store_v2",
    "message": "QUEUE_STATE_SAVED | Persisted queue state",
    "created": 1765552479.2117045
  },
  {
    "level": "INFO",
    "name": "src.gui.state",
    "message": "State transition: IDLE -> RUNNING",
    "created": 1765552479.215966
  },
  {
    "level": "INFO",
    "name": "src.controller.pipeline_controller",
    "message": "Submitted 1 jobs via V2 pipeline",
    "created": 1765552479.2186568
  },
  {
    "level": "INFO",
    "name": "src.services.queue_store_v2",
    "message": "Loaded queue state: 0 jobs, auto_run=True, paused=False",
    "created": 1765552479.2239695
  },
  {
    "level": "INFO",
    "name": "src.controller.job_execution_controller",
    "message": "Restored queue state: auto_run=True, paused=False, 0 restored job(s)",
    "created": 1765552479.2266312
  },
  {
    "level": "INFO",
    "name": "src.services.queue_store_v2",
    "message": "QUEUE_STATE_SAVED | Persisted queue state",
    "created": 1765552479.2303638
  },
  {
    "level": "INFO",
    "name": "src.gui.state",
    "message": "State transition: IDLE -> RUNNING",
    "created": 1765552479.2338784
  },
  {
    "level": "INFO",
    "name": "src.controller.pipeline_controller",
    "message": "Submitted 1 jobs via V2 pipeline",
    "created": 1765552479.2370796
  },
  {
    "level": "INFO",
    "name": "src.services.queue_store_v2",
    "message": "Loaded queue state: 0 jobs, auto_run=True, paused=False",
    "created": 1765552479.2418482
  },
  {
    "level": "INFO",
    "name": "src.controller.job_execution_controller",
    "message": "Restored queue state: auto_run=True, paused=False, 0 restored job(s)",
    "created": 1765552479.2450497
  },
  {
    "level": "INFO",
    "name": "src.services.queue_store_v2",
    "message": "QUEUE_STATE_SAVED | Persisted queue state",
    "created": 1765552479.2487962
  },
  {
    "level": "INFO",
    "name": "src.gui.state",
    "message": "State transition: IDLE -> RUNNING",
    "created": 1765552479.2526157
  },
  {
    "level": "INFO",
    "name": "src.controller.pipeline_controller",
    "message": "Submitted 3 jobs via V2 pipeline",
    "created": 1765552479.2563918
  },
  {
    "level": "INFO",
    "name": "src.services.queue_store_v2",
    "message": "Loaded queue state: 0 jobs, auto_run=True, paused=False",
    "created": 1765552479.2632813
  },
  {
    "level": "INFO",
    "name": "src.controller.job_execution_controller",
    "message": "Restored queue state: auto_run=True, paused=False, 0 restored job(s)",
    "created": 1765552479.266572
  },
  {
    "level": "INFO",
    "name": "src.services.queue_store_v2",
    "message": "QUEUE_STATE_SAVED | Persisted queue state",
    "created": 1765552479.270468
  },
  {
    "level": "INFO",
    "name": "src.gui.state",
    "message": "State transition: IDLE -> RUNNING",
    "created": 1765552479.2777302
  },
  {
    "level": "INFO",
    "name": "src.controller.pipeline_controller",
    "message": "Submitted 2 jobs via V2 pipeline",
    "created": 1765552479.2839227
  },
  {
    "level": "INFO",
    "name": "src.services.queue_store_v2",
    "message": "Loaded queue state: 0 jobs, auto_run=True, paused=False",
    "created": 1765552479.291016
  },
  {
    "level": "INFO",
    "name": "src.controller.job_execution_controller",
    "message": "Restored queue state: auto_run=True, paused=False, 0 restored job(s)",
    "created": 1765552479.2970834
  },
  {
    "level": "INFO",
    "name": "src.services.queue_store_v2",
    "message": "QUEUE_STATE_SAVED | Persisted queue state",
    "created": 1765552479.3046858
  },
  {
    "level": "INFO",
    "name": "src.gui.state",
    "message": "State transition: IDLE -> RUNNING",
    "created": 1765552479.3095849
  },
  {
    "level": "INFO",
    "name": "src.controller.pipeline_controller",
    "message": "Submitted 1 jobs via V2 pipeline",
    "created": 1765552479.315634
  },
  {
    "level": "INFO",
    "name": "src.services.queue_store_v2",
    "message": "Loaded queue state: 0 jobs, auto_run=True, paused=False",
    "created": 1765552479.322136
  },
  {
    "level": "INFO",
    "name": "src.controller.job_execution_controller",
    "message": "Restored queue state: auto_run=True, paused=False, 0 restored job(s)",
    "created": 1765552479.3255968
  },
  {
    "level": "INFO",
    "name": "src.services.queue_store_v2",
    "message": "QUEUE_STATE_SAVED | Persisted queue state",
    "created": 1765552479.3293316
  },
  {
    "level": "INFO",
    "name": "src.gui.state",
    "message": "State transition: IDLE -> RUNNING",
    "created": 1765552479.3330243
  },
  {
    "level": "INFO",
    "name": "src.controller.pipeline_controller",
    "message": "Submitted 2 jobs via V2 pipeline",
    "created": 1765552479.336774
  },
  {
    "level": "INFO",
    "name": "src.services.queue_store_v2",
    "message": "Loaded queue state: 0 jobs, auto_run=True, paused=False",
    "created": 1765552479.3431454
  },
  {
    "level": "INFO",
    "name": "src.controller.job_execution_controller",
    "message": "Restored queue state: auto_run=True, paused=False, 0 restored job(s)",
    "created": 1765552479.3463178
  },
  {
    "level": "INFO",
    "name": "src.services.queue_store_v2",
    "message": "QUEUE_STATE_SAVED | Persisted queue state",
    "created": 1765552479.3500466
  },
  {
    "level": "INFO",
    "name": "src.services.queue_store_v2",
    "message": "Loaded queue state: 0 jobs, auto_run=True, paused=False",
    "created": 1765552479.3552003
  },
  {
    "level": "INFO",
    "name": "src.controller.job_execution_controller",
    "message": "Restored queue state: auto_run=True, paused=False, 0 restored job(s)",
    "created": 1765552479.359816
  },
  {
    "level": "INFO",
    "name": "src.services.queue_store_v2",
    "message": "QUEUE_STATE_SAVED | Persisted queue state",
    "created": 1765552479.3638523
  },
  {
    "level": "INFO",
    "name": "src.gui.state",
    "message": "State transition: IDLE -> ERROR",
    "created": 1765552479.3671749
  },
  {
    "level": "INFO",
    "name": "src.services.queue_store_v2",
    "message": "Loaded queue state: 0 jobs, auto_run=True, paused=False",
    "created": 1765552479.3729124
  },
  {
    "level": "INFO",
    "name": "src.controller.job_execution_controller",
    "message": "Restored queue state: auto_run=True, paused=False, 0 restored job(s)",
    "created": 1765552479.3765543
  },
  {
    "level": "INFO",
    "name": "src.services.queue_store_v2",
    "message": "QUEUE_STATE_SAVED | Persisted queue state",
    "created": 1765552479.3802328
  },
  {
    "level": "INFO",
    "name": "src.gui.state",
    "message": "State transition: IDLE -> RUNNING",
    "created": 1765552479.3834713
  },
  {
    "level": "WARNING",
    "name": "src.controller.pipeline_controller",
    "message": "PR-CORE1-B2: Job submitted without normalized_record in NJR-only mode. Job ID: job-1, Source: gui",
    "created": 1765552479.3899372
  },
  {
    "level": "INFO",
    "name": "src.services.queue_store_v2",
    "message": "Loaded queue state: 0 jobs, auto_run=True, paused=False",
    "created": 1765552479.3953314
  },
  {
    "level": "INFO",
    "name": "src.controller.job_execution_controller",
    "message": "Restored queue state: auto_run=True, paused=False, 0 restored job(s)",
    "created": 1765552479.3979993
  },
  {
    "level": "INFO",
    "name": "src.services.queue_store_v2",
    "message": "QUEUE_STATE_SAVED | Persisted queue state",
    "created": 1765552479.4028528
  },
  {
    "level": "INFO",
    "name": "src.services.queue_store_v2",
    "message": "Loaded queue state: 0 jobs, auto_run=True, paused=False",
    "created": 1765552479.4082627
  },
  {
    "level": "INFO",
    "name": "src.controller.app_controller",
    "message": "Restored queue state: auto_run=True, paused=False, 0 jobs (jobs not restored in V1 queue)",
    "created": 1765552479.4125195
  },
  {
    "level": "INFO",
    "name": "src.services.queue_store_v2",
    "message": "Loaded queue state: 0 jobs, auto_run=True, paused=False",
    "created": 1765552479.416806
  },
  {
    "level": "INFO",
    "name": "src.controller.job_execution_controller",
    "message": "Restored queue state: auto_run=True, paused=False, 0 restored job(s)",
    "created": 1765552479.4205544
  },
  {
    "level": "INFO",
    "name": "src.services.queue_store_v2",
    "message": "QUEUE_STATE_SAVED | Persisted queue state",
    "created": 1765552479.4280965
  },
  {
    "level": "INFO",
    "name": "src.services.queue_store_v2",
    "message": "Loaded queue state: 0 jobs, auto_run=True, paused=False",
    "created": 1765552479.435325
  },
  {
    "level": "INFO",
    "name": "src.controller.app_controller",
    "message": "Restored queue state: auto_run=True, paused=False, 0 jobs (jobs not restored in V1 queue)",
    "created": 1765552479.4419355
  },
  {
    "level": "INFO",
    "name": "src.services.queue_store_v2",
    "message": "Loaded queue state: 0 jobs, auto_run=True, paused=False",
    "created": 1765552479.4500604
  },
  {
    "level": "INFO",
    "name": "src.controller.job_execution_controller",
    "message": "Restored queue state: auto_run=True, paused=False, 0 restored job(s)",
    "created": 1765552479.4562125
  },
  {
    "level": "INFO",
    "name": "src.services.queue_store_v2",
    "message": "QUEUE_STATE_SAVED | Persisted queue state",
    "created": 1765552479.463377
  },
  {
    "level": "INFO",
    "name": "src.services.queue_store_v2",
    "message": "Loaded queue state: 0 jobs, auto_run=True, paused=False",
    "created": 1765552479.4712102
  },
  {
    "level": "INFO",
    "name": "src.controller.app_controller",
    "message": "Restored queue state: auto_run=True, paused=False, 0 jobs (jobs not restored in V1 queue)",
    "created": 1765552479.4783516
  },
  {
    "level": "INFO",
    "name": "src.controller.pipeline_controller",
    "message": "Replayed job replay-job with 1 queued job(s)",
    "created": 1765552479.4923067
  },
  {
    "level": "INFO",
    "name": "src.services.queue_store_v2",
    "message": "Loaded queue state: 0 jobs, auto_run=True, paused=False",
    "created": 1765552479.4971075
  },
  {
    "level": "INFO",
    "name": "src.controller.job_execution_controller",
    "message": "Restored queue state: auto_run=True, paused=False, 0 restored job(s)",
    "created": 1765552479.5004103
  },
  {
    "level": "INFO",
    "name": "src.services.queue_store_v2",
    "message": "QUEUE_STATE_SAVED | Persisted queue state",
    "created": 1765552479.5046957
  },
  {
    "level": "INFO",
    "name": "src.services.queue_store_v2",
    "message": "Loaded queue state: 0 jobs, auto_run=True, paused=False",
    "created": 1765552479.5094738
  },
  {
    "level": "INFO",
    "name": "src.controller.app_controller",
    "message": "Restored queue state: auto_run=True, paused=False, 0 jobs (jobs not restored in V1 queue)",
    "created": 1765552479.5126479
  },
  {
    "level": "INFO",
    "name": "src.services.queue_store_v2",
    "message": "Loaded queue state: 0 jobs, auto_run=True, paused=False",
    "created": 1765552479.5177355
  },
  {
    "level": "INFO",
    "name": "src.controller.job_execution_controller",
    "message": "Restored queue state: auto_run=True, paused=False, 0 restored job(s)",
    "created": 1765552479.5209196
  },
  {
    "level": "INFO",
    "name": "src.services.queue_store_v2",
    "message": "QUEUE_STATE_SAVED | Persisted queue state",
    "created": 1765552479.524665
  },
  {
    "level": "INFO",
    "name": "src.services.queue_store_v2",
    "message": "Loaded queue state: 0 jobs, auto_run=True, paused=False",
    "created": 1765552479.5295632
  },
  {
    "level": "INFO",
    "name": "src.controller.app_controller",
    "message": "Restored queue state: auto_run=True, paused=False, 0 jobs (jobs not restored in V1 queue)",
    "created": 1765552479.5333335
  },
  {
    "level": "INFO",
    "name": "src.services.queue_store_v2",
    "message": "Loaded queue state: 0 jobs, auto_run=True, paused=False",
    "created": 1765552479.53866
  },
  {
    "level": "INFO",
    "name": "src.controller.job_execution_controller",
    "message": "Restored queue state: auto_run=True, paused=False, 0 restored job(s)",
    "created": 1765552479.5423727
  },
  {
    "level": "INFO",
    "name": "src.services.queue_store_v2",
    "message": "QUEUE_STATE_SAVED | Persisted queue state",
    "created": 1765552479.5463154
  },
  {
    "level": "INFO",
    "name": "src.services.queue_store_v2",
    "message": "Loaded queue state: 0 jobs, auto_run=True, paused=False",
    "created": 1765552479.552796
  },
  {
    "level": "INFO",
    "name": "src.controller.job_execution_controller",
    "message": "Restored queue state: auto_run=True, paused=False, 0 restored job(s)",
    "created": 1765552479.5582035
  },
  {
    "level": "INFO",
    "name": "src.services.queue_store_v2",
    "message": "QUEUE_STATE_SAVED | Persisted queue state",
    "created": 1765552479.563051
  },
  {
    "level": "INFO",
    "name": "src.services.queue_store_v2",
    "message": "Loaded queue state: 0 jobs, auto_run=True, paused=False",
    "created": 1765552479.5810544
  },
  {
    "level": "INFO",
    "name": "src.controller.job_execution_controller",
    "message": "Restored queue state: auto_run=True, paused=False, 0 restored job(s)",
    "created": 1765552479.585338
  },
  {
    "level": "INFO",
    "name": "src.services.queue_store_v2",
    "message": "QUEUE_STATE_SAVED | Persisted queue state",
    "created": 1765552479.5918136
  },
  {
    "level": "INFO",
    "name": "root",
    "message": "Using model profile preset best (source=internet_prior) for TestModel + ['TestLora'].",
    "created": 1765552479.599135
  },
  {
    "level": "INFO",
    "name": "src.services.queue_store_v2",
    "message": "Loaded queue state: 0 jobs, auto_run=True, paused=False",
    "created": 1765552479.605067
  },
  {
    "level": "INFO",
    "name": "src.controller.job_execution_controller",
    "message": "Restored queue state: auto_run=True, paused=False, 0 restored job(s)",
    "created": 1765552479.6088676
  },
  {
    "level": "INFO",
    "name": "src.services.queue_store_v2",
    "message": "QUEUE_STATE_SAVED | Persisted queue state",
    "created": 1765552479.6127188
  },
  {
    "level": "INFO",
    "name": "root",
    "message": "Using model profile preset best (source=internet_prior) for TestModel + ['TestLora'].",
    "created": 1765552479.6170187
  },
  {
    "level": "INFO",
    "name": "src.services.queue_store_v2",
    "message": "Loaded queue state: 0 jobs, auto_run=True, paused=False",
    "created": 1765552479.622324
  },
  {
    "level": "INFO",
    "name": "src.controller.job_execution_controller",
    "message": "Restored queue state: auto_run=True, paused=False, 0 restored job(s)",
    "created": 1765552479.6256106
  },
  {
    "level": "INFO",
    "name": "src.services.queue_store_v2",
    "message": "QUEUE_STATE_SAVED | Persisted queue state",
    "created": 1765552479.629928
  },
  {
    "level": "INFO",
    "name": "src.services.queue_store_v2",
    "message": "Loaded queue state: 0 jobs, auto_run=True, paused=False",
    "created": 1765552479.6373472
  },
  {
    "level": "INFO",
    "name": "src.controller.job_execution_controller",
    "message": "Restored queue state: auto_run=True, paused=False, 0 restored job(s)",
    "created": 1765552479.6423197
  },
  {
    "level": "INFO",
    "name": "src.services.queue_store_v2",
    "message": "QUEUE_STATE_SAVED | Persisted queue state",
    "created": 1765552479.6465914
  },
  {
    "level": "INFO",
    "name": "src.services.queue_store_v2",
    "message": "Loaded queue state: 0 jobs, auto_run=True, paused=False",
    "created": 1765552479.653023
  },
  {
    "level": "INFO",
    "name": "src.controller.job_execution_controller",
    "message": "Restored queue state: auto_run=True, paused=False, 0 restored job(s)",
    "created": 1765552479.6571753
  },
  {
    "level": "INFO",
    "name": "src.services.queue_store_v2",
    "message": "QUEUE_STATE_SAVED | Persisted queue state",
    "created": 1765552479.6608994
  },
  {
    "level": "INFO",
    "name": "src.services.queue_store_v2",
    "message": "Loaded queue state: 0 jobs, auto_run=True, paused=False",
    "created": 1765552479.6673205
  },
  {
    "level": "INFO",
    "name": "src.controller.job_execution_controller",
    "message": "Restored queue state: auto_run=True, paused=False, 0 restored job(s)",
    "created": 1765552479.6721354
  },
  {
    "level": "INFO",
    "name": "src.services.queue_store_v2",
    "message": "QUEUE_STATE_SAVED | Persisted queue state",
    "created": 1765552479.676384
  },
  {
    "level": "INFO",
    "name": "src.controller.job_service",
    "message": "Queuing job job-1 for background execution | {\"job_id\": \"job-1\", \"subsystem\": \"job_service\"}",
    "created": 1765552479.6972141,
    "payload": {
      "message": "Queuing job job-1 for background execution",
      "job_id": "job-1",
      "subsystem": "job_service"
    }
  },
  {
    "level": "INFO",
    "name": "src.controller.job_service",
    "message": "Queue worker starting | {\"job_id\": \"job-1\", \"runner\": \"StubRunner\", \"subsystem\": \"job_service\"}",
    "created": 1765552479.7009184,
    "payload": {
      "message": "Queue worker starting",
      "job_id": "job-1",
      "subsystem": "job_service",
      "runner": "StubRunner"
    }
  },
  {
    "level": "INFO",
    "name": "src.controller.job_service",
    "message": "Queuing job job-2 for background execution | {\"job_id\": \"job-2\", \"subsystem\": \"job_service\"}",
    "created": 1765552479.7047055,
    "payload": {
      "message": "Queuing job job-2 for background execution",
      "job_id": "job-2",
      "subsystem": "job_service"
    }
  },
  {
    "level": "INFO",
    "name": "src.controller.job_service",
    "message": "Queuing job job-fail for background execution | {\"job_id\": \"job-fail\", \"subsystem\": \"job_service\"}",
    "created": 1765552479.7116656,
    "payload": {
      "message": "Queuing job job-fail for background execution",
      "job_id": "job-fail",
      "subsystem": "job_service"
    }
  },
  {
    "level": "INFO",
    "name": "src.controller.job_service",
    "message": "Queue worker starting | {\"job_id\": \"job-fail\", \"runner\": \"FailingRunner\", \"subsystem\": \"job_service\"}",
    "created": 1765552479.7174916,
    "payload": {
      "message": "Queue worker starting",
      "job_id": "job-fail",
      "subsystem": "job_service",
      "runner": "FailingRunner"
    }
  },
  {
    "level": "ERROR",
    "name": "src.controller.job_service",
    "message": "Queue worker failed to start | {\"error\": \"worker start failed\", \"runner\": \"FailingRunner\", \"subsystem\": \"job_service\"}",
    "created": 1765552479.722929,
    "payload": {
      "message": "Queue worker failed to start",
      "subsystem": "job_service",
      "runner": "FailingRunner",
      "error": "worker start failed"
    }
  },
  {
    "level": "INFO",
    "name": "src.services.queue_store_v2",
    "message": "Loaded queue state: 0 jobs, auto_run=True, paused=False",
    "created": 1765552479.729288
  },
  {
    "level": "INFO",
    "name": "src.controller.job_execution_controller",
    "message": "Restored queue state: auto_run=True, paused=False, 0 restored job(s)",
    "created": 1765552479.7348366
  },
  {
    "level": "INFO",
    "name": "src.services.queue_store_v2",
    "message": "QUEUE_STATE_SAVED | Persisted queue state",
    "created": 1765552479.7413888
  },
  {
    "level": "INFO",
    "name": "src.services.queue_store_v2",
    "message": "Loaded queue state: 0 jobs, auto_run=True, paused=False",
    "created": 1765552479.7507184
  },
  {
    "level": "INFO",
    "name": "src.controller.app_controller",
    "message": "Restored queue state: auto_run=True, paused=False, 0 jobs (jobs not restored in V1 queue)",
    "created": 1765552479.7560527
  },
  {
    "level": "INFO",
    "name": "src.controller.app_controller",
    "message": "Resource update: 0 models, 0 vaes, 0 samplers, 0 schedulers, 0 upscalers",
    "created": 1765552479.7603033
  },
  {
    "level": "INFO",
    "name": "shutdown_inspector_threads",
    "message": "=== Shutdown inspector (thread-check) ===",
    "created": 1765552479.7658577
  },
  {
    "level": "INFO",
    "name": "shutdown_inspector_threads",
    "message": "Thread: name=MainThread daemon=False alive=True ident=8328",
    "created": 1765552479.7695758
  },
  {
    "level": "INFO",
    "name": "shutdown_inspector_threads",
    "message": "Thread: name=Thread-5 (_shutdown_watchdog) daemon=True alive=True ident=6272",
    "created": 1765552479.7728007
  },
  {
    "level": "INFO",
    "name": "shutdown_inspector_threads",
    "message": "Thread: name=Thread-6 (_shutdown_watchdog) daemon=True alive=True ident=26744",
    "created": 1765552479.7770696
  },
  {
    "level": "INFO",
    "name": "shutdown_inspector_threads",
    "message": "Thread: name=Thread-7 (_shutdown_watchdog) daemon=True alive=True ident=28088",
    "created": 1765552479.7804613
  },
  {
    "level": "INFO",
    "name": "shutdown_inspector_threads",
    "message": "Thread: name=Thread-9 (_worker_loop) daemon=True alive=True ident=18768",
    "created": 1765552479.784166
  },
  {
    "level": "INFO",
    "name": "shutdown_inspector_threads",
    "message": "Thread: name=Thread-10 (_worker_loop) daemon=True alive=True ident=32560",
    "created": 1765552479.787332
  },
  {
    "level": "INFO",
    "name": "shutdown_inspector_threads",
    "message": "Thread: name=Thread-11 (_worker_loop) daemon=True alive=True ident=2668",
    "created": 1765552479.7905352
  },
  {
    "level": "INFO",
    "name": "shutdown_inspector_threads",
    "message": "Thread: name=Thread-12 (_shutdown_watchdog) daemon=True alive=True ident=26100",
    "created": 1765552479.7939742
  },
  {
    "level": "INFO",
    "name": "shutdown_inspector_threads",
    "message": "Thread: name=Thread-13 (_shutdown_watchdog) daemon=True alive=True ident=31952",
    "created": 1765552479.7984982
  },
  {
    "level": "INFO",
    "name": "shutdown_inspector_threads",
    "message": "Thread: name=Thread-14 (_shutdown_watchdog) daemon=True alive=True ident=21360",
    "created": 1765552479.802374
  },
  {
    "level": "INFO",
    "name": "shutdown_inspector_threads",
    "message": "Thread: name=Thread-15 (_shutdown_watchdog) daemon=True alive=True ident=27616",
    "created": 1765552479.807448
  },
  {
    "level": "INFO",
    "name": "shutdown_inspector_threads",
    "message": "Shutdown inspector: no child processes attached.",
    "created": 1765552479.817633
  },
  {
    "level": "INFO",
    "name": "shutdown_inspector_children",
    "message": "=== Shutdown inspector (child-check) ===",
    "created": 1765552479.8218863
  },
  {
    "level": "INFO",
    "name": "shutdown_inspector_children",
    "message": "Thread: name=MainThread daemon=False alive=True ident=8328",
    "created": 1765552479.8250759
  },
  {
    "level": "INFO",
    "name": "shutdown_inspector_children",
    "message": "Thread: name=Thread-5 (_shutdown_watchdog) daemon=True alive=True ident=6272",
    "created": 1765552479.8289487
  },
  {
    "level": "INFO",
    "name": "shutdown_inspector_children",
    "message": "Thread: name=Thread-6 (_shutdown_watchdog) daemon=True alive=True ident=26744",
    "created": 1765552479.8322165
  },
  {
    "level": "INFO",
    "name": "shutdown_inspector_children",
    "message": "Thread: name=Thread-7 (_shutdown_watchdog) daemon=True alive=True ident=28088",
    "created": 1765552479.8354034
  },
  {
    "level": "INFO",
    "name": "shutdown_inspector_children",
    "message": "Thread: name=Thread-9 (_worker_loop) daemon=True alive=True ident=18768",
    "created": 1765552479.8385882
  },
  {
    "level": "INFO",
    "name": "shutdown_inspector_children",
    "message": "Thread: name=Thread-10 (_worker_loop) daemon=True alive=True ident=32560",
    "created": 1765552479.842356
  },
  {
    "level": "INFO",
    "name": "shutdown_inspector_children",
    "message": "Thread: name=Thread-11 (_worker_loop) daemon=True alive=True ident=2668",
    "created": 1765552479.846179
  },
  {
    "level": "INFO",
    "name": "shutdown_inspector_children",
    "message": "Thread: name=Thread-12 (_shutdown_watchdog) daemon=True alive=True ident=26100",
    "created": 1765552479.849922
  },
  {
    "level": "INFO",
    "name": "shutdown_inspector_children",
    "message": "Thread: name=Thread-13 (_shutdown_watchdog) daemon=True alive=True ident=31952",
    "created": 1765552479.853103
  },
  {
    "level": "INFO",
    "name": "shutdown_inspector_children",
    "message": "Thread: name=Thread-14 (_shutdown_watchdog) daemon=True alive=True ident=21360",
    "created": 1765552479.8568385
  },
  {
    "level": "INFO",
    "name": "shutdown_inspector_children",
    "message": "Thread: name=Thread-15 (_shutdown_watchdog) daemon=True alive=True ident=27616",
    "created": 1765552479.860645
  },
  {
    "level": "INFO",
    "name": "shutdown_inspector_children",
    "message": "Shutdown inspector: no child processes attached.",
    "created": 1765552479.864381
  },
  {
    "level": "INFO",
    "name": "src.services.queue_store_v2",
    "message": "Loaded queue state: 0 jobs, auto_run=True, paused=False",
    "created": 1765552479.8697042
  },
  {
    "level": "INFO",
    "name": "src.controller.job_execution_controller",
    "message": "Restored queue state: auto_run=True, paused=False, 0 restored job(s)",
    "created": 1765552479.8729024
  },
  {
    "level": "INFO",
    "name": "src.services.queue_store_v2",
    "message": "QUEUE_STATE_SAVED | Persisted queue state",
    "created": 1765552479.8777158
  },
  {
    "level": "INFO",
    "name": "src.controller.webui_connection_controller",
    "message": "WebUI models/options are ready at http://x",
    "created": 1765552479.8825157
  },
  {
    "level": "INFO",
    "name": "src.controller.webui_connection_controller",
    "message": "WebUI models/options are ready at http://x",
    "created": 1765552479.8874857
  },
  {
    "level": "INFO",
    "name": "src.controller.webui_connection_controller",
    "message": "Trying to auto-detect WebUI on other ports...",
    "created": 1765552479.896511
  },
  {
    "level": "INFO",
    "name": "src.api.healthcheck",
    "message": "Checking for WebUI API on port 7860 | {\"endpoint\": \"/sdapi/v1/progress\", \"port\": 7860, \"subsystem\": \"api\"}",
    "created": 1765552479.9036338,
    "payload": {
      "message": "Checking for WebUI API on port 7860",
      "subsystem": "api",
      "port": 7860,
      "endpoint": "/sdapi/v1/progress"
    }
  },
  {
    "level": "INFO",
    "name": "src.api.healthcheck",
    "message": "Probing WebUI readiness at models/options endpoints | {\"models_endpoint\": \"/sdapi/v1/sd-models\", \"options_endpoint\": \"/sdapi/v1/options\", \"subsystem\": \"api\"}",
    "created": 1765552483.1854136,
    "payload": {
      "message": "Probing WebUI readiness at models/options endpoints",
      "subsystem": "api",
      "models_endpoint": "/sdapi/v1/sd-models",
      "options_endpoint": "/sdapi/v1/options"
    }
  },
  {
    "level": "WARNING",
    "name": "src.api.healthcheck",
    "message": "WebUI did not become ready within allotted time | {\"subsystem\": \"api\"}",
    "created": 1765552486.623071,
    "payload": {
      "message": "WebUI did not become ready within allotted time",
      "subsystem": "api"
    }
  },
  {
    "level": "INFO",
    "name": "src.api.healthcheck",
    "message": "Checking for WebUI API on port 7861 | {\"endpoint\": \"/sdapi/v1/progress\", \"port\": 7861, \"subsystem\": \"api\"}",
    "created": 1765552490.3121388,
    "payload": {
      "message": "Checking for WebUI API on port 7861",
      "subsystem": "api",
      "port": 7861,
      "endpoint": "/sdapi/v1/progress"
    }
  },
  {
    "level": "INFO",
    "name": "src.api.healthcheck",
    "message": "Probing WebUI readiness at models/options endpoints | {\"models_endpoint\": \"/sdapi/v1/sd-models\", \"options_endpoint\": \"/sdapi/v1/options\", \"subsystem\": \"api\"}",
    "created": 1765552494.3280234,
    "payload": {
      "message": "Probing WebUI readiness at models/options endpoints",
      "subsystem": "api",
      "models_endpoint": "/sdapi/v1/sd-models",
      "options_endpoint": "/sdapi/v1/options"
    }
  },
  {
    "level": "WARNING",
    "name": "src.api.healthcheck",
    "message": "WebUI did not become ready within allotted time | {\"subsystem\": \"api\"}",
    "created": 1765552498.202975,
    "payload": {
      "message": "WebUI did not become ready within allotted time",
      "subsystem": "api"
    }
  },
  {
    "level": "INFO",
    "name": "src.api.healthcheck",
    "message": "Checking for WebUI API on port 7862 | {\"endpoint\": \"/sdapi/v1/progress\", \"port\": 7862, \"subsystem\": \"api\"}",
    "created": 1765552503.88928,
    "payload": {
      "message": "Checking for WebUI API on port 7862",
      "subsystem": "api",
      "port": 7862,
      "endpoint": "/sdapi/v1/progress"
    }
  },
  {
    "level": "INFO",
    "name": "src.api.healthcheck",
    "message": "Probing WebUI readiness at models/options endpoints | {\"models_endpoint\": \"/sdapi/v1/sd-models\", \"options_endpoint\": \"/sdapi/v1/options\", \"subsystem\": \"api\"}",
    "created": 1765552509.1557963,
    "payload": {
      "message": "Probing WebUI readiness at models/options endpoints",
      "subsystem": "api",
      "models_endpoint": "/sdapi/v1/sd-models",
      "options_endpoint": "/sdapi/v1/options"
    }
  },
  {
    "level": "WARNING",
    "name": "src.api.healthcheck",
    "message": "WebUI did not become ready within allotted time | {\"subsystem\": \"api\"}",
    "created": 1765552516.3742378,
    "payload": {
      "message": "WebUI did not become ready within allotted time",
      "subsystem": "api"
    }
  },
  {
    "level": "INFO",
    "name": "src.api.healthcheck",
    "message": "Checking for WebUI API on port 7863 | {\"endpoint\": \"/sdapi/v1/progress\", \"port\": 7863, \"subsystem\": \"api\"}",
    "created": 1765552521.9070075,
    "payload": {
      "message": "Checking for WebUI API on port 7863",
      "subsystem": "api",
      "port": 7863,
      "endpoint": "/sdapi/v1/progress"
    }
  },
  {
    "level": "INFO",
    "name": "src.api.healthcheck",
    "message": "Probing WebUI readiness at models/options endpoints | {\"models_endpoint\": \"/sdapi/v1/sd-models\", \"options_endpoint\": \"/sdapi/v1/options\", \"subsystem\": \"api\"}",
    "created": 1765552527.0468535,
    "payload": {
      "message": "Probing WebUI readiness at models/options endpoints",
      "subsystem": "api",
      "models_endpoint": "/sdapi/v1/sd-models",
      "options_endpoint": "/sdapi/v1/options"
    }
  },
  {
    "level": "WARNING",
    "name": "src.api.healthcheck",
    "message": "WebUI did not become ready within allotted time | {\"subsystem\": \"api\"}",
    "created": 1765552534.4064507,
    "payload": {
      "message": "WebUI did not become ready within allotted time",
      "subsystem": "api"
    }
  },
  {
    "level": "INFO",
    "name": "src.api.healthcheck",
    "message": "Checking for WebUI API on port 7864 | {\"endpoint\": \"/sdapi/v1/progress\", \"port\": 7864, \"subsystem\": \"api\"}",
    "created": 1765552541.8899648,
    "payload": {
      "message": "Checking for WebUI API on port 7864",
      "subsystem": "api",
      "port": 7864,
      "endpoint": "/sdapi/v1/progress"
    }
  },
  {
    "level": "INFO",
    "name": "src.api.healthcheck",
    "message": "Probing WebUI readiness at models/options endpoints | {\"models_endpoint\": \"/sdapi/v1/sd-models\", \"options_endpoint\": \"/sdapi/v1/options\", \"subsystem\": \"api\"}",
    "created": 1765552549.9994802,
    "payload": {
      "message": "Probing WebUI readiness at models/options endpoints",
      "subsystem": "api",
      "models_endpoint": "/sdapi/v1/sd-models",
      "options_endpoint": "/sdapi/v1/options"
    }
  },
  {
    "level": "WARNING",
    "name": "src.api.healthcheck",
    "message": "WebUI did not become ready within allotted time | {\"subsystem\": \"api\"}",
    "created": 1765552556.7960138,
    "payload": {
      "message": "WebUI did not become ready within allotted time",
      "subsystem": "api"
    }
  },
  {
    "level": "INFO",
    "name": "src.api.healthcheck",
    "message": "Checking for WebUI API on port 8000 | {\"endpoint\": \"/sdapi/v1/progress\", \"port\": 8000, \"subsystem\": \"api\"}",
    "created": 1765552561.3272448,
    "payload": {
      "message": "Checking for WebUI API on port 8000",
      "subsystem": "api",
      "port": 8000,
      "endpoint": "/sdapi/v1/progress"
    }
  },
  {
    "level": "INFO",
    "name": "src.api.healthcheck",
    "message": "Probing WebUI readiness at models/options endpoints | {\"models_endpoint\": \"/sdapi/v1/sd-models\", \"options_endpoint\": \"/sdapi/v1/options\", \"subsystem\": \"api\"}",
    "created": 1765552570.2798014,
    "payload": {
      "message": "Probing WebUI readiness at models/options endpoints",
      "subsystem": "api",
      "models_endpoint": "/sdapi/v1/sd-models",
      "options_endpoint": "/sdapi/v1/options"
    }
  },
  {
    "level": "WARNING",
    "name": "src.api.healthcheck",
    "message": "WebUI did not become ready within allotted time | {\"subsystem\": \"api\"}",
    "created": 1765552576.7642295,
    "payload": {
      "message": "WebUI did not become ready within allotted time",
      "subsystem": "api"
    }
  },
  {
    "level": "INFO",
    "name": "src.api.healthcheck",
    "message": "Checking for WebUI API on port 8080 | {\"endpoint\": \"/sdapi/v1/progress\", \"port\": 8080, \"subsystem\": \"api\"}",
    "created": 1765552582.8967383,
    "payload": {
      "message": "Checking for WebUI API on port 8080",
      "subsystem": "api",
      "port": 8080,
      "endpoint": "/sdapi/v1/progress"
    }
  },
  {
    "level": "INFO",
    "name": "src.api.healthcheck",
    "message": "Probing WebUI readiness at models/options endpoints | {\"models_endpoint\": \"/sdapi/v1/sd-models\", \"options_endpoint\": \"/sdapi/v1/options\", \"subsystem\": \"api\"}",
    "created": 1765552589.3572245,
    "payload": {
      "message": "Probing WebUI readiness at models/options endpoints",
      "subsystem": "api",
      "models_endpoint": "/sdapi/v1/sd-models",
      "options_endpoint": "/sdapi/v1/options"
    }
  },
  {
    "level": "WARNING",
    "name": "src.api.healthcheck",
    "message": "WebUI did not become ready within allotted time | {\"subsystem\": \"api\"}",
    "created": 1765552595.7642107,
    "payload": {
      "message": "WebUI did not become ready within allotted time",
      "subsystem": "api"
    }
  },
  {
    "level": "INFO",
    "name": "src.api.healthcheck",
    "message": "Checking for WebUI API on port 5000 | {\"endpoint\": \"/sdapi/v1/progress\", \"port\": 5000, \"subsystem\": \"api\"}",
    "created": 1765552601.5001833,
    "payload": {
      "message": "Checking for WebUI API on port 5000",
      "subsystem": "api",
      "port": 5000,
      "endpoint": "/sdapi/v1/progress"
    }
  },
  {
    "level": "INFO",
    "name": "src.api.healthcheck",
    "message": "Probing WebUI readiness at models/options endpoints | {\"models_endpoint\": \"/sdapi/v1/sd-models\", \"options_endpoint\": \"/sdapi/v1/options\", \"subsystem\": \"api\"}",
    "created": 1765552608.793805,
    "payload": {
      "message": "Probing WebUI readiness at models/options endpoints",
      "subsystem": "api",
      "models_endpoint": "/sdapi/v1/sd-models",
      "options_endpoint": "/sdapi/v1/options"
    }
  },
  {
    "level": "WARNING",
    "name": "src.api.healthcheck",
    "message": "WebUI did not become ready within allotted time | {\"subsystem\": \"api\"}",
    "created": 1765552615.858411,
    "payload": {
      "message": "WebUI did not become ready within allotted time",
      "subsystem": "api"
    }
  },
  {
    "level": "INFO",
    "name": "src.controller.webui_connection_controller",
    "message": "WebUI models/options are ready at http://test",
    "created": 1765552622.4064474
  },
  {
    "level": "INFO",
    "name": "src.utils.diagnostics_bundle_v2",
    "message": "Crash bundle saved to reports\\diagnostics\\stablenew_diagnostics_20251212_151702_uncaught_exception.zip",
    "created": 1765552622.8995883
  },
  {
    "level": "INFO",
    "name": "src.utils.diagnostics_bundle_v2",
    "message": "Crash bundle saved to reports\\diagnostics\\stablenew_diagnostics_20251212_151702_uncaught_exception.zip",
    "created": 1765552623.0617118
  },
  {
    "level": "INFO",
    "name": "src.utils.diagnostics_bundle_v2",
    "message": "Crash bundle saved to reports\\diagnostics\\stablenew_diagnostics_20251212_151703_uncaught_exception.zip",
    "created": 1765552623.233147
  },
  {
    "level": "INFO",
    "name": "src.utils.diagnostics_bundle_v2",
    "message": "Crash bundle saved to reports\\diagnostics\\stablenew_diagnostics_20251212_151703_uncaught_exception.zip",
    "created": 1765552623.4111912
  },
  {
    "level": "INFO",
    "name": "src.utils.diagnostics_bundle_v2",
    "message": "Crash bundle saved to reports\\diagnostics\\stablenew_diagnostics_20251212_151703_uncaught_exception.zip",
    "created": 1765552623.5872397
  },
  {
    "level": "INFO",
    "name": "src.utils.diagnostics_bundle_v2",
    "message": "Crash bundle saved to reports\\diagnostics\\stablenew_diagnostics_20251212_151703_uncaught_exception.zip",
    "created": 1765552623.7590158
  },
  {
    "level": "INFO",
    "name": "src.utils.diagnostics_bundle_v2",
    "message": "Crash bundle saved to reports\\diagnostics\\stablenew_diagnostics_20251212_151703_uncaught_exception.zip",
    "created": 1765552623.9318812
  }
]