[
  {
    "level": "INFO",
    "name": "src.api.webui_process_manager",
    "message": "[Orphan Monitor] Starting lock monitoring (checks every 5.0s)",
    "created": 1766606882.11973
  },
  {
    "level": "INFO",
    "name": "src.api.webui_process_manager",
    "message": "[Orphan Monitor] Started monitoring thread to prevent orphaned WebUI processes",
    "created": 1766606882.11973
  },
  {
    "level": "INFO",
    "name": "src.utils.diagnostics_bundle_v2",
    "message": "Crash bundle saved to reports\\diagnostics\\stablenew_diagnostics_20251224_200801_thread_exception.zip",
    "created": 1766606883.772346
  }
]