[
  {
    "level": "INFO",
    "name": "src.services.queue_store_v2",
    "message": "Loaded queue state: 0 jobs, auto_run=False, paused=False",
    "created": 1765239974.7714844
  },
  {
    "level": "INFO",
    "name": "src.controller.app_controller",
    "message": "Restored queue state: auto_run=False, paused=False, 0 jobs (jobs not restored in V1 queue)",
    "created": 1765239974.7744832
  },
  {
    "level": "INFO",
    "name": "src.utils.config",
    "message": "Found 15 presets",
    "created": 1765239974.8051164
  },
  {
    "level": "INFO",
    "name": "src.utils.file_io",
    "message": "Found 12 prompt packs in packs",
    "created": 1765239974.8181202
  },
  {
    "level": "INFO",
    "name": "src.utils.file_io",
    "message": "Read 10 prompts from SDXL_angelic_warriors_Fantasy.txt",
    "created": 1765239974.8211203
  },
  {
    "level": "INFO",
    "name": "src.utils.file_io",
    "message": "Read 10 prompts from SDXL_angelic_warriors_Realistic.txt",
    "created": 1765239974.8241196
  },
  {
    "level": "INFO",
    "name": "src.utils.file_io",
    "message": "Read 10 prompts from SDXL_beautiful_women_Fantasy.txt",
    "created": 1765239974.8276303
  },
  {
    "level": "INFO",
    "name": "src.utils.file_io",
    "message": "Read 10 prompts from SDXL_beautiful_women_Realistic.txt",
    "created": 1765239974.8321779
  },
  {
    "level": "INFO",
    "name": "src.utils.file_io",
    "message": "Read 10 prompts from SDXL_epic_structures_Fantasy.txt",
    "created": 1765239974.8351772
  },
  {
    "level": "INFO",
    "name": "src.utils.file_io",
    "message": "Read 10 prompts from SDXL_epic_structures_Realistic.txt",
    "created": 1765239974.8381772
  },
  {
    "level": "INFO",
    "name": "src.utils.file_io",
    "message": "Read 10 prompts from SDXL_female_fantasy_heroes_Fantasy.txt",
    "created": 1765239974.8411772
  },
  {
    "level": "INFO",
    "name": "src.utils.file_io",
    "message": "Read 10 prompts from SDXL_female_fantasy_heroes_Realistic.txt",
    "created": 1765239974.8441782
  },
  {
    "level": "INFO",
    "name": "src.utils.file_io",
    "message": "Read 10 prompts from SDXL_male_fantasy_heroes_Fantasy.txt",
    "created": 1765239974.847177
  },
  {
    "level": "INFO",
    "name": "src.utils.file_io",
    "message": "Read 10 prompts from SDXL_male_fantasy_heroes_Realistic.txt",
    "created": 1765239974.8501775
  },
  {
    "level": "INFO",
    "name": "src.utils.file_io",
    "message": "Read 10 prompts from SDXL_mythical_beasts_Fantasy.txt",
    "created": 1765239974.8521771
  },
  {
    "level": "INFO",
    "name": "src.utils.file_io",
    "message": "Read 10 prompts from SDXL_mythical_beasts_Realistic.txt",
    "created": 1765239974.855177
  },
  {
    "level": "INFO",
    "name": "src.utils.file_io",
    "message": "Found 12 prompt packs in packs",
    "created": 1765239975.003108
  },
  {
    "level": "INFO",
    "name": "src.controller.app_controller",
    "message": "[controller] shutdown_app called (destroy)",
    "created": 1765239975.036108
  },
  {
    "level": "INFO",
    "name": "src.gui.state",
    "message": "Cancellation requested",
    "created": 1765239975.0401082
  },
  {
    "level": "INFO",
    "name": "src.pipeline.job_queue_v2",
    "message": "Job added to queue: f6ad2b1d-2189-4cc9-a14e-7a5200831167",
    "created": 1765239975.1433594
  },
  {
    "level": "INFO",
    "name": "src.pipeline.job_queue_v2",
    "message": "Job added to queue: 2cd8c2b4-c57c-4663-a014-9b3614a8f817",
    "created": 1765239975.147361
  },
  {
    "level": "INFO",
    "name": "src.pipeline.job_queue_v2",
    "message": "Job added to queue: dc03502e-f812-4518-97fe-19b6a60a61e4",
    "created": 1765239975.1513608
  },
  {
    "level": "INFO",
    "name": "src.pipeline.job_queue_v2",
    "message": "Job added to queue: 3639fcc0-7b4f-4b90-9a20-754f2a3da39b",
    "created": 1765239975.1543598
  },
  {
    "level": "INFO",
    "name": "src.pipeline.job_queue_v2",
    "message": "Job added to queue: f949b502-6c85-45ff-8fd2-4c8f376bc107",
    "created": 1765239975.1573591
  },
  {
    "level": "INFO",
    "name": "src.pipeline.job_queue_v2",
    "message": "Job added to queue: df0c8bb9-9d1b-4907-8c76-43b0927de3bf",
    "created": 1765239975.1613584
  },
  {
    "level": "INFO",
    "name": "src.pipeline.job_queue_v2",
    "message": "Job removed from queue: df0c8bb9-9d1b-4907-8c76-43b0927de3bf",
    "created": 1765239975.1663592
  },
  {
    "level": "INFO",
    "name": "src.pipeline.job_queue_v2",
    "message": "Job added to queue: 09512f75-b672-4009-af8c-69a3c959eaf9",
    "created": 1765239975.1703596
  },
  {
    "level": "INFO",
    "name": "src.pipeline.job_queue_v2",
    "message": "Job added to queue: f96d3a70-e393-4a67-8684-82435e789fd9",
    "created": 1765239975.1743598
  },
  {
    "level": "INFO",
    "name": "src.pipeline.job_queue_v2",
    "message": "Job added to queue: 93bdd9dc-ed7c-40f9-a4a5-9cc3da652fbd",
    "created": 1765239975.177359
  },
  {
    "level": "INFO",
    "name": "src.pipeline.job_queue_v2",
    "message": "Job moved up: 93bdd9dc-ed7c-40f9-a4a5-9cc3da652fbd",
    "created": 1765239975.1803594
  },
  {
    "level": "INFO",
    "name": "src.pipeline.job_queue_v2",
    "message": "Job added to queue: b8d47d03-ee22-4506-892d-6b4248e5c27c",
    "created": 1765239975.1833599
  },
  {
    "level": "INFO",
    "name": "src.pipeline.job_queue_v2",
    "message": "Job added to queue: d622d792-3768-4d25-82f5-9bb7314d2f17",
    "created": 1765239975.1873612
  },
  {
    "level": "INFO",
    "name": "src.pipeline.job_queue_v2",
    "message": "Job added to queue: 47813fb1-2bc1-4c4f-b098-5cdf400dab89",
    "created": 1765239975.190359
  },
  {
    "level": "INFO",
    "name": "src.pipeline.job_queue_v2",
    "message": "Job moved down: d622d792-3768-4d25-82f5-9bb7314d2f17",
    "created": 1765239975.193359
  },
  {
    "level": "INFO",
    "name": "src.pipeline.job_queue_v2",
    "message": "Job added to queue: 9dc78c9c-77da-4890-bd92-c3fd4f77b607",
    "created": 1765239975.196359
  },
  {
    "level": "INFO",
    "name": "src.pipeline.job_queue_v2",
    "message": "Job added to queue: a0112dfb-385d-4500-a811-b1b89c122a8d",
    "created": 1765239975.2006614
  },
  {
    "level": "INFO",
    "name": "src.pipeline.job_queue_v2",
    "message": "Job added to queue: 49618a40-8043-4f61-9236-f4de9278ce8a",
    "created": 1765239975.2036622
  },
  {
    "level": "INFO",
    "name": "src.pipeline.job_queue_v2",
    "message": "Job added to queue: 803f5d2a-7684-45b9-9e39-00d95e5b1577",
    "created": 1765239975.2069921
  },
  {
    "level": "INFO",
    "name": "src.pipeline.job_queue_v2",
    "message": "Queue cleared: 3 jobs removed",
    "created": 1765239975.2090409
  },
  {
    "level": "INFO",
    "name": "src.pipeline.job_queue_v2",
    "message": "Job added to queue: 8cb87df8-c904-42a7-8e66-d7b81bfc83e2",
    "created": 1765239975.2127151
  },
  {
    "level": "INFO",
    "name": "src.pipeline.job_queue_v2",
    "message": "Job added to queue: f90ac900-521c-4bee-8fe5-b73dcd9bd621",
    "created": 1765239975.2157655
  },
  {
    "level": "INFO",
    "name": "src.pipeline.job_queue_v2",
    "message": "Job added to queue: ed99913c-91fc-4371-b09b-a1ccddc422cc",
    "created": 1765239975.21879
  },
  {
    "level": "INFO",
    "name": "src.pipeline.job_queue_v2",
    "message": "Started job: ed99913c-91fc-4371-b09b-a1ccddc422cc",
    "created": 1765239975.221886
  },
  {
    "level": "INFO",
    "name": "src.pipeline.job_queue_v2",
    "message": "Job added to queue: b2dd0bd5-0378-4b47-8806-a3d5a3249727",
    "created": 1765239975.2259126
  },
  {
    "level": "INFO",
    "name": "src.pipeline.job_queue_v2",
    "message": "Queue paused",
    "created": 1765239975.2280283
  },
  {
    "level": "INFO",
    "name": "src.pipeline.job_queue_v2",
    "message": "Job added to queue: d2a00906-6447-4dbc-9092-34f9c4da6bfa",
    "created": 1765239975.231657
  },
  {
    "level": "INFO",
    "name": "src.pipeline.job_queue_v2",
    "message": "Started job: d2a00906-6447-4dbc-9092-34f9c4da6bfa",
    "created": 1765239975.234619
  },
  {
    "level": "INFO",
    "name": "src.pipeline.job_queue_v2",
    "message": "Job completed: d2a00906-6447-4dbc-9092-34f9c4da6bfa",
    "created": 1765239975.2380574
  },
  {
    "level": "INFO",
    "name": "src.pipeline.job_queue_v2",
    "message": "Job added to queue: e6bfac11-e5f9-4694-b625-c9dd0003c9b9",
    "created": 1765239975.2410576
  },
  {
    "level": "INFO",
    "name": "src.pipeline.job_queue_v2",
    "message": "Started job: e6bfac11-e5f9-4694-b625-c9dd0003c9b9",
    "created": 1765239975.2440572
  },
  {
    "level": "WARNING",
    "name": "src.pipeline.job_queue_v2",
    "message": "Job failed: e6bfac11-e5f9-4694-b625-c9dd0003c9b9 - Test error",
    "created": 1765239975.247057
  },
  {
    "level": "INFO",
    "name": "src.pipeline.job_queue_v2",
    "message": "Job added to queue: fc0d1821-2d0c-45e2-a6de-ec1956a12daa",
    "created": 1765239975.2500596
  },
  {
    "level": "INFO",
    "name": "src.pipeline.job_queue_v2",
    "message": "Started job: fc0d1821-2d0c-45e2-a6de-ec1956a12daa",
    "created": 1765239975.2530565
  },
  {
    "level": "INFO",
    "name": "src.pipeline.job_queue_v2",
    "message": "Job cancelled: fc0d1821-2d0c-45e2-a6de-ec1956a12daa",
    "created": 1765239975.2560585
  },
  {
    "level": "INFO",
    "name": "src.pipeline.job_queue_v2",
    "message": "Job added to queue: 2f57b1a8-f46a-49c8-a7b5-840a98ebb972",
    "created": 1765239975.260059
  },
  {
    "level": "INFO",
    "name": "src.pipeline.job_queue_v2",
    "message": "Started job: 2f57b1a8-f46a-49c8-a7b5-840a98ebb972",
    "created": 1765239975.263323
  },
  {
    "level": "INFO",
    "name": "src.pipeline.job_queue_v2",
    "message": "Job cancelled and returned to queue: 2f57b1a8-f46a-49c8-a7b5-840a98ebb972",
    "created": 1765239975.2656791
  },
  {
    "level": "INFO",
    "name": "src.pipeline.job_queue_v2",
    "message": "Job added to queue: 6b3e6ba0-39eb-4a77-93b5-1a6038b4bdd1",
    "created": 1765239975.2697258
  },
  {
    "level": "INFO",
    "name": "src.pipeline.job_queue_v2",
    "message": "Started job: 6b3e6ba0-39eb-4a77-93b5-1a6038b4bdd1",
    "created": 1765239975.2727242
  },
  {
    "level": "INFO",
    "name": "src.pipeline.job_queue_v2",
    "message": "Queue paused",
    "created": 1765239975.275724
  },
  {
    "level": "INFO",
    "name": "src.pipeline.job_queue_v2",
    "message": "Queue resumed",
    "created": 1765239975.2787242
  },
  {
    "level": "INFO",
    "name": "src.pipeline.job_queue_v2",
    "message": "Job added to queue: e9f26715-00d3-4168-a0cb-2badb14a265a",
    "created": 1765239975.284264
  },
  {
    "level": "INFO",
    "name": "src.pipeline.job_queue_v2",
    "message": "Job added to queue: e24c8a31-7958-478f-991b-3ac55a42517c",
    "created": 1765239975.287264
  },
  {
    "level": "INFO",
    "name": "src.pipeline.job_queue_v2",
    "message": "Job added to queue: 4da2e185-2a2e-4377-8fe5-ebb862514d7c",
    "created": 1765239975.291265
  },
  {
    "level": "INFO",
    "name": "src.pipeline.job_queue_v2",
    "message": "Started job: 4da2e185-2a2e-4377-8fe5-ebb862514d7c",
    "created": 1765239975.2946782
  },
  {
    "level": "INFO",
    "name": "src.pipeline.job_queue_v2",
    "message": "Queue paused",
    "created": 1765239975.2986777
  },
  {
    "level": "INFO",
    "name": "src.pipeline.job_queue_v2",
    "message": "Job added to queue: ddf98321-d5e9-4732-bb9e-93e195283337",
    "created": 1765239975.301677
  },
  {
    "level": "INFO",
    "name": "src.pipeline.job_queue_v2",
    "message": "Job added to queue: 9027d8a6-cd94-4b54-b9dc-8aad1b80b4de",
    "created": 1765239975.3046768
  },
  {
    "level": "INFO",
    "name": "src.pipeline.job_queue_v2",
    "message": "Job added to queue: 81cd85fa-9fe9-41d0-8629-06e8de7ce486",
    "created": 1765239975.307676
  },
  {
    "level": "INFO",
    "name": "src.pipeline.job_queue_v2",
    "message": "Queue restored: 3 jobs, auto_run=False",
    "created": 1765239975.310469
  },
  {
    "level": "INFO",
    "name": "src.pipeline.job_queue_v2",
    "message": "Job added to queue: 65619d00-f9a9-4d49-8839-0afd85b5296a",
    "created": 1765239975.3135161
  },
  {
    "level": "INFO",
    "name": "src.pipeline.job_queue_v2",
    "message": "Started job: 65619d00-f9a9-4d49-8839-0afd85b5296a",
    "created": 1765239975.317037
  },
  {
    "level": "INFO",
    "name": "src.pipeline.job_queue_v2",
    "message": "Queue restored: 1 jobs, auto_run=False",
    "created": 1765239975.3200366
  },
  {
    "level": "INFO",
    "name": "src.pipeline.job_queue_v2",
    "message": "Queue paused",
    "created": 1765239975.3234115
  },
  {
    "level": "INFO",
    "name": "src.pipeline.job_queue_v2",
    "message": "Queue restored: 0 jobs, auto_run=True",
    "created": 1765239975.3264623
  },
  {
    "level": "INFO",
    "name": "src.pipeline.job_queue_v2",
    "message": "Job added to queue: f616dbac-c2ca-4bdf-a895-780ec58b89dd",
    "created": 1765239975.3300738
  },
  {
    "level": "INFO",
    "name": "src.pipeline.job_queue_v2",
    "message": "Job added to queue: 2cfeb42a-c800-4ebe-b283-41f510541e5f",
    "created": 1765239975.3339872
  },
  {
    "level": "INFO",
    "name": "src.pipeline.job_queue_v2",
    "message": "Job removed from queue: 2cfeb42a-c800-4ebe-b283-41f510541e5f",
    "created": 1765239975.3361177
  },
  {
    "level": "INFO",
    "name": "src.pipeline.job_queue_v2",
    "message": "Job added to queue: 145c9b60-383b-48bf-88d2-56ef30bad917",
    "created": 1765239975.3401182
  },
  {
    "level": "INFO",
    "name": "src.pipeline.job_queue_v2",
    "message": "Job added to queue: a8300bc3-e4b4-489a-9864-6620d8f0e014",
    "created": 1765239975.343218
  },
  {
    "level": "INFO",
    "name": "src.pipeline.job_queue_v2",
    "message": "Job moved down: 145c9b60-383b-48bf-88d2-56ef30bad917",
    "created": 1765239975.345219
  },
  {
    "level": "INFO",
    "name": "src.pipeline.job_queue_v2",
    "message": "Job added to queue: b173ae57-1bad-470a-aa7f-b8594bcc3f9a",
    "created": 1765239975.34922
  },
  {
    "level": "INFO",
    "name": "src.pipeline.job_queue_v2",
    "message": "Job added to queue: a030671e-582b-4433-86d5-1f7963598d67",
    "created": 1765239975.3522203
  },
  {
    "level": "INFO",
    "name": "tests.gui_v2.test_log_display_v2",
    "message": "info entry | {\"job_id\": \"job-1\", \"subsystem\": \"api\"}",
    "created": 1765239975.3562193,
    "payload": {
      "message": "info entry",
      "job_id": "job-1",
      "subsystem": "api"
    }
  },
  {
    "level": "ERROR",
    "name": "tests.gui_v2.test_log_display_v2",
    "message": "error entry | {\"job_id\": \"job-2\", \"subsystem\": \"job_service\"}",
    "created": 1765239975.3592196,
    "payload": {
      "message": "error entry",
      "job_id": "job-2",
      "subsystem": "job_service"
    }
  },
  {
    "level": "ERROR",
    "name": "test_log_trace_panel_v2",
    "message": "Test error",
    "created": 1765239975.4320083
  },
  {
    "level": "ERROR",
    "name": "test_log_trace_panel_v2",
    "message": "Structured error | {\"error_envelope\": {\"error_type\": \"PipelineError\", \"severity\": \"ERROR\", \"stage\": \"TXT2IMG\", \"subsystem\": \"pipeline\"}, \"subsystem\": \"pipeline\"}",
    "created": 1765239975.4698853,
    "payload": {
      "message": "Structured error",
      "subsystem": "pipeline",
      "error_envelope": {
        "error_type": "PipelineError",
        "subsystem": "pipeline",
        "stage": "TXT2IMG",
        "severity": "ERROR"
      }
    }
  },
  {
    "level": "INFO",
    "name": "src.services.queue_store_v2",
    "message": "Loaded queue state: 0 jobs, auto_run=False, paused=False",
    "created": 1765239975.544884
  },
  {
    "level": "INFO",
    "name": "src.controller.app_controller",
    "message": "Restored queue state: auto_run=False, paused=False, 0 jobs (jobs not restored in V1 queue)",
    "created": 1765239975.5478837
  },
  {
    "level": "INFO",
    "name": "src.utils.config",
    "message": "Found 15 presets",
    "created": 1765239975.5620964
  },
  {
    "level": "INFO",
    "name": "src.utils.file_io",
    "message": "Found 12 prompt packs in packs",
    "created": 1765239975.5711062
  },
  {
    "level": "INFO",
    "name": "src.utils.file_io",
    "message": "Read 10 prompts from SDXL_angelic_warriors_Fantasy.txt",
    "created": 1765239975.5741284
  },
  {
    "level": "INFO",
    "name": "src.utils.file_io",
    "message": "Read 10 prompts from SDXL_angelic_warriors_Realistic.txt",
    "created": 1765239975.57713
  },
  {
    "level": "INFO",
    "name": "src.utils.file_io",
    "message": "Read 10 prompts from SDXL_beautiful_women_Fantasy.txt",
    "created": 1765239975.580128
  },
  {
    "level": "INFO",
    "name": "src.utils.file_io",
    "message": "Read 10 prompts from SDXL_beautiful_women_Realistic.txt",
    "created": 1765239975.5831282
  },
  {
    "level": "INFO",
    "name": "src.utils.file_io",
    "message": "Read 10 prompts from SDXL_epic_structures_Fantasy.txt",
    "created": 1765239975.5861278
  },
  {
    "level": "INFO",
    "name": "src.utils.file_io",
    "message": "Read 10 prompts from SDXL_epic_structures_Realistic.txt",
    "created": 1765239975.5891283
  },
  {
    "level": "INFO",
    "name": "src.utils.file_io",
    "message": "Read 10 prompts from SDXL_female_fantasy_heroes_Fantasy.txt",
    "created": 1765239975.5921285
  },
  {
    "level": "INFO",
    "name": "src.utils.file_io",
    "message": "Read 10 prompts from SDXL_female_fantasy_heroes_Realistic.txt",
    "created": 1765239975.5951278
  },
  {
    "level": "INFO",
    "name": "src.utils.file_io",
    "message": "Read 10 prompts from SDXL_male_fantasy_heroes_Fantasy.txt",
    "created": 1765239975.5981283
  },
  {
    "level": "INFO",
    "name": "src.utils.file_io",
    "message": "Read 10 prompts from SDXL_male_fantasy_heroes_Realistic.txt",
    "created": 1765239975.6011283
  },
  {
    "level": "INFO",
    "name": "src.utils.file_io",
    "message": "Read 10 prompts from SDXL_mythical_beasts_Fantasy.txt",
    "created": 1765239975.6031277
  },
  {
    "level": "INFO",
    "name": "src.utils.file_io",
    "message": "Read 10 prompts from SDXL_mythical_beasts_Realistic.txt",
    "created": 1765239975.6071284
  },
  {
    "level": "INFO",
    "name": "src.api.client",
    "message": "Retrieved 22 models",
    "created": 1765239975.7327316
  },
  {
    "level": "INFO",
    "name": "src.api.client",
    "message": "Retrieved 14 upscalers",
    "created": 1765239975.7514713
  },
  {
    "level": "INFO",
    "name": "src.api.client",
    "message": "Retrieved 10 VAE models",
    "created": 1765239975.759971
  },
  {
    "level": "INFO",
    "name": "src.api.client",
    "message": "Retrieved 14 upscalers",
    "created": 1765239975.7701082
  },
  {
    "level": "INFO",
    "name": "src.api.client",
    "message": "Retrieved 22 models",
    "created": 1765239975.7771456
  },
  {
    "level": "INFO",
    "name": "root",
    "message": "Last-run config file not found: state\\last_run_v2_5.json",
    "created": 1765239975.7967763
  },
  {
    "level": "INFO",
    "name": "src.controller.app_controller",
    "message": "[controller] shutdown_app called (destroy)",
    "created": 1765239975.8728204
  },
  {
    "level": "INFO",
    "name": "src.utils.config",
    "message": "Found 15 presets",
    "created": 1765239975.9068127
  },
  {
    "level": "INFO",
    "name": "src.utils.file_io",
    "message": "Found 12 prompt packs in packs",
    "created": 1765239975.9160697
  },
  {
    "level": "INFO",
    "name": "src.utils.file_io",
    "message": "Read 10 prompts from SDXL_angelic_warriors_Fantasy.txt",
    "created": 1765239975.9190707
  },
  {
    "level": "INFO",
    "name": "src.utils.file_io",
    "message": "Read 10 prompts from SDXL_angelic_warriors_Realistic.txt",
    "created": 1765239975.9230707
  },
  {
    "level": "INFO",
    "name": "src.utils.file_io",
    "message": "Read 10 prompts from SDXL_beautiful_women_Fantasy.txt",
    "created": 1765239975.92607
  },
  {
    "level": "INFO",
    "name": "src.utils.file_io",
    "message": "Read 10 prompts from SDXL_beautiful_women_Realistic.txt",
    "created": 1765239975.9290707
  },
  {
    "level": "INFO",
    "name": "src.utils.file_io",
    "message": "Read 10 prompts from SDXL_epic_structures_Fantasy.txt",
    "created": 1765239975.9320703
  },
  {
    "level": "INFO",
    "name": "src.utils.file_io",
    "message": "Read 10 prompts from SDXL_epic_structures_Realistic.txt",
    "created": 1765239975.9350703
  },
  {
    "level": "INFO",
    "name": "src.utils.file_io",
    "message": "Read 10 prompts from SDXL_female_fantasy_heroes_Fantasy.txt",
    "created": 1765239975.9370713
  },
  {
    "level": "INFO",
    "name": "src.utils.file_io",
    "message": "Read 10 prompts from SDXL_female_fantasy_heroes_Realistic.txt",
    "created": 1765239975.94007
  },
  {
    "level": "INFO",
    "name": "src.utils.file_io",
    "message": "Read 10 prompts from SDXL_male_fantasy_heroes_Fantasy.txt",
    "created": 1765239975.943079
  },
  {
    "level": "INFO",
    "name": "src.utils.file_io",
    "message": "Read 10 prompts from SDXL_male_fantasy_heroes_Realistic.txt",
    "created": 1765239975.9460783
  },
  {
    "level": "INFO",
    "name": "src.utils.file_io",
    "message": "Read 10 prompts from SDXL_mythical_beasts_Fantasy.txt",
    "created": 1765239975.94907
  },
  {
    "level": "INFO",
    "name": "src.utils.file_io",
    "message": "Read 10 prompts from SDXL_mythical_beasts_Realistic.txt",
    "created": 1765239975.95207
  },
  {
    "level": "INFO",
    "name": "src.utils.config",
    "message": "Found 15 presets",
    "created": 1765239976.352305
  },
  {
    "level": "INFO",
    "name": "src.utils.file_io",
    "message": "Found 12 prompt packs in packs",
    "created": 1765239976.3619792
  },
  {
    "level": "INFO",
    "name": "src.utils.file_io",
    "message": "Read 10 prompts from SDXL_angelic_warriors_Fantasy.txt",
    "created": 1765239976.3649783
  },
  {
    "level": "INFO",
    "name": "src.utils.file_io",
    "message": "Read 10 prompts from SDXL_angelic_warriors_Realistic.txt",
    "created": 1765239976.367978
  },
  {
    "level": "INFO",
    "name": "src.utils.file_io",
    "message": "Read 10 prompts from SDXL_beautiful_women_Fantasy.txt",
    "created": 1765239976.3699782
  },
  {
    "level": "INFO",
    "name": "root",
    "message": "WebUI stdout: Press any key to continue . . .",
    "created": 1765239978.8976266
  },
  {
    "level": "INFO",
    "name": "src.utils.file_io",
    "message": "Read 10 prompts from SDXL_beautiful_women_Realistic.txt",
    "created": 1765239981.481374
  },
  {
    "level": "INFO",
    "name": "src.utils.file_io",
    "message": "Read 10 prompts from SDXL_epic_structures_Fantasy.txt",
    "created": 1765239981.4863732
  },
  {
    "level": "INFO",
    "name": "src.utils.file_io",
    "message": "Read 10 prompts from SDXL_epic_structures_Realistic.txt",
    "created": 1765239981.4883728
  },
  {
    "level": "INFO",
    "name": "src.utils.file_io",
    "message": "Read 10 prompts from SDXL_female_fantasy_heroes_Fantasy.txt",
    "created": 1765239981.4913726
  },
  {
    "level": "INFO",
    "name": "src.utils.file_io",
    "message": "Read 10 prompts from SDXL_female_fantasy_heroes_Realistic.txt",
    "created": 1765239981.4943721
  },
  {
    "level": "INFO",
    "name": "src.utils.file_io",
    "message": "Read 10 prompts from SDXL_male_fantasy_heroes_Fantasy.txt",
    "created": 1765239981.4973729
  },
  {
    "level": "INFO",
    "name": "src.utils.file_io",
    "message": "Read 10 prompts from SDXL_male_fantasy_heroes_Realistic.txt",
    "created": 1765239981.5003734
  },
  {
    "level": "INFO",
    "name": "src.utils.file_io",
    "message": "Read 10 prompts from SDXL_mythical_beasts_Fantasy.txt",
    "created": 1765239981.5043733
  },
  {
    "level": "INFO",
    "name": "src.utils.file_io",
    "message": "Read 10 prompts from SDXL_mythical_beasts_Realistic.txt",
    "created": 1765239981.5083728
  },
  {
    "level": "INFO",
    "name": "src.utils.diagnostics_bundle_v2",
    "message": "Crash bundle saved to reports\\diagnostics\\stablenew_diagnostics_20251209_002727_uncaught_exception.zip",
    "created": 1765240047.5180411
  }
]