[
  {
    "level": "INFO",
    "name": "root",
    "message": "WebUI stderr: raw_response = await run_endpoint_function(",
    "created": 1765164775.9792078
  },
  {
    "level": "INFO",
    "name": "root",
    "message": "WebUI stdout: Total progress:   0%|          | 0/30 [00:00<?, ?it/s]\u001b[A",
    "created": 1765164776.01432
  },
  {
    "level": "INFO",
    "name": "src.services.queue_store_v2",
    "message": "Loaded queue state: 0 jobs, auto_run=False, paused=False",
    "created": 1765164776.017321
  },
  {
    "level": "INFO",
    "name": "root",
    "message": "WebUI stderr: File \"<USER_HOME>\\stable-diffusion-webui\\venv\\lib\\site-packages\\fastapi\\routing.py\", line 165, in run_endpoint_function",
    "created": 1765164776.0273201
  },
  {
    "level": "INFO",
    "name": "src.controller.app_controller",
    "message": "Restored queue state: auto_run=False, paused=False, 0 jobs (jobs not restored in V1 queue)",
    "created": 1765164776.0303204
  },
  {
    "level": "INFO",
    "name": "root",
    "message": "WebUI stderr: return await run_in_threadpool(dependant.call, **values)",
    "created": 1765164776.037438
  },
  {
    "level": "INFO",
    "name": "root",
    "message": "WebUI stderr: File \"<USER_HOME>\\stable-diffusion-webui\\venv\\lib\\site-packages\\starlette\\concurrency.py\", line 41, in run_in_threadpool",
    "created": 1765164776.04544
  },
  {
    "level": "INFO",
    "name": "root",
    "message": "WebUI stderr: return await anyio.to_thread.run_sync(func, *args)",
    "created": 1765164776.0514393
  },
  {
    "level": "INFO",
    "name": "root",
    "message": "WebUI stderr: File \"<USER_HOME>\\stable-diffusion-webui\\venv\\lib\\site-packages\\anyio\\to_thread.py\", line 33, in run_sync",
    "created": 1765164776.0574386
  },
  {
    "level": "INFO",
    "name": "root",
    "message": "WebUI stderr: return await get_asynclib().run_sync_in_worker_thread(",
    "created": 1765164776.0614393
  },
  {
    "level": "INFO",
    "name": "root",
    "message": "WebUI stderr: File \"<USER_HOME>\\stable-diffusion-webui\\venv\\lib\\site-packages\\anyio\\_backends\\_asyncio.py\", line 877, in run_sync_in_worker_thread",
    "created": 1765164776.0694387
  },
  {
    "level": "INFO",
    "name": "root",
    "message": "WebUI stderr: return await future",
    "created": 1765164776.0764391
  },
  {
    "level": "INFO",
    "name": "root",
    "message": "WebUI stderr: File \"<USER_HOME>\\stable-diffusion-webui\\venv\\lib\\site-packages\\anyio\\_backends\\_asyncio.py\", line 807, in run",
    "created": 1765164776.0826526
  },
  {
    "level": "INFO",
    "name": "src.utils.config",
    "message": "Found 15 presets",
    "created": 1765164776.0836525
  },
  {
    "level": "INFO",
    "name": "root",
    "message": "WebUI stderr: result = context.run(func, *args)",
    "created": 1765164776.0936525
  },
  {
    "level": "INFO",
    "name": "root",
    "message": "WebUI stderr: File \"<USER_HOME>\\stable-diffusion-webui\\modules\\api\\api.py\", line 681, in set_config",
    "created": 1765164776.1016538
  },
  {
    "level": "INFO",
    "name": "src.utils.file_io",
    "message": "Found 12 prompt packs in packs",
    "created": 1765164776.106653
  },
  {
    "level": "INFO",
    "name": "root",
    "message": "WebUI stderr: raise RuntimeError(f\"model {checkpoint_name!r} not found\")",
    "created": 1765164776.110654
  },
  {
    "level": "INFO",
    "name": "src.utils.file_io",
    "message": "Read 10 prompts from SDXL_angelic_warriors_Fantasy.txt",
    "created": 1765164776.1188774
  },
  {
    "level": "INFO",
    "name": "root",
    "message": "WebUI stderr: RuntimeError: model 'StableNew-XL' not found",
    "created": 1765164776.123878
  },
  {
    "level": "INFO",
    "name": "src.utils.file_io",
    "message": "Read 10 prompts from SDXL_angelic_warriors_Realistic.txt",
    "created": 1765164776.1318772
  },
  {
    "level": "INFO",
    "name": "root",
    "message": "WebUI stderr: ",
    "created": 1765164776.1378775
  },
  {
    "level": "INFO",
    "name": "src.utils.file_io",
    "message": "Read 10 prompts from SDXL_beautiful_women_Fantasy.txt",
    "created": 1765164776.1448765
  },
  {
    "level": "INFO",
    "name": "root",
    "message": "WebUI stderr: ---",
    "created": 1765164776.1498766
  },
  {
    "level": "INFO",
    "name": "src.utils.file_io",
    "message": "Read 10 prompts from SDXL_beautiful_women_Realistic.txt",
    "created": 1765164776.1588767
  },
  {
    "level": "INFO",
    "name": "src.utils.file_io",
    "message": "Read 10 prompts from SDXL_epic_structures_Fantasy.txt",
    "created": 1765164776.1668777
  },
  {
    "level": "INFO",
    "name": "src.utils.file_io",
    "message": "Read 10 prompts from SDXL_epic_structures_Realistic.txt",
    "created": 1765164776.175877
  },
  {
    "level": "INFO",
    "name": "src.utils.file_io",
    "message": "Read 10 prompts from SDXL_female_fantasy_heroes_Fantasy.txt",
    "created": 1765164776.1858776
  },
  {
    "level": "INFO",
    "name": "src.utils.file_io",
    "message": "Read 10 prompts from SDXL_female_fantasy_heroes_Realistic.txt",
    "created": 1765164776.1968772
  },
  {
    "level": "INFO",
    "name": "src.utils.file_io",
    "message": "Read 10 prompts from SDXL_male_fantasy_heroes_Fantasy.txt",
    "created": 1765164776.2078764
  },
  {
    "level": "INFO",
    "name": "src.utils.file_io",
    "message": "Read 10 prompts from SDXL_male_fantasy_heroes_Realistic.txt",
    "created": 1765164776.2188768
  },
  {
    "level": "INFO",
    "name": "src.utils.file_io",
    "message": "Read 10 prompts from SDXL_mythical_beasts_Fantasy.txt",
    "created": 1765164776.226877
  },
  {
    "level": "INFO",
    "name": "src.utils.file_io",
    "message": "Read 10 prompts from SDXL_mythical_beasts_Realistic.txt",
    "created": 1765164776.2328784
  },
  {
    "level": "INFO",
    "name": "src.utils.file_io",
    "message": "Found 12 prompt packs in packs",
    "created": 1765164776.4544704
  },
  {
    "level": "INFO",
    "name": "root",
    "message": "WebUI stdout: Total progress:   7%|6         | 2/30 [00:00<00:03,  7.06it/s]\u001b[A",
    "created": 1765164776.4601345
  },
  {
    "level": "INFO",
    "name": "src.controller.app_controller",
    "message": "[controller] shutdown_app called (destroy)",
    "created": 1765164776.498372
  },
  {
    "level": "INFO",
    "name": "src.gui.state",
    "message": "Cancellation requested",
    "created": 1765164776.5043721
  },
  {
    "level": "INFO",
    "name": "src.pipeline.job_queue_v2",
    "message": "Job added to queue: cf13ad11-fc3a-4de7-b320-18aa3781bec2",
    "created": 1765164776.6267395
  },
  {
    "level": "INFO",
    "name": "src.pipeline.job_queue_v2",
    "message": "Job added to queue: ad17aee0-23db-487e-9780-037106dc9e2a",
    "created": 1765164776.6367412
  },
  {
    "level": "INFO",
    "name": "src.pipeline.job_queue_v2",
    "message": "Job added to queue: 821ae511-2cf1-4fe9-8c3d-298b5a0d3aa9",
    "created": 1765164776.643741
  },
  {
    "level": "INFO",
    "name": "src.pipeline.job_queue_v2",
    "message": "Job added to queue: b7bfe471-c697-46dc-b572-c61c7eeed74c",
    "created": 1765164776.6487396
  },
  {
    "level": "INFO",
    "name": "src.pipeline.job_queue_v2",
    "message": "Job added to queue: 79072858-0d73-42d9-ba97-94265dc205c9",
    "created": 1765164776.6527398
  },
  {
    "level": "INFO",
    "name": "src.pipeline.job_queue_v2",
    "message": "Job added to queue: 08e13182-0850-4fb0-88f7-97dcb88f0593",
    "created": 1765164776.6587405
  },
  {
    "level": "INFO",
    "name": "src.pipeline.job_queue_v2",
    "message": "Job removed from queue: 08e13182-0850-4fb0-88f7-97dcb88f0593",
    "created": 1765164776.6647396
  },
  {
    "level": "INFO",
    "name": "src.pipeline.job_queue_v2",
    "message": "Job added to queue: 4afc449f-2800-45b5-a2e7-d077813da9e2",
    "created": 1765164776.6737404
  },
  {
    "level": "INFO",
    "name": "src.pipeline.job_queue_v2",
    "message": "Job added to queue: 34481c9b-d3c5-417c-8490-99149f5a6538",
    "created": 1765164776.6817408
  },
  {
    "level": "INFO",
    "name": "src.pipeline.job_queue_v2",
    "message": "Job added to queue: d79adfe5-828d-4a4a-9830-153f2c5aec65",
    "created": 1765164776.6877418
  },
  {
    "level": "INFO",
    "name": "src.pipeline.job_queue_v2",
    "message": "Job moved up: d79adfe5-828d-4a4a-9830-153f2c5aec65",
    "created": 1765164776.6957414
  },
  {
    "level": "INFO",
    "name": "src.pipeline.job_queue_v2",
    "message": "Job added to queue: b0a3630d-5140-4a0c-8bdb-df0c20ac47cd",
    "created": 1765164776.7077408
  },
  {
    "level": "INFO",
    "name": "src.pipeline.job_queue_v2",
    "message": "Job added to queue: c070e677-7a95-4aa5-b301-c04c6bbd16e9",
    "created": 1765164776.7187395
  },
  {
    "level": "INFO",
    "name": "src.pipeline.job_queue_v2",
    "message": "Job added to queue: 222ddd7b-46fe-4670-88a8-9a79e0a3d75e",
    "created": 1765164776.7277408
  },
  {
    "level": "INFO",
    "name": "src.pipeline.job_queue_v2",
    "message": "Job moved down: c070e677-7a95-4aa5-b301-c04c6bbd16e9",
    "created": 1765164776.7357411
  },
  {
    "level": "INFO",
    "name": "src.pipeline.job_queue_v2",
    "message": "Job added to queue: d22bf219-4219-4f2a-b3c1-865b2391f263",
    "created": 1765164776.7467406
  },
  {
    "level": "INFO",
    "name": "src.pipeline.job_queue_v2",
    "message": "Job added to queue: 4fbef3d5-85cb-460e-8f92-c618fead67cd",
    "created": 1765164776.75474
  },
  {
    "level": "INFO",
    "name": "src.pipeline.job_queue_v2",
    "message": "Job added to queue: 2f797aa5-5898-41b9-a370-572dfe1acc40",
    "created": 1765164776.7617419
  },
  {
    "level": "INFO",
    "name": "src.pipeline.job_queue_v2",
    "message": "Job added to queue: 5aaa4300-d244-4519-be62-a15f6785c5c5",
    "created": 1765164776.7698207
  },
  {
    "level": "INFO",
    "name": "src.pipeline.job_queue_v2",
    "message": "Queue cleared: 3 jobs removed",
    "created": 1765164776.7798214
  },
  {
    "level": "INFO",
    "name": "src.pipeline.job_queue_v2",
    "message": "Job added to queue: a97ac0d1-d70a-4b91-b0bc-8ff6b72442f8",
    "created": 1765164776.7898207
  },
  {
    "level": "INFO",
    "name": "src.pipeline.job_queue_v2",
    "message": "Job added to queue: 3cbd7dcb-374f-4442-bd74-c2d430bb9035",
    "created": 1765164776.796823
  },
  {
    "level": "INFO",
    "name": "src.pipeline.job_queue_v2",
    "message": "Job added to queue: 0f806b5b-494f-41f8-a4e7-6eb96bbfe6ef",
    "created": 1765164776.8078206
  },
  {
    "level": "INFO",
    "name": "src.pipeline.job_queue_v2",
    "message": "Started job: 0f806b5b-494f-41f8-a4e7-6eb96bbfe6ef",
    "created": 1765164776.818083
  },
  {
    "level": "INFO",
    "name": "src.pipeline.job_queue_v2",
    "message": "Job added to queue: e74d612e-05f5-47e5-b4c0-92ef2e0b3d30",
    "created": 1765164776.8280838
  },
  {
    "level": "INFO",
    "name": "src.pipeline.job_queue_v2",
    "message": "Queue paused",
    "created": 1765164776.8370821
  },
  {
    "level": "INFO",
    "name": "src.pipeline.job_queue_v2",
    "message": "Job added to queue: 1597e914-a069-466b-bbb3-d4885cfbcdbe",
    "created": 1765164776.8490818
  },
  {
    "level": "INFO",
    "name": "src.pipeline.job_queue_v2",
    "message": "Started job: 1597e914-a069-466b-bbb3-d4885cfbcdbe",
    "created": 1765164776.8570867
  },
  {
    "level": "INFO",
    "name": "src.pipeline.job_queue_v2",
    "message": "Job completed: 1597e914-a069-466b-bbb3-d4885cfbcdbe",
    "created": 1765164776.8650866
  },
  {
    "level": "INFO",
    "name": "src.pipeline.job_queue_v2",
    "message": "Job added to queue: 0101d071-ff4b-4bf4-a04d-495c4cb12093",
    "created": 1765164776.8738098
  },
  {
    "level": "INFO",
    "name": "src.pipeline.job_queue_v2",
    "message": "Started job: 0101d071-ff4b-4bf4-a04d-495c4cb12093",
    "created": 1765164776.8829148
  },
  {
    "level": "WARNING",
    "name": "src.pipeline.job_queue_v2",
    "message": "Job failed: 0101d071-ff4b-4bf4-a04d-495c4cb12093 - Test error",
    "created": 1765164776.8919141
  },
  {
    "level": "INFO",
    "name": "src.pipeline.job_queue_v2",
    "message": "Job added to queue: 3bdb880f-d643-48f0-9475-358984284ecf",
    "created": 1765164776.9009137
  },
  {
    "level": "INFO",
    "name": "src.pipeline.job_queue_v2",
    "message": "Started job: 3bdb880f-d643-48f0-9475-358984284ecf",
    "created": 1765164776.910915
  },
  {
    "level": "INFO",
    "name": "src.pipeline.job_queue_v2",
    "message": "Job cancelled: 3bdb880f-d643-48f0-9475-358984284ecf",
    "created": 1765164776.9199142
  },
  {
    "level": "INFO",
    "name": "root",
    "message": "WebUI stdout: Total progress:  10%|#         | 3/30 [00:00<00:07,  3.67it/s]\u001b[A",
    "created": 1765164776.9269133
  },
  {
    "level": "INFO",
    "name": "src.pipeline.job_queue_v2",
    "message": "Job added to queue: 918573b6-06c3-4d62-b8ed-858828a3a8c2",
    "created": 1765164776.9339142
  },
  {
    "level": "INFO",
    "name": "src.pipeline.job_queue_v2",
    "message": "Started job: 918573b6-06c3-4d62-b8ed-858828a3a8c2",
    "created": 1765164776.9453948
  },
  {
    "level": "INFO",
    "name": "src.pipeline.job_queue_v2",
    "message": "Job cancelled and returned to queue: 918573b6-06c3-4d62-b8ed-858828a3a8c2",
    "created": 1765164776.9533942
  },
  {
    "level": "INFO",
    "name": "src.pipeline.job_queue_v2",
    "message": "Job added to queue: 164b6f2d-c597-4a13-83ae-7a1fb46d9679",
    "created": 1765164776.9623945
  },
  {
    "level": "INFO",
    "name": "src.pipeline.job_queue_v2",
    "message": "Started job: 164b6f2d-c597-4a13-83ae-7a1fb46d9679",
    "created": 1765164776.9693947
  },
  {
    "level": "INFO",
    "name": "src.pipeline.job_queue_v2",
    "message": "Queue paused",
    "created": 1765164776.976395
  },
  {
    "level": "INFO",
    "name": "src.pipeline.job_queue_v2",
    "message": "Queue resumed",
    "created": 1765164776.981396
  },
  {
    "level": "INFO",
    "name": "src.pipeline.job_queue_v2",
    "message": "Job added to queue: 51d82958-b8cf-4297-bca6-6eabe42d182d",
    "created": 1765164776.9883943
  },
  {
    "level": "INFO",
    "name": "src.pipeline.job_queue_v2",
    "message": "Job added to queue: c7631de4-9c79-4907-b95e-4101d3fa5b1d",
    "created": 1765164776.9923947
  },
  {
    "level": "INFO",
    "name": "src.pipeline.job_queue_v2",
    "message": "Job added to queue: e08ead05-57b6-4df4-b4e6-a3c99a675209",
    "created": 1765164776.998396
  },
  {
    "level": "INFO",
    "name": "src.pipeline.job_queue_v2",
    "message": "Started job: e08ead05-57b6-4df4-b4e6-a3c99a675209",
    "created": 1765164777.0023947
  },
  {
    "level": "INFO",
    "name": "src.pipeline.job_queue_v2",
    "message": "Queue paused",
    "created": 1765164777.0093951
  },
  {
    "level": "INFO",
    "name": "src.pipeline.job_queue_v2",
    "message": "Job added to queue: 343bf9bc-df79-4921-9515-63744d3c59e9",
    "created": 1765164777.0173945
  },
  {
    "level": "INFO",
    "name": "src.pipeline.job_queue_v2",
    "message": "Job added to queue: 0995d979-0dd5-4827-996f-a5dae4f4dc19",
    "created": 1765164777.0223954
  },
  {
    "level": "INFO",
    "name": "src.pipeline.job_queue_v2",
    "message": "Job added to queue: c329ed07-da49-4251-b7f8-8205b0d5d8c7",
    "created": 1765164777.0293941
  },
  {
    "level": "INFO",
    "name": "src.pipeline.job_queue_v2",
    "message": "Queue restored: 3 jobs, auto_run=False",
    "created": 1765164777.0353956
  },
  {
    "level": "INFO",
    "name": "src.pipeline.job_queue_v2",
    "message": "Job added to queue: e1182e97-b6e6-4512-92b4-64947f2bbc5e",
    "created": 1765164777.0403972
  },
  {
    "level": "INFO",
    "name": "src.pipeline.job_queue_v2",
    "message": "Started job: e1182e97-b6e6-4512-92b4-64947f2bbc5e",
    "created": 1765164777.0463948
  },
  {
    "level": "INFO",
    "name": "src.pipeline.job_queue_v2",
    "message": "Queue restored: 1 jobs, auto_run=False",
    "created": 1765164777.05447
  },
  {
    "level": "INFO",
    "name": "src.pipeline.job_queue_v2",
    "message": "Queue paused",
    "created": 1765164777.0594707
  },
  {
    "level": "INFO",
    "name": "src.pipeline.job_queue_v2",
    "message": "Queue restored: 0 jobs, auto_run=True",
    "created": 1765164777.06347
  },
  {
    "level": "INFO",
    "name": "src.pipeline.job_queue_v2",
    "message": "Job added to queue: eff68faf-bf18-4bab-b72a-886c95d3af99",
    "created": 1765164777.0684707
  },
  {
    "level": "INFO",
    "name": "src.pipeline.job_queue_v2",
    "message": "Job added to queue: 14269c20-31fc-492a-b3aa-08fb8a65edcb",
    "created": 1765164777.0744712
  },
  {
    "level": "INFO",
    "name": "src.pipeline.job_queue_v2",
    "message": "Job removed from queue: 14269c20-31fc-492a-b3aa-08fb8a65edcb",
    "created": 1765164777.0784705
  },
  {
    "level": "INFO",
    "name": "src.pipeline.job_queue_v2",
    "message": "Job added to queue: d4df6b47-7a93-4d5b-ad98-b262745e7481",
    "created": 1765164777.0834713
  },
  {
    "level": "INFO",
    "name": "src.pipeline.job_queue_v2",
    "message": "Job added to queue: 827fd0fd-b5bc-40ad-b10f-de2557669079",
    "created": 1765164777.0884705
  },
  {
    "level": "INFO",
    "name": "src.pipeline.job_queue_v2",
    "message": "Job moved down: d4df6b47-7a93-4d5b-ad98-b262745e7481",
    "created": 1765164777.0924714
  },
  {
    "level": "INFO",
    "name": "src.pipeline.job_queue_v2",
    "message": "Job added to queue: 5d414935-f477-4eb3-bc1b-b9dd57c126f5",
    "created": 1765164777.0974717
  },
  {
    "level": "INFO",
    "name": "src.pipeline.job_queue_v2",
    "message": "Job added to queue: a14c4e80-04d5-4cba-b1c5-29ccc0170159",
    "created": 1765164777.1024706
  },
  {
    "level": "INFO",
    "name": "tests.gui_v2.test_log_display_v2",
    "message": "info entry | {\"job_id\": \"job-1\", \"subsystem\": \"api\"}",
    "created": 1765164777.1074708,
    "payload": {
      "message": "info entry",
      "job_id": "job-1",
      "subsystem": "api"
    }
  },
  {
    "level": "ERROR",
    "name": "tests.gui_v2.test_log_display_v2",
    "message": "error entry | {\"job_id\": \"job-2\", \"subsystem\": \"job_service\"}",
    "created": 1765164777.1114712,
    "payload": {
      "message": "error entry",
      "job_id": "job-2",
      "subsystem": "job_service"
    }
  },
  {
    "level": "ERROR",
    "name": "test_log_trace_panel_v2",
    "message": "Test error",
    "created": 1765164777.1954699
  },
  {
    "level": "ERROR",
    "name": "test_log_trace_panel_v2",
    "message": "Structured error | {\"error_envelope\": {\"error_type\": \"PipelineError\", \"severity\": \"ERROR\", \"stage\": \"TXT2IMG\", \"subsystem\": \"pipeline\"}, \"subsystem\": \"pipeline\"}",
    "created": 1765164777.2404702,
    "payload": {
      "message": "Structured error",
      "subsystem": "pipeline",
      "error_envelope": {
        "error_type": "PipelineError",
        "subsystem": "pipeline",
        "stage": "TXT2IMG",
        "severity": "ERROR"
      }
    }
  },
  {
    "level": "INFO",
    "name": "src.services.queue_store_v2",
    "message": "Loaded queue state: 0 jobs, auto_run=False, paused=False",
    "created": 1765164777.31959
  },
  {
    "level": "INFO",
    "name": "src.controller.app_controller",
    "message": "Restored queue state: auto_run=False, paused=False, 0 jobs (jobs not restored in V1 queue)",
    "created": 1765164777.3245897
  },
  {
    "level": "INFO",
    "name": "src.utils.config",
    "message": "Found 15 presets",
    "created": 1765164777.3425896
  },
  {
    "level": "INFO",
    "name": "root",
    "message": "WebUI stdout: Total progress:  13%|#3        | 4/30 [00:01<00:08,  2.90it/s]\u001b[A",
    "created": 1765164777.3505902
  },
  {
    "level": "INFO",
    "name": "src.utils.file_io",
    "message": "Found 12 prompt packs in packs",
    "created": 1765164777.3556876
  },
  {
    "level": "INFO",
    "name": "src.utils.file_io",
    "message": "Read 10 prompts from SDXL_angelic_warriors_Fantasy.txt",
    "created": 1765164777.3607578
  },
  {
    "level": "INFO",
    "name": "src.utils.file_io",
    "message": "Read 10 prompts from SDXL_angelic_warriors_Realistic.txt",
    "created": 1765164777.3667574
  },
  {
    "level": "INFO",
    "name": "src.utils.file_io",
    "message": "Read 10 prompts from SDXL_beautiful_women_Fantasy.txt",
    "created": 1765164777.3727558
  },
  {
    "level": "INFO",
    "name": "src.utils.file_io",
    "message": "Read 10 prompts from SDXL_beautiful_women_Realistic.txt",
    "created": 1765164777.3767552
  },
  {
    "level": "INFO",
    "name": "src.utils.file_io",
    "message": "Read 10 prompts from SDXL_epic_structures_Fantasy.txt",
    "created": 1765164777.3807557
  },
  {
    "level": "INFO",
    "name": "src.utils.file_io",
    "message": "Read 10 prompts from SDXL_epic_structures_Realistic.txt",
    "created": 1765164777.384755
  },
  {
    "level": "INFO",
    "name": "src.utils.file_io",
    "message": "Read 10 prompts from SDXL_female_fantasy_heroes_Fantasy.txt",
    "created": 1765164777.3887558
  },
  {
    "level": "INFO",
    "name": "src.utils.file_io",
    "message": "Read 10 prompts from SDXL_female_fantasy_heroes_Realistic.txt",
    "created": 1765164777.3937564
  },
  {
    "level": "INFO",
    "name": "src.utils.file_io",
    "message": "Read 10 prompts from SDXL_male_fantasy_heroes_Fantasy.txt",
    "created": 1765164777.3997557
  },
  {
    "level": "INFO",
    "name": "src.utils.file_io",
    "message": "Read 10 prompts from SDXL_male_fantasy_heroes_Realistic.txt",
    "created": 1765164777.4037561
  },
  {
    "level": "INFO",
    "name": "src.utils.file_io",
    "message": "Read 10 prompts from SDXL_mythical_beasts_Fantasy.txt",
    "created": 1765164777.4077563
  },
  {
    "level": "INFO",
    "name": "src.utils.file_io",
    "message": "Read 10 prompts from SDXL_mythical_beasts_Realistic.txt",
    "created": 1765164777.4117558
  },
  {
    "level": "INFO",
    "name": "src.api.client",
    "message": "Retrieved 22 models",
    "created": 1765164777.5769637
  },
  {
    "level": "INFO",
    "name": "src.api.client",
    "message": "Retrieved 14 upscalers",
    "created": 1765164777.5890691
  },
  {
    "level": "INFO",
    "name": "src.api.client",
    "message": "Retrieved 10 VAE models",
    "created": 1765164777.618069
  },
  {
    "level": "INFO",
    "name": "src.api.client",
    "message": "Retrieved 14 upscalers",
    "created": 1765164777.6641755
  },
  {
    "level": "INFO",
    "name": "src.api.client",
    "message": "Retrieved 22 models",
    "created": 1765164777.6851752
  },
  {
    "level": "INFO",
    "name": "root",
    "message": "Last-run config file not found: state\\last_run_v2_5.json",
    "created": 1765164777.7421758
  },
  {
    "level": "INFO",
    "name": "root",
    "message": "WebUI stdout: Total progress:  17%|#6        | 5/30 [00:01<00:09,  2.68it/s]\u001b[A",
    "created": 1765164777.7731757
  },
  {
    "level": "INFO",
    "name": "src.controller.app_controller",
    "message": "[controller] shutdown_app called (destroy)",
    "created": 1765164777.9004176
  },
  {
    "level": "INFO",
    "name": "src.utils.config",
    "message": "Found 15 presets",
    "created": 1765164777.949416
  },
  {
    "level": "INFO",
    "name": "src.utils.file_io",
    "message": "Found 12 prompt packs in packs",
    "created": 1765164777.9744947
  },
  {
    "level": "INFO",
    "name": "src.utils.file_io",
    "message": "Read 10 prompts from SDXL_angelic_warriors_Fantasy.txt",
    "created": 1765164777.9794953
  },
  {
    "level": "INFO",
    "name": "src.utils.file_io",
    "message": "Read 10 prompts from SDXL_angelic_warriors_Realistic.txt",
    "created": 1765164777.9834943
  },
  {
    "level": "INFO",
    "name": "src.utils.file_io",
    "message": "Read 10 prompts from SDXL_beautiful_women_Fantasy.txt",
    "created": 1765164777.9904954
  },
  {
    "level": "INFO",
    "name": "src.utils.file_io",
    "message": "Read 10 prompts from SDXL_beautiful_women_Realistic.txt",
    "created": 1765164777.9964948
  },
  {
    "level": "INFO",
    "name": "src.utils.file_io",
    "message": "Read 10 prompts from SDXL_epic_structures_Fantasy.txt",
    "created": 1765164778.0004945
  },
  {
    "level": "INFO",
    "name": "src.utils.file_io",
    "message": "Read 10 prompts from SDXL_epic_structures_Realistic.txt",
    "created": 1765164778.005496
  },
  {
    "level": "INFO",
    "name": "src.utils.file_io",
    "message": "Read 10 prompts from SDXL_female_fantasy_heroes_Fantasy.txt",
    "created": 1765164778.0094953
  },
  {
    "level": "INFO",
    "name": "src.utils.file_io",
    "message": "Read 10 prompts from SDXL_female_fantasy_heroes_Realistic.txt",
    "created": 1765164778.0134947
  },
  {
    "level": "INFO",
    "name": "src.utils.file_io",
    "message": "Read 10 prompts from SDXL_male_fantasy_heroes_Fantasy.txt",
    "created": 1765164778.0186071
  },
  {
    "level": "INFO",
    "name": "src.utils.file_io",
    "message": "Read 10 prompts from SDXL_male_fantasy_heroes_Realistic.txt",
    "created": 1765164778.0226076
  },
  {
    "level": "INFO",
    "name": "src.utils.file_io",
    "message": "Read 10 prompts from SDXL_mythical_beasts_Fantasy.txt",
    "created": 1765164778.0266082
  },
  {
    "level": "INFO",
    "name": "src.utils.file_io",
    "message": "Read 10 prompts from SDXL_mythical_beasts_Realistic.txt",
    "created": 1765164778.0316072
  },
  {
    "level": "INFO",
    "name": "root",
    "message": "WebUI stdout: Total progress:  20%|##        | 6/30 [00:02<00:09,  2.57it/s]\u001b[A",
    "created": 1765164778.2063441
  },
  {
    "level": "INFO",
    "name": "root",
    "message": "WebUI stdout: Total progress:  23%|##3       | 7/30 [00:02<00:09,  2.48it/s]\u001b[A",
    "created": 1765164778.6886566
  },
  {
    "level": "INFO",
    "name": "src.utils.config",
    "message": "Found 15 presets",
    "created": 1765164778.6939504
  },
  {
    "level": "INFO",
    "name": "src.utils.file_io",
    "message": "Found 12 prompt packs in packs",
    "created": 1765164778.7189496
  },
  {
    "level": "INFO",
    "name": "src.utils.file_io",
    "message": "Read 10 prompts from SDXL_angelic_warriors_Fantasy.txt",
    "created": 1765164778.7249508
  },
  {
    "level": "INFO",
    "name": "src.utils.file_io",
    "message": "Read 10 prompts from SDXL_angelic_warriors_Realistic.txt",
    "created": 1765164778.7289503
  },
  {
    "level": "INFO",
    "name": "src.utils.file_io",
    "message": "Read 10 prompts from SDXL_beautiful_women_Fantasy.txt",
    "created": 1765164778.7339494
  },
  {
    "level": "INFO",
    "name": "src.utils.file_io",
    "message": "Read 10 prompts from SDXL_beautiful_women_Realistic.txt",
    "created": 1765164778.74195
  },
  {
    "level": "INFO",
    "name": "src.utils.file_io",
    "message": "Read 10 prompts from SDXL_epic_structures_Fantasy.txt",
    "created": 1765164778.7489502
  },
  {
    "level": "INFO",
    "name": "src.utils.file_io",
    "message": "Read 10 prompts from SDXL_epic_structures_Realistic.txt",
    "created": 1765164778.7579496
  },
  {
    "level": "INFO",
    "name": "src.utils.file_io",
    "message": "Read 10 prompts from SDXL_female_fantasy_heroes_Fantasy.txt",
    "created": 1765164778.7649496
  },
  {
    "level": "INFO",
    "name": "src.utils.file_io",
    "message": "Read 10 prompts from SDXL_female_fantasy_heroes_Realistic.txt",
    "created": 1765164778.7759507
  },
  {
    "level": "INFO",
    "name": "src.utils.file_io",
    "message": "Read 10 prompts from SDXL_male_fantasy_heroes_Fantasy.txt",
    "created": 1765164778.7839851
  },
  {
    "level": "INFO",
    "name": "src.utils.file_io",
    "message": "Read 10 prompts from SDXL_male_fantasy_heroes_Realistic.txt",
    "created": 1765164778.7890458
  },
  {
    "level": "INFO",
    "name": "src.utils.file_io",
    "message": "Read 10 prompts from SDXL_mythical_beasts_Fantasy.txt",
    "created": 1765164778.7951066
  },
  {
    "level": "INFO",
    "name": "src.utils.file_io",
    "message": "Read 10 prompts from SDXL_mythical_beasts_Realistic.txt",
    "created": 1765164778.8001823
  },
  {
    "level": "INFO",
    "name": "root",
    "message": "WebUI stdout: Total progress:  27%|##6       | 8/30 [00:02<00:09,  2.38it/s]\u001b[A",
    "created": 1765164779.10661
  },
  {
    "level": "INFO",
    "name": "src.services.queue_store_v2",
    "message": "Loaded queue state: 0 jobs, auto_run=False, paused=False",
    "created": 1765164779.2731178
  },
  {
    "level": "INFO",
    "name": "src.controller.app_controller",
    "message": "Restored queue state: auto_run=False, paused=False, 0 jobs (jobs not restored in V1 queue)",
    "created": 1765164779.2844765
  },
  {
    "level": "INFO",
    "name": "src.utils.config",
    "message": "Found 15 presets",
    "created": 1765164779.3422382
  },
  {
    "level": "INFO",
    "name": "src.utils.file_io",
    "message": "Found 12 prompt packs in packs",
    "created": 1765164779.3713713
  },
  {
    "level": "INFO",
    "name": "src.utils.file_io",
    "message": "Read 10 prompts from SDXL_angelic_warriors_Fantasy.txt",
    "created": 1765164779.3803709
  },
  {
    "level": "INFO",
    "name": "src.utils.file_io",
    "message": "Read 10 prompts from SDXL_angelic_warriors_Realistic.txt",
    "created": 1765164779.3924024
  },
  {
    "level": "INFO",
    "name": "src.utils.file_io",
    "message": "Read 10 prompts from SDXL_beautiful_women_Fantasy.txt",
    "created": 1765164779.4044023
  },
  {
    "level": "INFO",
    "name": "root",
    "message": "WebUI stdout: Total progress:  30%|###       | 9/30 [00:03<00:08,  2.34it/s]\u001b[A",
    "created": 1765164779.5885832
  },
  {
    "level": "INFO",
    "name": "src.utils.file_io",
    "message": "Read 10 prompts from SDXL_beautiful_women_Realistic.txt",
    "created": 1765164780.3609488
  },
  {
    "level": "WARNING",
    "name": "src.api.client",
    "message": "Request POST http://127.0.0.1:7860/sdapi/v1/txt2img attempt 1/3 failed | {\"attempt\": 1, \"error\": \"('Connection aborted.', ConnectionResetError(10054, 'An existing connection was forcibly closed by the remote host', None, 10054, None))\", \"max_attempts\": 3, \"stage\": \"txt2img\", \"subsystem\": \"api\"}",
    "created": 1765164783.2411652,
    "payload": {
      "message": "Request POST http://127.0.0.1:7860/sdapi/v1/txt2img attempt 1/3 failed",
      "stage": "txt2img",
      "subsystem": "api",
      "error": "('Connection aborted.', ConnectionResetError(10054, 'An existing connection was forcibly closed by the remote host', None, 10054, None))",
      "attempt": 1,
      "max_attempts": 3
    }
  },
  {
    "level": "WARNING",
    "name": "src.api.client",
    "message": "Request POST http://127.0.0.1:7860/sdapi/v1/txt2img attempt 1/3 failed | {\"attempt\": 1, \"error\": \"('Connection aborted.', ConnectionResetError(10054, 'An existing connection was forcibly closed by the remote host', None, 10054, None))\", \"max_attempts\": 3, \"stage\": \"txt2img\", \"subsystem\": \"api\"}",
    "created": 1765164783.2581646,
    "payload": {
      "message": "Request POST http://127.0.0.1:7860/sdapi/v1/txt2img attempt 1/3 failed",
      "stage": "txt2img",
      "subsystem": "api",
      "error": "('Connection aborted.', ConnectionResetError(10054, 'An existing connection was forcibly closed by the remote host', None, 10054, None))",
      "attempt": 1,
      "max_attempts": 3
    }
  },
  {
    "level": "WARNING",
    "name": "src.api.client",
    "message": "Request POST http://127.0.0.1:7860/sdapi/v1/txt2img attempt 1/3 failed | {\"attempt\": 1, \"error\": \"('Connection aborted.', ConnectionResetError(10054, 'An existing connection was forcibly closed by the remote host', None, 10054, None))\", \"max_attempts\": 3, \"stage\": \"txt2img\", \"subsystem\": \"api\"}",
    "created": 1765164783.2761645,
    "payload": {
      "message": "Request POST http://127.0.0.1:7860/sdapi/v1/txt2img attempt 1/3 failed",
      "stage": "txt2img",
      "subsystem": "api",
      "error": "('Connection aborted.', ConnectionResetError(10054, 'An existing connection was forcibly closed by the remote host', None, 10054, None))",
      "attempt": 1,
      "max_attempts": 3
    }
  },
  {
    "level": "WARNING",
    "name": "src.api.client",
    "message": "Request POST http://127.0.0.1:7860/sdapi/v1/txt2img attempt 1/3 failed | {\"attempt\": 1, \"error\": \"('Connection aborted.', ConnectionResetError(10054, 'An existing connection was forcibly closed by the remote host', None, 10054, None))\", \"max_attempts\": 3, \"stage\": \"txt2img\", \"subsystem\": \"api\"}",
    "created": 1765164783.2761645,
    "payload": {
      "message": "Request POST http://127.0.0.1:7860/sdapi/v1/txt2img attempt 1/3 failed",
      "stage": "txt2img",
      "subsystem": "api",
      "error": "('Connection aborted.', ConnectionResetError(10054, 'An existing connection was forcibly closed by the remote host', None, 10054, None))",
      "attempt": 1,
      "max_attempts": 3
    }
  },
  {
    "level": "INFO",
    "name": "root",
    "message": "WebUI stderr: 0%|          | 0/30 [00:00<?, ?it/s]\r  3%|3         | 1/30 [00:00<00:19,  1.49it/s]\r  7%|6         | 2/30 [00:00<00:12,  2.26it/s]\r 10%|#         | 3/30 [00:01<00:12,  2.22it/s]\r 13%|#3        | 4/30 [00:01<00:11,  2.19it/s]\r 17%|#6        | 5/30 [00:02<00:11,  2.25it/s]\r 20%|##        | 6/30 [00:02<00:10,  2.29it/s]\r 23%|##3       | 7/30 [00:03<00:10,  2.29it/s]\r 27%|##6       | 8/30 [00:03<00:09,  2.26it/s]\r 30%|###       | 9/30 [00:04<00:09,  2.26it/s]\r 33%|###3      | 10/30 [00:04<00:08,  2.25it/s]\r 37%|###6      | 11/30 [00:04<00:08,  2.27it/s]\r 40%|####      | 12/30 [00:05<00:07,  2.27it/s]\r 43%|####3     | 13/30 [00:05<00:07,  2.33it/s]\r 47%|####6     | 14/30 [00:06<00:06,  2.37it/s]\r 50%|#####     | 15/30 [00:06<00:06,  2.41it/s]\r 53%|#####3    | 16/30 [00:07<00:05,  2.39it/s]\r 57%|#####6    | 17/30 [00:07<00:05,  2.39it/s]\r 60%|######    | 18/30 [00:07<00:04,  2.41it/s]",
    "created": 1765164783.3819606
  },
  {
    "level": "INFO",
    "name": "root",
    "message": "WebUI stdout: Total progress:  33%|###3      | 10/30 [00:03<00:08,  2.30it/s]\u001b[A",
    "created": 1765164786.211564
  },
  {
    "level": "INFO",
    "name": "src.utils.file_io",
    "message": "Read 10 prompts from SDXL_epic_structures_Fantasy.txt",
    "created": 1765164788.905952
  },
  {
    "level": "INFO",
    "name": "root",
    "message": "WebUI stdout: Total progress:  37%|###6      | 11/30 [00:04<00:08,  2.30it/s]\u001b[A",
    "created": 1765164788.9251387
  },
  {
    "level": "INFO",
    "name": "src.utils.file_io",
    "message": "Read 10 prompts from SDXL_epic_structures_Realistic.txt",
    "created": 1765164788.9272223
  },
  {
    "level": "INFO",
    "name": "root",
    "message": "WebUI stdout: Total progress:  40%|####      | 12/30 [00:04<00:07,  2.29it/s]\u001b[A",
    "created": 1765164788.9344735
  },
  {
    "level": "INFO",
    "name": "src.utils.file_io",
    "message": "Read 10 prompts from SDXL_female_fantasy_heroes_Fantasy.txt",
    "created": 1765164788.936982
  },
  {
    "level": "INFO",
    "name": "root",
    "message": "WebUI stdout: Total progress:  43%|####3     | 13/30 [00:05<00:07,  2.35it/s]\u001b[A",
    "created": 1765164788.942981
  },
  {
    "level": "INFO",
    "name": "src.utils.file_io",
    "message": "Read 10 prompts from SDXL_female_fantasy_heroes_Realistic.txt",
    "created": 1765164788.945981
  },
  {
    "level": "INFO",
    "name": "root",
    "message": "WebUI stdout: Total progress:  47%|####6     | 14/30 [00:05<00:06,  2.39it/s]\u001b[A",
    "created": 1765164788.951981
  },
  {
    "level": "INFO",
    "name": "src.utils.file_io",
    "message": "Read 10 prompts from SDXL_male_fantasy_heroes_Fantasy.txt",
    "created": 1765164788.9549813
  },
  {
    "level": "INFO",
    "name": "root",
    "message": "WebUI stdout: Total progress:  50%|#####     | 15/30 [00:05<00:06,  2.42it/s]\u001b[A",
    "created": 1765164788.9604077
  },
  {
    "level": "INFO",
    "name": "src.utils.file_io",
    "message": "Read 10 prompts from SDXL_male_fantasy_heroes_Realistic.txt",
    "created": 1765164788.9634511
  },
  {
    "level": "INFO",
    "name": "root",
    "message": "WebUI stdout: Total progress:  53%|#####3    | 16/30 [00:06<00:05,  2.40it/s]\u001b[A",
    "created": 1765164788.9689884
  },
  {
    "level": "INFO",
    "name": "src.utils.file_io",
    "message": "Read 10 prompts from SDXL_mythical_beasts_Fantasy.txt",
    "created": 1765164788.972574
  },
  {
    "level": "INFO",
    "name": "root",
    "message": "WebUI stdout: Total progress:  57%|#####6    | 17/30 [00:06<00:05,  2.39it/s]\u001b[A",
    "created": 1765164788.9765742
  },
  {
    "level": "INFO",
    "name": "src.utils.diagnostics_bundle_v2",
    "message": "Crash bundle saved to reports\\diagnostics\\stablenew_diagnostics_20251208_033300_thread_exception.zip",
    "created": 1765164788.9801693
  },
  {
    "level": "INFO",
    "name": "src.utils.file_io",
    "message": "Read 10 prompts from SDXL_mythical_beasts_Realistic.txt",
    "created": 1765164788.9821692
  },
  {
    "level": "INFO",
    "name": "root",
    "message": "WebUI stdout: Total progress:  60%|######    | 18/30 [00:07<00:04,  2.41it/s]\u001b[APress any key to continue . . .",
    "created": 1765164788.9877276
  },
  {
    "level": "INFO",
    "name": "src.utils.diagnostics_bundle_v2",
    "message": "Crash bundle saved to reports\\diagnostics\\stablenew_diagnostics_20251208_033308_thread_exception.zip",
    "created": 1765164789.2223432
  }
]