{
  "reason": "ui_heartbeat_stall",
  "timestamp": "20251215_004938",
  "system": {
    "timestamp": "2025-12-15T00:49:38.624601Z",
    "hostname": "Rob-Gaming-Desk",
    "platform": {
      "system": "Windows",
      "release": "10",
      "version": "10.0.26100",
      "machine": "AMD64",
      "processor": "Intel64 Family 6 Model 183 Stepping 1, GenuineIntel"
    },
    "python": {
      "implementation": "CPython",
      "version": "3.10.6",
      "executable": "<USER_HOME>\\projects\\StableNew\\.venv\\Scripts\\python.exe"
    },
    "user": "rob",
    "cwd": "<USER_HOME>\\projects\\StableNew",
    "repo_root": "<USER_HOME>\\projects\\StableNew",
    "memory": null,
    "cpu": null,
    "disk": {
      "total_mb": 1952658.99609375,
      "used_mb": 386821.09375,
      "free_mb": 1565837.90234375
    }
  }
}