{
  "reason": "uncaught_exception",
  "timestamp": "20251212_050314",
  "system": {
    "timestamp": "2025-12-12T05:03:14.164115Z",
    "hostname": "Rob-Gaming-Desk",
    "platform": {
      "system": "Windows",
      "release": "10",
      "version": "10.0.26100",
      "machine": "AMD64",
      "processor": "Intel64 Family 6 Model 183 Stepping 1, GenuineIntel"
    },
    "python": {
      "implementation": "CPython",
      "version": "3.10.6",
      "executable": "<USER_HOME>\\projects\\StableNew\\.venv\\Scripts\\python.exe"
    },
    "user": "rob",
    "cwd": "c:\\Users\\rob\\projects\\StableNew",
    "repo_root": "<USER_HOME>\\projects\\StableNew",
    "memory": null,
    "cpu": null,
    "disk": {
      "total_mb": 1952658.99609375,
      "used_mb": 385327.2265625,
      "free_mb": 1567331.76953125
    }
  },
  "context": {
    "exception": "'MainWindowV2' object has no attribute 'pipeline_tab'",
    "traceback": "Traceback (most recent call last):\n  File \"<USER_HOME>\\AppData\\Local\\Programs\\Python\\Python310\\lib\\runpy.py\", line 196, in _run_module_as_main\n    return _run_code(code, main_globals, None,\n  File \"<USER_HOME>\\AppData\\Local\\Programs\\Python\\Python310\\lib\\runpy.py\", line 86, in _run_code\n    exec(code, run_globals)\n  File \"c:\\Users\\rob\\projects\\StableNew\\src\\main.py\", line 459, in <module>\n    main()\n  File \"c:\\Users\\rob\\projects\\StableNew\\src\\main.py\", line 427, in main\n    root, app_state, app_controller, window = build_v2_app(root=tk.Tk(), webui_manager=webui_manager)\n  File \"c:\\Users\\rob\\projects\\StableNew\\src\\app_factory.py\", line 61, in build_v2_app\n    window = MainWindowV2(\n  File \"c:\\Users\\rob\\projects\\StableNew\\src\\gui\\main_window_v2.py\", line 158, in __init__\n    self.left_zone = getattr(self.pipeline_tab, \"pack_loader_compat\", None)\nAttributeError: 'MainWindowV2' object has no attribute 'pipeline_tab'\n"
  },
  "job_snapshot": {
    "jobs": [],
    "cached_metadata": {},
    "containers": {},
    "active_watchdogs": [],
    "watchdog_events": [],
    "cleanup_history": [],
    "process_container_config": {
      "enabled": true,
      "memory_limit_mb": null,
      "cpu_limit_percent": null,
      "max_processes": null
    }
  }
}