{
  "reason": "uncaught_exception",
  "timestamp": "20251212_115525",
  "system": {
    "timestamp": "2025-12-12T11:55:25.315705Z",
    "hostname": "Rob-Gaming-Desk",
    "platform": {
      "system": "Windows",
      "release": "10",
      "version": "10.0.26100",
      "machine": "AMD64",
      "processor": "Intel64 Family 6 Model 183 Stepping 1, GenuineIntel"
    },
    "python": {
      "implementation": "CPython",
      "version": "3.10.6",
      "executable": "<USER_HOME>\\AppData\\Local\\Programs\\Python\\Python310\\python.exe"
    },
    "user": "rob",
    "cwd": "<USER_HOME>\\projects\\StableNew",
    "repo_root": "<USER_HOME>\\projects\\StableNew",
    "memory": {
      "total_mb": 32527.05859375,
      "available_mb": 16013.54296875,
      "used_mb": 16513.515625,
      "percent": 50.8
    },
    "cpu": {
      "percent": 12.5,
      "count_logical": 32,
      "count_physical": 24
    },
    "disk": {
      "total_mb": 1952658.99609375,
      "used_mb": 385904.7265625,
      "free_mb": 1566754.26953125
    }
  },
  "context": {
    "exception": "PipelineTabFrame.__init__() takes 2 positional arguments but 3 were given",
    "traceback": "Traceback (most recent call last):\n  File \"<USER_HOME>\\AppData\\Local\\Programs\\Python\\Python310\\lib\\runpy.py\", line 196, in _run_module_as_main\n    return _run_code(code, main_globals, None,\n  File \"<USER_HOME>\\AppData\\Local\\Programs\\Python\\Python310\\lib\\runpy.py\", line 86, in _run_code\n    exec(code, run_globals)\n  File \"<USER_HOME>\\projects\\StableNew\\src\\main.py\", line 459, in <module>\n    main()\n  File \"<USER_HOME>\\projects\\StableNew\\src\\main.py\", line 427, in main\n    root, app_state, app_controller, window = build_v2_app(root=tk.Tk(), webui_manager=webui_manager)\n  File \"<USER_HOME>\\projects\\StableNew\\src\\app_factory.py\", line 61, in build_v2_app\n    window = MainWindowV2(\n  File \"<USER_HOME>\\projects\\StableNew\\src\\gui\\main_window_v2.py\", line 134, in __init__\n    self.pipeline_tab = PipelineTabFrame(self.center_notebook, self.pipeline_controller)\nTypeError: PipelineTabFrame.__init__() takes 2 positional arguments but 3 were given\n"
  },
  "job_snapshot": {
    "jobs": [],
    "cached_metadata": {},
    "containers": {},
    "active_watchdogs": [],
    "watchdog_events": [],
    "cleanup_history": [],
    "process_container_config": {
      "enabled": true,
      "memory_limit_mb": null,
      "cpu_limit_percent": null,
      "max_processes": null
    }
  }
}