{
  "txt2img": {
    "model": "sd_xl_base_1.0.safetensors",
    "vae": "sdxl_vae.safetensors",
    "sampler_name": "DPM++ 2M",
    "scheduler": "Karras",
    "steps": 30,
    "cfg_scale": 7.0,
    "width": 1024,
    "height": 1024,
    "batch_count": 1,
    "batch_size": 1,
    "seed": -1,
    "enable_hr": true,
    "hr_scale": 1.5,
    "hr_upscaler": "4x-UltraSharp",
    "hr_sampler_name": "DPM++ 2M",
    "hires_steps": 15,
    "denoising_strength": 0.4,
    "refiner_checkpoint": "None",
    "refiner_switch_at": 0.8
  },
  "img2img": {
    "enabled": false,
    "model": "sd_xl_base_1.0.safetensors",
    "vae": "sdxl_vae.safetensors",
    "sampler_name": "DPM++ 2M",
    "scheduler": "Karras",
    "steps": 20,
    "cfg_scale": 7.0,
    "denoising_strength": 0.5,
    "batch_count": 1,
    "batch_size": 1,
    "seed": -1
  },
  "adetailer": {
    "enabled": true,
    "model": "face_yolov8n.pt",
    "strength": 0.38,
    "conf": 0.3,
    "dilation": 4,
    "use_separate_steps": true,
    "steps": 28,
    "use_separate_cfg": true,
    "adetailer_cfg": 6.0,
    "adetailer_prompt": "detailed face, sharp focus, natural skin",
    "adetailer_negative_prompt": "blurry, distorted, deformed"
  },
  "upscale": {
    "enabled": true,
    "upscaler": "4x-UltraSharp",
    "scale": 2.0
  },
  "video": {
    "enabled": false,
    "fps": 30,
    "codec": "libx264",
    "quality": "high"
  },
  "api": {
    "base_url": "http://127.0.0.1:7860",
    "timeout": 300
  },
  "randomization": {
    "enabled": true,
    "prompt_sr": {
      "enabled": true,
      "mode": "random",
      "rules": [
        {
          "search": "person",
          "replacements": ["man", "woman", "child", "elder"]
        },
        {
          "search": "pose",
          "replacements": ["standing", "sitting", "walking", "running"]
        }
      ],
      "raw_text": "person => man | woman | child | elder\npose => standing | sitting | walking | running"
    },
    "wildcards": {
      "enabled": true,
      "mode": "random",
      "tokens": [
        {
          "token": "__mood__",
          "values": ["happy", "sad", "angry", "contemplative", "serene"]
        },
        {
          "token": "__weather__",
          "values": ["sunny", "cloudy", "rainy", "foggy", "stormy"]
        },
        {
          "token": "__lighting__",
          "values": ["golden hour", "blue hour", "midday sun", "moonlight", "dramatic lighting"]
        }
      ],
      "raw_text": "__mood__: happy | sad | angry | contemplative | serene\n__weather__: sunny | cloudy | rainy | foggy | stormy\n__lighting__: golden hour | blue hour | midday sun | moonlight | dramatic lighting"
    },
    "matrix": {
      "enabled": true,
      "mode": "fanout",
      "limit": 8,
      "slots": [
        {
          "name": "time",
          "values": ["dawn", "noon", "dusk", "midnight"]
        },
        {
          "name": "location",
          "values": ["forest", "beach", "mountain", "city"]
        }
      ],
      "raw_text": "time: dawn | noon | dusk | midnight\nlocation: forest | beach | mountain | city"
    }
  },
  "aesthetic": {
    "enabled": false,
    "mode": "script",
    "weight": 0.9,
    "steps": 5,
    "learning_rate": 0.0001,
    "slerp": false,
    "slerp_angle": 0.1,
    "embedding": "None",
    "text": "",
    "text_is_negative": false,
    "fallback_prompt": ""
  },
  "pipeline": {
    "txt2img_enabled": true,
    "img2img_enabled": false,
    "adetailer_enabled": true,
    "upscale_enabled": true,
    "video_enabled": false,
    "loop_type": "single",
    "loop_count": 1,
    "pack_mode": "selected",
    "images_per_prompt": 1,
    "model_matrix": [],
    "hypernetworks": [],
    "variant_mode": "fanout",
    "refiner_compare_mode": false
  }
}
