{
  "txt2img": {
    "steps": 25,
    "sampler_name": "DPM++ 2M Karras",
    "cfg_scale": 7.5,
    "width": 512,
    "height": 768,
    "negative_prompt": "bad anatomy, deformed hands, extra fingers, fused fingers, malformed limbs, bad proportions, ugly face, distorted features, blurry, low quality"
  },
  "img2img": {
    "steps": 20,
    "sampler_name": "DPM++ 2M Karras",
    "cfg_scale": 7.0,
    "denoising_strength": 0.35
  },
  "upscale": {
    "upscaler": "R-ESRGAN 4x+",
    "upscaling_resize": 2.0,
    "codeformer_visibility": 0.7,
    "codeformer_weight": 0.6,
    "gfpgan_visibility": 0.0
  },
  "video": {
    "fps": 24,
    "codec": "libx264",
    "quality": "high"
  },
  "api": {
    "base_url": "http://127.0.0.1:7860",
    "timeout": 300
  }
}
