[
  {
    "level": "INFO",
    "name": "src.services.queue_store_v2",
    "message": "Loaded queue state: 0 jobs, auto_run=True, paused=False",
    "created": 1765552235.7686899
  },
  {
    "level": "INFO",
    "name": "src.controller.app_controller",
    "message": "Restored queue state: auto_run=True, paused=False, 0 jobs (jobs not restored in V1 queue)",
    "created": 1765552235.77169
  },
  {
    "level": "INFO",
    "name": "src.controller.app_controller",
    "message": "[controller] shutdown_app called (destroy)",
    "created": 1765552235.7979677
  },
  {
    "level": "INFO",
    "name": "src.services.queue_store_v2",
    "message": "Loaded queue state: 0 jobs, auto_run=True, paused=False",
    "created": 1765552235.8059683
  },
  {
    "level": "INFO",
    "name": "src.controller.job_execution_controller",
    "message": "Restored queue state: auto_run=True, paused=False, 0 restored job(s)",
    "created": 1765552235.807968
  },
  {
    "level": "INFO",
    "name": "src.services.queue_store_v2",
    "message": "QUEUE_STATE_SAVED | Persisted queue state",
    "created": 1765552235.8109686
  },
  {
    "level": "INFO",
    "name": "src.services.queue_store_v2",
    "message": "Loaded queue state: 0 jobs, auto_run=True, paused=False",
    "created": 1765552235.8182309
  },
  {
    "level": "INFO",
    "name": "src.controller.job_execution_controller",
    "message": "Restored queue state: auto_run=True, paused=False, 0 restored job(s)",
    "created": 1765552235.8202293
  },
  {
    "level": "INFO",
    "name": "src.services.queue_store_v2",
    "message": "QUEUE_STATE_SAVED | Persisted queue state",
    "created": 1765552235.823375
  },
  {
    "level": "INFO",
    "name": "src.services.queue_store_v2",
    "message": "Loaded queue state: 0 jobs, auto_run=True, paused=False",
    "created": 1765552235.834236
  },
  {
    "level": "INFO",
    "name": "src.controller.job_execution_controller",
    "message": "Restored queue state: auto_run=True, paused=False, 0 restored job(s)",
    "created": 1765552235.8362355
  },
  {
    "level": "INFO",
    "name": "src.services.queue_store_v2",
    "message": "QUEUE_STATE_SAVED | Persisted queue state",
    "created": 1765552235.8392353
  },
  {
    "level": "INFO",
    "name": "src.services.queue_store_v2",
    "message": "Loaded queue state: 0 jobs, auto_run=True, paused=False",
    "created": 1765552235.8442874
  },
  {
    "level": "INFO",
    "name": "src.controller.job_execution_controller",
    "message": "Restored queue state: auto_run=True, paused=False, 0 restored job(s)",
    "created": 1765552235.8472884
  },
  {
    "level": "INFO",
    "name": "src.services.queue_store_v2",
    "message": "QUEUE_STATE_SAVED | Persisted queue state",
    "created": 1765552235.8502872
  },
  {
    "level": "INFO",
    "name": "src.services.queue_store_v2",
    "message": "Loaded queue state: 0 jobs, auto_run=True, paused=False",
    "created": 1765552235.8542876
  },
  {
    "level": "INFO",
    "name": "src.controller.job_execution_controller",
    "message": "Restored queue state: auto_run=True, paused=False, 0 restored job(s)",
    "created": 1765552235.8572874
  },
  {
    "level": "INFO",
    "name": "src.services.queue_store_v2",
    "message": "QUEUE_STATE_SAVED | Persisted queue state",
    "created": 1765552235.8602862
  },
  {
    "level": "INFO",
    "name": "src.services.queue_store_v2",
    "message": "Loaded queue state: 0 jobs, auto_run=True, paused=False",
    "created": 1765552235.8652864
  },
  {
    "level": "INFO",
    "name": "src.controller.job_execution_controller",
    "message": "Restored queue state: auto_run=True, paused=False, 0 restored job(s)",
    "created": 1765552235.8672862
  },
  {
    "level": "INFO",
    "name": "src.services.queue_store_v2",
    "message": "QUEUE_STATE_SAVED | Persisted queue state",
    "created": 1765552235.870287
  },
  {
    "level": "INFO",
    "name": "src.services.queue_store_v2",
    "message": "Loaded queue state: 0 jobs, auto_run=True, paused=False",
    "created": 1765552235.8772867
  },
  {
    "level": "INFO",
    "name": "src.controller.job_execution_controller",
    "message": "Restored queue state: auto_run=True, paused=False, 0 restored job(s)",
    "created": 1765552235.879286
  },
  {
    "level": "INFO",
    "name": "src.services.queue_store_v2",
    "message": "QUEUE_STATE_SAVED | Persisted queue state",
    "created": 1765552235.882287
  },
  {
    "level": "INFO",
    "name": "src.services.queue_store_v2",
    "message": "Loaded queue state: 0 jobs, auto_run=True, paused=False",
    "created": 1765552235.8852863
  },
  {
    "level": "INFO",
    "name": "src.controller.app_controller",
    "message": "Restored queue state: auto_run=True, paused=False, 0 jobs (jobs not restored in V1 queue)",
    "created": 1765552235.8872862
  },
  {
    "level": "INFO",
    "name": "src.services.queue_store_v2",
    "message": "Loaded queue state: 0 jobs, auto_run=True, paused=False",
    "created": 1765552235.8912878
  },
  {
    "level": "INFO",
    "name": "src.controller.job_execution_controller",
    "message": "Restored queue state: auto_run=True, paused=False, 0 restored job(s)",
    "created": 1765552235.893741
  },
  {
    "level": "INFO",
    "name": "src.services.queue_store_v2",
    "message": "QUEUE_STATE_SAVED | Persisted queue state",
    "created": 1765552235.8967564
  },
  {
    "level": "INFO",
    "name": "src.api.healthcheck",
    "message": "Probing WebUI readiness at models/options endpoints | {\"models_endpoint\": \"/sdapi/v1/sd-models\", \"options_endpoint\": \"/sdapi/v1/options\", \"subsystem\": \"api\"}",
    "created": 1765552235.8991654,
    "payload": {
      "message": "Probing WebUI readiness at models/options endpoints",
      "subsystem": "api",
      "models_endpoint": "/sdapi/v1/sd-models",
      "options_endpoint": "/sdapi/v1/options"
    }
  },
  {
    "level": "INFO",
    "name": "src.api.healthcheck",
    "message": "WebUI API ready (models endpoint): http://127.0.0.1:7860/sdapi/v1/sd-models | {\"endpoint\": \"/sdapi/v1/sd-models\", \"subsystem\": \"api\"}",
    "created": 1765552235.9051986,
    "payload": {
      "message": "WebUI API ready (models endpoint): http://127.0.0.1:7860/sdapi/v1/sd-models",
      "subsystem": "api",
      "endpoint": "/sdapi/v1/sd-models"
    }
  },
  {
    "level": "INFO",
    "name": "src.controller.webui_connection_controller",
    "message": "WebUI models/options are ready at http://127.0.0.1:7860",
    "created": 1765552235.907202
  },
  {
    "level": "INFO",
    "name": "src.controller.job_service",
    "message": "Submitting job test-dummy with run_mode=queue | {\"job_id\": \"test-dummy\", \"run_mode\": \"queue\", \"subsystem\": \"job_service\"}",
    "created": 1765552235.9092014,
    "payload": {
      "message": "Submitting job test-dummy with run_mode=queue",
      "job_id": "test-dummy",
      "subsystem": "job_service",
      "run_mode": "queue"
    }
  },
  {
    "level": "INFO",
    "name": "src.controller.job_service",
    "message": "Queuing job test-dummy for background execution | {\"job_id\": \"test-dummy\", \"subsystem\": \"job_service\"}",
    "created": 1765552235.9122012,
    "payload": {
      "message": "Queuing job test-dummy for background execution",
      "job_id": "test-dummy",
      "subsystem": "job_service"
    }
  },
  {
    "level": "INFO",
    "name": "src.controller.job_service",
    "message": "Queue worker starting | {\"job_id\": \"test-dummy\", \"runner\": \"StubRunner\", \"subsystem\": \"job_service\"}",
    "created": 1765552235.9142015,
    "payload": {
      "message": "Queue worker starting",
      "job_id": "test-dummy",
      "subsystem": "job_service",
      "runner": "StubRunner"
    }
  },
  {
    "level": "INFO",
    "name": "src.gui.state",
    "message": "State transition: IDLE -> RUNNING",
    "created": 1765552235.916201
  },
  {
    "level": "INFO",
    "name": "src.controller.pipeline_controller",
    "message": "Submitted 1 jobs via V2 pipeline",
    "created": 1765552235.9184127
  },
  {
    "level": "INFO",
    "name": "src.services.queue_store_v2",
    "message": "Loaded queue state: 0 jobs, auto_run=True, paused=False",
    "created": 1765552235.9244668
  },
  {
    "level": "INFO",
    "name": "src.controller.job_execution_controller",
    "message": "Restored queue state: auto_run=True, paused=False, 0 restored job(s)",
    "created": 1765552235.9264667
  },
  {
    "level": "INFO",
    "name": "src.services.queue_store_v2",
    "message": "QUEUE_STATE_SAVED | Persisted queue state",
    "created": 1765552235.930535
  },
  {
    "level": "INFO",
    "name": "src.services.queue_store_v2",
    "message": "Loaded queue state: 0 jobs, auto_run=True, paused=False",
    "created": 1765552235.9335346
  },
  {
    "level": "INFO",
    "name": "src.controller.app_controller",
    "message": "Restored queue state: auto_run=True, paused=False, 0 jobs (jobs not restored in V1 queue)",
    "created": 1765552235.9366019
  },
  {
    "level": "INFO",
    "name": "src.services.queue_store_v2",
    "message": "Loaded queue state: 0 jobs, auto_run=True, paused=False",
    "created": 1765552235.9415982
  },
  {
    "level": "INFO",
    "name": "src.controller.job_execution_controller",
    "message": "Restored queue state: auto_run=True, paused=False, 0 restored job(s)",
    "created": 1765552235.9436314
  },
  {
    "level": "INFO",
    "name": "src.services.queue_store_v2",
    "message": "QUEUE_STATE_SAVED | Persisted queue state",
    "created": 1765552235.9466326
  },
  {
    "level": "INFO",
    "name": "src.services.queue_store_v2",
    "message": "Loaded queue state: 0 jobs, auto_run=True, paused=False",
    "created": 1765552235.9497252
  },
  {
    "level": "INFO",
    "name": "src.controller.app_controller",
    "message": "Restored queue state: auto_run=True, paused=False, 0 jobs (jobs not restored in V1 queue)",
    "created": 1765552235.952725
  },
  {
    "level": "INFO",
    "name": "src.services.queue_store_v2",
    "message": "Loaded queue state: 0 jobs, auto_run=True, paused=False",
    "created": 1765552235.9577901
  },
  {
    "level": "INFO",
    "name": "src.controller.job_execution_controller",
    "message": "Restored queue state: auto_run=True, paused=False, 0 restored job(s)",
    "created": 1765552235.9597888
  },
  {
    "level": "INFO",
    "name": "src.services.queue_store_v2",
    "message": "QUEUE_STATE_SAVED | Persisted queue state",
    "created": 1765552235.9637895
  },
  {
    "level": "INFO",
    "name": "src.services.queue_store_v2",
    "message": "Loaded queue state: 0 jobs, auto_run=True, paused=False",
    "created": 1765552235.9667895
  },
  {
    "level": "INFO",
    "name": "src.controller.app_controller",
    "message": "Restored queue state: auto_run=True, paused=False, 0 jobs (jobs not restored in V1 queue)",
    "created": 1765552235.9697883
  },
  {
    "level": "INFO",
    "name": "src.services.queue_store_v2",
    "message": "Loaded queue state: 0 jobs, auto_run=True, paused=False",
    "created": 1765552235.9747899
  },
  {
    "level": "INFO",
    "name": "src.controller.job_execution_controller",
    "message": "Restored queue state: auto_run=True, paused=False, 0 restored job(s)",
    "created": 1765552235.9767904
  },
  {
    "level": "INFO",
    "name": "src.services.queue_store_v2",
    "message": "QUEUE_STATE_SAVED | Persisted queue state",
    "created": 1765552235.9797893
  },
  {
    "level": "INFO",
    "name": "src.services.queue_store_v2",
    "message": "Loaded queue state: 0 jobs, auto_run=True, paused=False",
    "created": 1765552235.98416
  },
  {
    "level": "INFO",
    "name": "src.controller.app_controller",
    "message": "Restored queue state: auto_run=True, paused=False, 0 jobs (jobs not restored in V1 queue)",
    "created": 1765552235.9861767
  },
  {
    "level": "INFO",
    "name": "src.controller.job_service",
    "message": "Queuing job test-dummy for background execution | {\"job_id\": \"test-dummy\", \"subsystem\": \"job_service\"}",
    "created": 1765552235.989176,
    "payload": {
      "message": "Queuing job test-dummy for background execution",
      "job_id": "test-dummy",
      "subsystem": "job_service"
    }
  },
  {
    "level": "INFO",
    "name": "src.controller.job_service",
    "message": "Queue worker starting | {\"job_id\": \"test-dummy\", \"runner\": \"SingleNodeJobRunner\", \"subsystem\": \"job_service\"}",
    "created": 1765552235.9921758,
    "payload": {
      "message": "Queue worker starting",
      "job_id": "test-dummy",
      "subsystem": "job_service",
      "runner": "SingleNodeJobRunner"
    }
  },
  {
    "level": "INFO",
    "name": "src.queue.single_node_runner",
    "message": "QUEUE_JOB_START | Starting execution via runner | {\"job_id\": \"test-dummy\", \"prompt_pack_id\": \"test-pack-core\", \"run_mode\": \"queue\", \"subsystem\": \"queue_runner\"}",
    "created": 1765552235.994176,
    "payload": {
      "message": "QUEUE_JOB_START | Starting execution via runner",
      "job_id": "test-dummy",
      "subsystem": "queue_runner",
      "run_mode": "queue",
      "prompt_pack_id": "test-pack-core"
    }
  },
  {
    "level": "INFO",
    "name": "src.queue.single_node_runner",
    "message": "Dequeued job for execution | {\"job_id\": \"test-dummy\", \"prompt_pack_id\": \"test-pack-core\", \"run_mode\": \"queue\", \"subsystem\": \"queue_runner\"}",
    "created": 1765552235.9971764,
    "payload": {
      "message": "Dequeued job for execution",
      "job_id": "test-dummy",
      "subsystem": "queue_runner",
      "run_mode": "queue",
      "prompt_pack_id": "test-pack-core"
    }
  },
  {
    "level": "INFO",
    "name": "src.controller.job_service",
    "message": "Job status change | {\"job_id\": \"test-dummy\", \"prompt_pack_id\": \"test-pack-core\", \"run_mode\": \"queue\", \"status\": \"running\", \"subsystem\": \"job_service\"}",
    "created": 1765552236.0061789,
    "payload": {
      "message": "Job status change",
      "job_id": "test-dummy",
      "subsystem": "job_service",
      "status": "running",
      "run_mode": "queue",
      "prompt_pack_id": "test-pack-core"
    }
  },
  {
    "level": "INFO",
    "name": "src.queue.single_node_runner",
    "message": "QUEUE_JOB_PIPELINE_CALL | Invoking pipeline for job | {\"job_id\": \"test-dummy\", \"subsystem\": \"queue_runner\"}",
    "created": 1765552236.0101771,
    "payload": {
      "message": "QUEUE_JOB_PIPELINE_CALL | Invoking pipeline for job",
      "job_id": "test-dummy",
      "subsystem": "queue_runner"
    }
  },
  {
    "level": "INFO",
    "name": "src.controller.job_service",
    "message": "Job status change | {\"job_id\": \"test-dummy\", \"prompt_pack_id\": \"test-pack-core\", \"run_mode\": \"queue\", \"status\": \"completed\", \"subsystem\": \"job_service\"}",
    "created": 1765552236.0202327,
    "payload": {
      "message": "Job status change",
      "job_id": "test-dummy",
      "subsystem": "job_service",
      "status": "completed",
      "run_mode": "queue",
      "prompt_pack_id": "test-pack-core"
    }
  },
  {
    "level": "INFO",
    "name": "src.queue.single_node_runner",
    "message": "QUEUE_JOB_PIPELINE_RETURN | Pipeline finished | {\"job_id\": \"test-dummy\", \"status\": \"completed\", \"subsystem\": \"queue_runner\"}",
    "created": 1765552236.0282495,
    "payload": {
      "message": "QUEUE_JOB_PIPELINE_RETURN | Pipeline finished",
      "job_id": "test-dummy",
      "subsystem": "queue_runner",
      "status": "completed"
    }
  },
  {
    "level": "INFO",
    "name": "src.queue.single_node_runner",
    "message": "QUEUE_JOB_DONE | Job execution completed | {\"duration_ms\": 14, \"job_id\": \"test-dummy\", \"prompt_pack_id\": \"test-pack-core\", \"run_mode\": \"queue\", \"status\": \"completed\", \"subsystem\": \"queue_runner\"}",
    "created": 1765552236.0312316,
    "payload": {
      "message": "QUEUE_JOB_DONE | Job execution completed",
      "job_id": "test-dummy",
      "subsystem": "queue_runner",
      "run_mode": "queue",
      "prompt_pack_id": "test-pack-core",
      "duration_ms": 14,
      "status": "completed"
    }
  },
  {
    "level": "INFO",
    "name": "src.services.queue_store_v2",
    "message": "Loaded queue state: 0 jobs, auto_run=True, paused=False",
    "created": 1765552236.0356476
  },
  {
    "level": "INFO",
    "name": "src.controller.job_execution_controller",
    "message": "Restored queue state: auto_run=True, paused=False, 0 restored job(s)",
    "created": 1765552236.0386477
  },
  {
    "level": "INFO",
    "name": "src.services.queue_store_v2",
    "message": "QUEUE_STATE_SAVED | Persisted queue state",
    "created": 1765552236.0417054
  },
  {
    "level": "INFO",
    "name": "src.services.queue_store_v2",
    "message": "Loaded queue state: 0 jobs, auto_run=True, paused=False",
    "created": 1765552236.0477889
  },
  {
    "level": "INFO",
    "name": "src.controller.job_execution_controller",
    "message": "Restored queue state: auto_run=True, paused=False, 0 restored job(s)",
    "created": 1765552236.0497873
  },
  {
    "level": "INFO",
    "name": "src.services.queue_store_v2",
    "message": "QUEUE_STATE_SAVED | Persisted queue state",
    "created": 1765552236.05283
  },
  {
    "level": "INFO",
    "name": "src.services.queue_store_v2",
    "message": "Loaded queue state: 0 jobs, auto_run=True, paused=False",
    "created": 1765552236.0579574
  },
  {
    "level": "INFO",
    "name": "src.controller.job_execution_controller",
    "message": "Restored queue state: auto_run=True, paused=False, 0 restored job(s)",
    "created": 1765552236.0609553
  },
  {
    "level": "INFO",
    "name": "src.services.queue_store_v2",
    "message": "QUEUE_STATE_SAVED | Persisted queue state",
    "created": 1765552236.0647287
  },
  {
    "level": "ERROR",
    "name": "src.controller.job_execution_controller",
    "message": "JOB_EXEC_ERROR | Missing normalized record for queued job | {\"error\": \"Missing normalized record for queued job\", \"job_id\": \"missing\", \"run_mode\": \"queue\", \"subsystem\": \"job_exec\"}",
    "created": 1765552236.067729,
    "payload": {
      "message": "JOB_EXEC_ERROR | Missing normalized record for queued job",
      "job_id": "missing",
      "subsystem": "job_exec",
      "run_mode": "queue",
      "error": "Missing normalized record for queued job"
    }
  },
  {
    "level": "INFO",
    "name": "src.services.queue_store_v2",
    "message": "Loaded queue state: 0 jobs, auto_run=True, paused=False",
    "created": 1765552236.0717306
  },
  {
    "level": "INFO",
    "name": "src.controller.job_execution_controller",
    "message": "Restored queue state: auto_run=True, paused=False, 0 restored job(s)",
    "created": 1765552236.0747294
  },
  {
    "level": "INFO",
    "name": "src.services.queue_store_v2",
    "message": "QUEUE_STATE_SAVED | Persisted queue state",
    "created": 1765552236.0777285
  },
  {
    "level": "INFO",
    "name": "src.controller.job_execution_controller",
    "message": "JOB_EXEC_START | Dispatching job for execution | {\"has_njr\": true, \"job_id\": \"replay-error\", \"prompt_pack_id\": null, \"run_mode\": \"queue\", \"subsystem\": \"job_exec\"}",
    "created": 1765552236.0797286,
    "payload": {
      "message": "JOB_EXEC_START | Dispatching job for execution",
      "job_id": "replay-error",
      "subsystem": "job_exec",
      "run_mode": "queue",
      "has_njr": true,
      "prompt_pack_id": null
    }
  },
  {
    "level": "INFO",
    "name": "src.controller.job_execution_controller",
    "message": "JOB_EXEC_REPLAY | Executing NJR via replay engine | {\"job_id\": \"replay-error\", \"subsystem\": \"job_exec\"}",
    "created": 1765552236.082731,
    "payload": {
      "message": "JOB_EXEC_REPLAY | Executing NJR via replay engine",
      "job_id": "replay-error",
      "subsystem": "job_exec"
    }
  },
  {
    "level": "ERROR",
    "name": "src.controller.job_execution_controller",
    "message": "JOB_EXEC_ERROR | NJR execution failed | {\"error\": \"NJR execution failed: replay failed\", \"job_id\": \"replay-error\", \"subsystem\": \"job_exec\"}",
    "created": 1765552236.0857294,
    "payload": {
      "message": "JOB_EXEC_ERROR | NJR execution failed",
      "job_id": "replay-error",
      "subsystem": "job_exec",
      "error": "NJR execution failed: replay failed"
    }
  },
  {
    "level": "INFO",
    "name": "src.services.queue_store_v2",
    "message": "Loaded queue state: 0 jobs, auto_run=True, paused=False",
    "created": 1765552236.09073
  },
  {
    "level": "INFO",
    "name": "src.controller.job_execution_controller",
    "message": "Restored queue state: auto_run=True, paused=False, 0 restored job(s)",
    "created": 1765552236.093729
  },
  {
    "level": "INFO",
    "name": "src.services.queue_store_v2",
    "message": "QUEUE_STATE_SAVED | Persisted queue state",
    "created": 1765552236.0967295
  },
  {
    "level": "INFO",
    "name": "src.services.queue_store_v2",
    "message": "Loaded queue state: 0 jobs, auto_run=True, paused=False",
    "created": 1765552236.1007307
  },
  {
    "level": "INFO",
    "name": "src.controller.app_controller",
    "message": "Restored queue state: auto_run=True, paused=False, 0 jobs (jobs not restored in V1 queue)",
    "created": 1765552236.1027298
  },
  {
    "level": "INFO",
    "name": "src.services.queue_store_v2",
    "message": "Loaded queue state: 0 jobs, auto_run=True, paused=False",
    "created": 1765552236.107729
  },
  {
    "level": "INFO",
    "name": "src.controller.job_execution_controller",
    "message": "Restored queue state: auto_run=True, paused=False, 0 restored job(s)",
    "created": 1765552236.110361
  },
  {
    "level": "INFO",
    "name": "src.services.queue_store_v2",
    "message": "QUEUE_STATE_SAVED | Persisted queue state",
    "created": 1765552236.1143599
  },
  {
    "level": "INFO",
    "name": "src.services.queue_store_v2",
    "message": "Loaded queue state: 0 jobs, auto_run=True, paused=False",
    "created": 1765552236.1183612
  },
  {
    "level": "INFO",
    "name": "src.controller.app_controller",
    "message": "Restored queue state: auto_run=True, paused=False, 0 jobs (jobs not restored in V1 queue)",
    "created": 1765552236.1213593
  },
  {
    "level": "INFO",
    "name": "src.services.queue_store_v2",
    "message": "Loaded queue state: 0 jobs, auto_run=True, paused=False",
    "created": 1765552236.1773615
  },
  {
    "level": "INFO",
    "name": "src.controller.job_execution_controller",
    "message": "Restored queue state: auto_run=True, paused=False, 0 restored job(s)",
    "created": 1765552236.182361
  },
  {
    "level": "INFO",
    "name": "src.services.queue_store_v2",
    "message": "QUEUE_STATE_SAVED | Persisted queue state",
    "created": 1765552236.1893597
  },
  {
    "level": "INFO",
    "name": "src.services.queue_store_v2",
    "message": "Loaded queue state: 0 jobs, auto_run=True, paused=False",
    "created": 1765552236.1963613
  },
  {
    "level": "INFO",
    "name": "src.controller.app_controller",
    "message": "Restored queue state: auto_run=True, paused=False, 0 jobs (jobs not restored in V1 queue)",
    "created": 1765552236.20236
  },
  {
    "level": "INFO",
    "name": "src.services.queue_store_v2",
    "message": "Loaded queue state: 0 jobs, auto_run=True, paused=False",
    "created": 1765552236.2093606
  },
  {
    "level": "INFO",
    "name": "src.controller.job_execution_controller",
    "message": "Restored queue state: auto_run=True, paused=False, 0 restored job(s)",
    "created": 1765552236.2143602
  },
  {
    "level": "INFO",
    "name": "src.services.queue_store_v2",
    "message": "QUEUE_STATE_SAVED | Persisted queue state",
    "created": 1765552236.2193596
  },
  {
    "level": "INFO",
    "name": "src.services.queue_store_v2",
    "message": "Loaded queue state: 0 jobs, auto_run=True, paused=False",
    "created": 1765552236.2243602
  },
  {
    "level": "INFO",
    "name": "src.controller.app_controller",
    "message": "Restored queue state: auto_run=True, paused=False, 0 jobs (jobs not restored in V1 queue)",
    "created": 1765552236.2263598
  },
  {
    "level": "INFO",
    "name": "src.services.queue_store_v2",
    "message": "Loaded queue state: 0 jobs, auto_run=True, paused=False",
    "created": 1765552236.231361
  },
  {
    "level": "INFO",
    "name": "src.controller.job_execution_controller",
    "message": "Restored queue state: auto_run=True, paused=False, 0 restored job(s)",
    "created": 1765552236.2333605
  },
  {
    "level": "INFO",
    "name": "src.services.queue_store_v2",
    "message": "QUEUE_STATE_SAVED | Persisted queue state",
    "created": 1765552236.237361
  },
  {
    "level": "INFO",
    "name": "src.services.queue_store_v2",
    "message": "Loaded queue state: 0 jobs, auto_run=True, paused=False",
    "created": 1765552236.2413604
  },
  {
    "level": "INFO",
    "name": "src.controller.app_controller",
    "message": "Restored queue state: auto_run=True, paused=False, 0 jobs (jobs not restored in V1 queue)",
    "created": 1765552236.2433605
  },
  {
    "level": "INFO",
    "name": "src.controller.job_service",
    "message": "Job status change | {\"job_id\": \"job-container\", \"prompt_pack_id\": null, \"run_mode\": \"queue\", \"status\": \"running\", \"subsystem\": \"job_service\"}",
    "created": 1765552236.248362,
    "payload": {
      "message": "Job status change",
      "job_id": "job-container",
      "subsystem": "job_service",
      "status": "running",
      "run_mode": "queue",
      "prompt_pack_id": null
    }
  },
  {
    "level": "INFO",
    "name": "src.controller.job_service",
    "message": "Job status change | {\"job_id\": \"job-container\", \"prompt_pack_id\": null, \"run_mode\": \"queue\", \"status\": \"completed\", \"subsystem\": \"job_service\"}",
    "created": 1765552236.2520463,
    "payload": {
      "message": "Job status change",
      "job_id": "job-container",
      "subsystem": "job_service",
      "status": "completed",
      "run_mode": "queue",
      "prompt_pack_id": null
    }
  },
  {
    "level": "INFO",
    "name": "src.controller.job_service",
    "message": "Cleaning external processes | {\"job_id\": \"job-container\", \"pid_count\": 1, \"reason\": \"completed\", \"subsystem\": \"job_service\"}",
    "created": 1765552236.2548392,
    "payload": {
      "message": "Cleaning external processes",
      "job_id": "job-container",
      "subsystem": "job_service",
      "pid_count": 1,
      "reason": "completed"
    }
  },
  {
    "level": "INFO",
    "name": "src.controller.job_service",
    "message": "[CONTAINER] job kill_all invoked | {\"job_id\": \"job-container\", \"subsystem\": \"process_container\"}",
    "created": 1765552236.2580943,
    "payload": {
      "message": "[CONTAINER] job kill_all invoked",
      "job_id": "job-container",
      "subsystem": "process_container"
    }
  },
  {
    "level": "INFO",
    "name": "src.controller.job_service",
    "message": "Job status change | {\"job_id\": \"done\", \"prompt_pack_id\": null, \"run_mode\": \"queue\", \"status\": \"completed\", \"subsystem\": \"job_service\"}",
    "created": 1765552236.270162,
    "payload": {
      "message": "Job status change",
      "job_id": "done",
      "subsystem": "job_service",
      "status": "completed",
      "run_mode": "queue",
      "prompt_pack_id": null
    }
  },
  {
    "level": "INFO",
    "name": "src.controller.job_service",
    "message": "Job status change | {\"job_id\": \"fail\", \"prompt_pack_id\": null, \"run_mode\": \"queue\", \"status\": \"failed\", \"subsystem\": \"job_service\"}",
    "created": 1765552236.2731626,
    "payload": {
      "message": "Job status change",
      "job_id": "fail",
      "subsystem": "job_service",
      "status": "failed",
      "run_mode": "queue",
      "prompt_pack_id": null
    }
  },
  {
    "level": "ERROR",
    "name": "src.controller.job_service",
    "message": "Normalized job missing pack identity | {\"job_id\": \"record\", \"prompt_pack_id\": \"\", \"prompt_pack_name\": \"\", \"prompt_source\": \"pack\", \"sample_prompt\": \"test\", \"subsystem\": \"job_service\"}",
    "created": 1765552236.278359,
    "payload": {
      "message": "Normalized job missing pack identity",
      "job_id": "record",
      "subsystem": "job_service",
      "prompt_source": "pack",
      "prompt_pack_id": "",
      "prompt_pack_name": "",
      "sample_prompt": "test"
    }
  },
  {
    "level": "INFO",
    "name": "src.controller.job_service",
    "message": "Submitting job missing-normalized with run_mode=queue | {\"job_id\": \"missing-normalized\", \"run_mode\": \"queue\", \"subsystem\": \"job_service\"}",
    "created": 1765552236.2834234,
    "payload": {
      "message": "Submitting job missing-normalized with run_mode=queue",
      "job_id": "missing-normalized",
      "subsystem": "job_service",
      "run_mode": "queue"
    }
  },
  {
    "level": "WARNING",
    "name": "src.controller.job_service",
    "message": "Job validation failed | {\"code\": \"missing_snapshot\", \"job_id\": \"missing-normalized\", \"message\": \"Job is missing normalized metadata.\", \"subsystem\": \"job_service\"}",
    "created": 1765552236.286422,
    "payload": {
      "message": "Job is missing normalized metadata.",
      "job_id": "missing-normalized",
      "subsystem": "job_service",
      "code": "missing_snapshot"
    }
  },
  {
    "level": "INFO",
    "name": "src.controller.job_service",
    "message": "Submitting job cf600fb1-c30c-44f9-b898-b68cf6e1fb82 with run_mode=queue | {\"job_id\": \"cf600fb1-c30c-44f9-b898-b68cf6e1fb82\", \"run_mode\": \"queue\", \"subsystem\": \"job_service\"}",
    "created": 1765552236.2904224,
    "payload": {
      "message": "Submitting job cf600fb1-c30c-44f9-b898-b68cf6e1fb82 with run_mode=queue",
      "job_id": "cf600fb1-c30c-44f9-b898-b68cf6e1fb82",
      "subsystem": "job_service",
      "run_mode": "queue"
    }
  },
  {
    "level": "INFO",
    "name": "src.controller.job_service",
    "message": "Queuing job cf600fb1-c30c-44f9-b898-b68cf6e1fb82 for background execution | {\"job_id\": \"cf600fb1-c30c-44f9-b898-b68cf6e1fb82\", \"subsystem\": \"job_service\"}",
    "created": 1765552236.2934217,
    "payload": {
      "message": "Queuing job cf600fb1-c30c-44f9-b898-b68cf6e1fb82 for background execution",
      "job_id": "cf600fb1-c30c-44f9-b898-b68cf6e1fb82",
      "subsystem": "job_service"
    }
  },
  {
    "level": "INFO",
    "name": "src.controller.job_service",
    "message": "Queue worker starting | {\"job_id\": \"cf600fb1-c30c-44f9-b898-b68cf6e1fb82\", \"runner\": \"StubRunner\", \"subsystem\": \"job_service\"}",
    "created": 1765552236.296422,
    "payload": {
      "message": "Queue worker starting",
      "job_id": "cf600fb1-c30c-44f9-b898-b68cf6e1fb82",
      "subsystem": "job_service",
      "runner": "StubRunner"
    }
  },
  {
    "level": "INFO",
    "name": "src.controller.job_service",
    "message": "Cleaning external processes | {\"job_id\": \"job-123\", \"pid_count\": 1, \"reason\": \"cleanup\", \"subsystem\": \"job_service\"}",
    "created": 1765552236.3084223,
    "payload": {
      "message": "Cleaning external processes",
      "job_id": "job-123",
      "subsystem": "job_service",
      "pid_count": 1,
      "reason": "cleanup"
    }
  },
  {
    "level": "INFO",
    "name": "src.controller.job_service",
    "message": "Job status change | {\"job_id\": \"job-run\", \"prompt_pack_id\": null, \"run_mode\": \"queue\", \"status\": \"running\", \"subsystem\": \"job_service\"}",
    "created": 1765552236.3134224,
    "payload": {
      "message": "Job status change",
      "job_id": "job-run",
      "subsystem": "job_service",
      "status": "running",
      "run_mode": "queue",
      "prompt_pack_id": null
    }
  },
  {
    "level": "INFO",
    "name": "src.controller.job_service",
    "message": "Job status change | {\"job_id\": \"cancel\", \"prompt_pack_id\": null, \"run_mode\": \"queue\", \"status\": \"cancelled\", \"subsystem\": \"job_service\"}",
    "created": 1765552236.3194234,
    "payload": {
      "message": "Job status change",
      "job_id": "cancel",
      "subsystem": "job_service",
      "status": "cancelled",
      "run_mode": "queue",
      "prompt_pack_id": null
    }
  },
  {
    "level": "INFO",
    "name": "src.controller.job_service",
    "message": "Job status change | {\"job_id\": \"start-finish\", \"prompt_pack_id\": null, \"run_mode\": \"queue\", \"status\": \"running\", \"subsystem\": \"job_service\"}",
    "created": 1765552236.3234231,
    "payload": {
      "message": "Job status change",
      "job_id": "start-finish",
      "subsystem": "job_service",
      "status": "running",
      "run_mode": "queue",
      "prompt_pack_id": null
    }
  },
  {
    "level": "INFO",
    "name": "src.controller.job_service",
    "message": "Job status change | {\"job_id\": \"start-finish\", \"prompt_pack_id\": null, \"run_mode\": \"queue\", \"status\": \"completed\", \"subsystem\": \"job_service\"}",
    "created": 1765552236.326423,
    "payload": {
      "message": "Job status change",
      "job_id": "start-finish",
      "subsystem": "job_service",
      "status": "completed",
      "run_mode": "queue",
      "prompt_pack_id": null
    }
  },
  {
    "level": "INFO",
    "name": "src.controller.job_service",
    "message": "Job status change | {\"job_id\": \"queue-fail\", \"prompt_pack_id\": null, \"run_mode\": \"queue\", \"status\": \"running\", \"subsystem\": \"job_service\"}",
    "created": 1765552236.3294232,
    "payload": {
      "message": "Job status change",
      "job_id": "queue-fail",
      "subsystem": "job_service",
      "status": "running",
      "run_mode": "queue",
      "prompt_pack_id": null
    }
  },
  {
    "level": "INFO",
    "name": "src.controller.job_service",
    "message": "Job status change | {\"job_id\": \"queue-fail\", \"prompt_pack_id\": null, \"run_mode\": \"queue\", \"status\": \"failed\", \"subsystem\": \"job_service\"}",
    "created": 1765552236.3334222,
    "payload": {
      "message": "Job status change",
      "job_id": "queue-fail",
      "subsystem": "job_service",
      "status": "failed",
      "run_mode": "queue",
      "prompt_pack_id": null
    }
  },
  {
    "level": "INFO",
    "name": "src.controller.job_service",
    "message": "Job status change | {\"job_id\": \"job-watchdog\", \"prompt_pack_id\": null, \"run_mode\": \"queue\", \"status\": \"running\", \"subsystem\": \"job_service\"}",
    "created": 1765552236.3364217,
    "payload": {
      "message": "Job status change",
      "job_id": "job-watchdog",
      "subsystem": "job_service",
      "status": "running",
      "run_mode": "queue",
      "prompt_pack_id": null
    }
  },
  {
    "level": "WARNING",
    "name": "src.controller.job_service",
    "message": "[WATCHDOG] job=job-watchdog reason=MEMORY info={'watchdog_reason': 'MEMORY', 'pid': 1} | {\"error_envelope\": {\"context\": {\"pid\": 1, \"watchdog_reason\": \"MEMORY\"}, \"error_type\": \"WatchdogViolationError\", \"job_id\": \"job-watchdog\", \"message\": \"Watchdog memory violation\", \"remediation\": \"Reduce job size or raise resource caps in configuration.\", \"retry_info\": null, \"severity\": \"ERROR\", \"stack\": \"src.utils.exceptions_v2.WatchdogViolationError: Watchdog memory violation\\n\", \"stage\": null, \"subsystem\": \"watchdog\", \"timestamp\": 1765552236.339422}, \"subsystem\": \"watchdog\"}",
    "created": 1765552236.339422,
    "payload": {
      "message": "[WATCHDOG] job=job-watchdog reason=MEMORY info={'watchdog_reason': 'MEMORY', 'pid': 1}",
      "subsystem": "watchdog",
      "error_envelope": {
        "error_type": "WatchdogViolationError",
        "subsystem": "watchdog",
        "severity": "ERROR",
        "message": "Watchdog memory violation",
        "stack": "src.utils.exceptions_v2.WatchdogViolationError: Watchdog memory violation\n",
        "job_id": "job-watchdog",
        "stage": null,
        "timestamp": 1765552236.339422,
        "remediation": "Reduce job size or raise resource caps in configuration.",
        "context": {
          "watchdog_reason": "MEMORY",
          "pid": 1
        },
        "retry_info": null
      }
    }
  },
  {
    "level": "INFO",
    "name": "src.services.queue_store_v2",
    "message": "Loaded queue state: 0 jobs, auto_run=True, paused=False",
    "created": 1765552236.3674235
  },
  {
    "level": "INFO",
    "name": "src.controller.job_execution_controller",
    "message": "Restored queue state: auto_run=True, paused=False, 0 restored job(s)",
    "created": 1765552236.3714228
  },
  {
    "level": "INFO",
    "name": "src.services.queue_store_v2",
    "message": "QUEUE_STATE_SAVED | Persisted queue state",
    "created": 1765552236.3754485
  },
  {
    "level": "INFO",
    "name": "src.services.queue_store_v2",
    "message": "Loaded queue state: 0 jobs, auto_run=True, paused=False",
    "created": 1765552236.381453
  },
  {
    "level": "INFO",
    "name": "src.controller.job_execution_controller",
    "message": "Restored queue state: auto_run=True, paused=False, 0 restored job(s)",
    "created": 1765552236.3844533
  },
  {
    "level": "INFO",
    "name": "src.services.queue_store_v2",
    "message": "QUEUE_STATE_SAVED | Persisted queue state",
    "created": 1765552236.389457
  },
  {
    "level": "INFO",
    "name": "src.services.queue_store_v2",
    "message": "Loaded queue state: 0 jobs, auto_run=True, paused=False",
    "created": 1765552236.393453
  },
  {
    "level": "INFO",
    "name": "src.controller.app_controller",
    "message": "Restored queue state: auto_run=True, paused=False, 0 jobs (jobs not restored in V1 queue)",
    "created": 1765552236.396452
  },
  {
    "level": "INFO",
    "name": "src.utils.file_io",
    "message": "Read 1 prompts from test_pack.txt",
    "created": 1765552236.399453
  },
  {
    "level": "INFO",
    "name": "src.services.queue_store_v2",
    "message": "Loaded queue state: 0 jobs, auto_run=True, paused=False",
    "created": 1765552236.4054518
  },
  {
    "level": "INFO",
    "name": "src.controller.job_execution_controller",
    "message": "Restored queue state: auto_run=True, paused=False, 0 restored job(s)",
    "created": 1765552236.4094522
  },
  {
    "level": "INFO",
    "name": "src.services.queue_store_v2",
    "message": "QUEUE_STATE_SAVED | Persisted queue state",
    "created": 1765552236.412452
  },
  {
    "level": "INFO",
    "name": "src.services.queue_store_v2",
    "message": "Loaded queue state: 0 jobs, auto_run=True, paused=False",
    "created": 1765552236.446124
  },
  {
    "level": "INFO",
    "name": "src.controller.job_execution_controller",
    "message": "Restored queue state: auto_run=True, paused=False, 0 restored job(s)",
    "created": 1765552236.4491236
  },
  {
    "level": "INFO",
    "name": "src.services.queue_store_v2",
    "message": "QUEUE_STATE_SAVED | Persisted queue state",
    "created": 1765552236.4532003
  },
  {
    "level": "INFO",
    "name": "src.gui.state",
    "message": "State transition: IDLE -> RUNNING",
    "created": 1765552236.4561996
  },
  {
    "level": "INFO",
    "name": "src.controller.pipeline_controller",
    "message": "Submitted 1 jobs via V2 pipeline",
    "created": 1765552236.4592526
  },
  {
    "level": "INFO",
    "name": "src.services.queue_store_v2",
    "message": "Loaded queue state: 0 jobs, auto_run=True, paused=False",
    "created": 1765552236.4643204
  },
  {
    "level": "INFO",
    "name": "src.controller.job_execution_controller",
    "message": "Restored queue state: auto_run=True, paused=False, 0 restored job(s)",
    "created": 1765552236.4673193
  },
  {
    "level": "INFO",
    "name": "src.services.queue_store_v2",
    "message": "QUEUE_STATE_SAVED | Persisted queue state",
    "created": 1765552236.4713817
  },
  {
    "level": "INFO",
    "name": "src.gui.state",
    "message": "State transition: IDLE -> RUNNING",
    "created": 1765552236.4743824
  },
  {
    "level": "INFO",
    "name": "src.controller.pipeline_controller",
    "message": "Submitted 1 jobs via V2 pipeline",
    "created": 1765552236.4774237
  },
  {
    "level": "INFO",
    "name": "src.services.queue_store_v2",
    "message": "Loaded queue state: 0 jobs, auto_run=True, paused=False",
    "created": 1765552236.4814389
  },
  {
    "level": "INFO",
    "name": "src.controller.job_execution_controller",
    "message": "Restored queue state: auto_run=True, paused=False, 0 restored job(s)",
    "created": 1765552236.4845357
  },
  {
    "level": "INFO",
    "name": "src.services.queue_store_v2",
    "message": "QUEUE_STATE_SAVED | Persisted queue state",
    "created": 1765552236.4884207
  },
  {
    "level": "INFO",
    "name": "src.gui.state",
    "message": "State transition: IDLE -> RUNNING",
    "created": 1765552236.4914372
  },
  {
    "level": "INFO",
    "name": "src.controller.pipeline_controller",
    "message": "Submitted 3 jobs via V2 pipeline",
    "created": 1765552236.494681
  },
  {
    "level": "INFO",
    "name": "src.services.queue_store_v2",
    "message": "Loaded queue state: 0 jobs, auto_run=True, paused=False",
    "created": 1765552236.498681
  },
  {
    "level": "INFO",
    "name": "src.controller.job_execution_controller",
    "message": "Restored queue state: auto_run=True, paused=False, 0 restored job(s)",
    "created": 1765552236.5016813
  },
  {
    "level": "INFO",
    "name": "src.services.queue_store_v2",
    "message": "QUEUE_STATE_SAVED | Persisted queue state",
    "created": 1765552236.5056827
  },
  {
    "level": "INFO",
    "name": "src.gui.state",
    "message": "State transition: IDLE -> RUNNING",
    "created": 1765552236.5087948
  },
  {
    "level": "INFO",
    "name": "src.controller.pipeline_controller",
    "message": "Submitted 2 jobs via V2 pipeline",
    "created": 1765552236.5117953
  },
  {
    "level": "INFO",
    "name": "src.services.queue_store_v2",
    "message": "Loaded queue state: 0 jobs, auto_run=True, paused=False",
    "created": 1765552236.5168796
  },
  {
    "level": "INFO",
    "name": "src.controller.job_execution_controller",
    "message": "Restored queue state: auto_run=True, paused=False, 0 restored job(s)",
    "created": 1765552236.5199437
  },
  {
    "level": "INFO",
    "name": "src.services.queue_store_v2",
    "message": "QUEUE_STATE_SAVED | Persisted queue state",
    "created": 1765552236.5229445
  },
  {
    "level": "INFO",
    "name": "src.gui.state",
    "message": "State transition: IDLE -> RUNNING",
    "created": 1765552236.5270157
  },
  {
    "level": "INFO",
    "name": "src.controller.pipeline_controller",
    "message": "Submitted 1 jobs via V2 pipeline",
    "created": 1765552236.5300004
  },
  {
    "level": "INFO",
    "name": "src.services.queue_store_v2",
    "message": "Loaded queue state: 0 jobs, auto_run=True, paused=False",
    "created": 1765552236.5340466
  },
  {
    "level": "INFO",
    "name": "src.controller.job_execution_controller",
    "message": "Restored queue state: auto_run=True, paused=False, 0 restored job(s)",
    "created": 1765552236.537128
  },
  {
    "level": "INFO",
    "name": "src.services.queue_store_v2",
    "message": "QUEUE_STATE_SAVED | Persisted queue state",
    "created": 1765552236.5401278
  },
  {
    "level": "WARNING",
    "name": "src.controller.pipeline_controller",
    "message": "JobBuilderV2 returned no jobs for current state",
    "created": 1765552236.5441866
  },
  {
    "level": "WARNING",
    "name": "src.controller.pipeline_controller",
    "message": "No jobs to submit",
    "created": 1765552236.5471861
  },
  {
    "level": "INFO",
    "name": "src.services.queue_store_v2",
    "message": "Loaded queue state: 0 jobs, auto_run=True, paused=False",
    "created": 1765552236.551239
  },
  {
    "level": "INFO",
    "name": "src.controller.job_execution_controller",
    "message": "Restored queue state: auto_run=True, paused=False, 0 restored job(s)",
    "created": 1765552236.5542378
  },
  {
    "level": "INFO",
    "name": "src.services.queue_store_v2",
    "message": "QUEUE_STATE_SAVED | Persisted queue state",
    "created": 1765552236.559307
  },
  {
    "level": "WARNING",
    "name": "src.controller.pipeline_controller",
    "message": "JobBuilderV2 returned no jobs for current state",
    "created": 1765552236.563307
  },
  {
    "level": "WARNING",
    "name": "src.controller.pipeline_controller",
    "message": "No jobs to submit",
    "created": 1765552236.5653062
  },
  {
    "level": "INFO",
    "name": "src.services.queue_store_v2",
    "message": "Loaded queue state: 0 jobs, auto_run=True, paused=False",
    "created": 1765552236.5704722
  },
  {
    "level": "INFO",
    "name": "src.controller.job_execution_controller",
    "message": "Restored queue state: auto_run=True, paused=False, 0 restored job(s)",
    "created": 1765552236.5735319
  },
  {
    "level": "INFO",
    "name": "src.services.queue_store_v2",
    "message": "QUEUE_STATE_SAVED | Persisted queue state",
    "created": 1765552236.577533
  },
  {
    "level": "INFO",
    "name": "src.gui.state",
    "message": "State transition: IDLE -> RUNNING",
    "created": 1765552236.58061
  },
  {
    "level": "INFO",
    "name": "src.controller.pipeline_controller",
    "message": "Submitted 1 jobs via V2 pipeline",
    "created": 1765552236.5843222
  },
  {
    "level": "INFO",
    "name": "src.services.queue_store_v2",
    "message": "Loaded queue state: 0 jobs, auto_run=True, paused=False",
    "created": 1765552236.588646
  },
  {
    "level": "INFO",
    "name": "src.controller.job_execution_controller",
    "message": "Restored queue state: auto_run=True, paused=False, 0 restored job(s)",
    "created": 1765552236.591726
  },
  {
    "level": "INFO",
    "name": "src.services.queue_store_v2",
    "message": "QUEUE_STATE_SAVED | Persisted queue state",
    "created": 1765552236.5941858
  },
  {
    "level": "INFO",
    "name": "src.gui.state",
    "message": "State transition: IDLE -> RUNNING",
    "created": 1765552236.5987344
  },
  {
    "level": "INFO",
    "name": "src.controller.pipeline_controller",
    "message": "Submitted 1 jobs via V2 pipeline",
    "created": 1765552236.6017344
  },
  {
    "level": "INFO",
    "name": "src.services.queue_store_v2",
    "message": "Loaded queue state: 0 jobs, auto_run=True, paused=False",
    "created": 1765552236.6067345
  },
  {
    "level": "INFO",
    "name": "src.controller.job_execution_controller",
    "message": "Restored queue state: auto_run=True, paused=False, 0 restored job(s)",
    "created": 1765552236.6099303
  },
  {
    "level": "INFO",
    "name": "src.services.queue_store_v2",
    "message": "QUEUE_STATE_SAVED | Persisted queue state",
    "created": 1765552236.6129298
  },
  {
    "level": "INFO",
    "name": "src.services.queue_store_v2",
    "message": "Loaded queue state: 0 jobs, auto_run=True, paused=False",
    "created": 1765552236.620931
  },
  {
    "level": "INFO",
    "name": "src.controller.job_execution_controller",
    "message": "Restored queue state: auto_run=True, paused=False, 0 restored job(s)",
    "created": 1765552236.6239297
  },
  {
    "level": "INFO",
    "name": "src.services.queue_store_v2",
    "message": "QUEUE_STATE_SAVED | Persisted queue state",
    "created": 1765552236.6279306
  },
  {
    "level": "INFO",
    "name": "src.gui.state",
    "message": "State transition: IDLE -> RUNNING",
    "created": 1765552236.6309297
  },
  {
    "level": "INFO",
    "name": "src.services.queue_store_v2",
    "message": "Loaded queue state: 0 jobs, auto_run=True, paused=False",
    "created": 1765552236.6359313
  },
  {
    "level": "INFO",
    "name": "src.controller.job_execution_controller",
    "message": "Restored queue state: auto_run=True, paused=False, 0 restored job(s)",
    "created": 1765552236.639254
  },
  {
    "level": "INFO",
    "name": "src.services.queue_store_v2",
    "message": "QUEUE_STATE_SAVED | Persisted queue state",
    "created": 1765552236.6422546
  },
  {
    "level": "INFO",
    "name": "src.gui.state",
    "message": "State transition: IDLE -> RUNNING",
    "created": 1765552236.6462553
  },
  {
    "level": "WARNING",
    "name": "src.gui.state",
    "message": "Invalid state transition: RUNNING -> RUNNING",
    "created": 1765552236.6482563
  },
  {
    "level": "WARNING",
    "name": "src.gui.state",
    "message": "Invalid state transition: RUNNING -> RUNNING",
    "created": 1765552236.6512544
  },
  {
    "level": "INFO",
    "name": "src.gui.state",
    "message": "State transition: RUNNING -> IDLE",
    "created": 1765552236.6542554
  },
  {
    "level": "INFO",
    "name": "src.services.queue_store_v2",
    "message": "Loaded queue state: 0 jobs, auto_run=True, paused=False",
    "created": 1765552236.6592562
  },
  {
    "level": "INFO",
    "name": "src.controller.job_execution_controller",
    "message": "Restored queue state: auto_run=True, paused=False, 0 restored job(s)",
    "created": 1765552236.6622565
  },
  {
    "level": "INFO",
    "name": "src.services.queue_store_v2",
    "message": "QUEUE_STATE_SAVED | Persisted queue state",
    "created": 1765552236.665255
  },
  {
    "level": "WARNING",
    "name": "src.gui.state",
    "message": "Invalid state transition: IDLE -> STOPPING",
    "created": 1765552236.669255
  },
  {
    "level": "INFO",
    "name": "src.services.queue_store_v2",
    "message": "Loaded queue state: 0 jobs, auto_run=True, paused=False",
    "created": 1765552236.6742544
  },
  {
    "level": "INFO",
    "name": "src.controller.job_execution_controller",
    "message": "Restored queue state: auto_run=True, paused=False, 0 restored job(s)",
    "created": 1765552236.6776583
  },
  {
    "level": "INFO",
    "name": "src.services.queue_store_v2",
    "message": "QUEUE_STATE_SAVED | Persisted queue state",
    "created": 1765552236.680658
  },
  {
    "level": "INFO",
    "name": "src.gui.state",
    "message": "State transition: IDLE -> RUNNING",
    "created": 1765552236.6847165
  },
  {
    "level": "INFO",
    "name": "src.controller.pipeline_controller",
    "message": "Submitted 1 jobs via V2 pipeline",
    "created": 1765552236.6877158
  },
  {
    "level": "INFO",
    "name": "src.services.queue_store_v2",
    "message": "Loaded queue state: 0 jobs, auto_run=True, paused=False",
    "created": 1765552236.6917684
  },
  {
    "level": "INFO",
    "name": "src.controller.job_execution_controller",
    "message": "Restored queue state: auto_run=True, paused=False, 0 restored job(s)",
    "created": 1765552236.6948354
  },
  {
    "level": "INFO",
    "name": "src.services.queue_store_v2",
    "message": "QUEUE_STATE_SAVED | Persisted queue state",
    "created": 1765552236.6988358
  },
  {
    "level": "INFO",
    "name": "src.gui.state",
    "message": "State transition: IDLE -> RUNNING",
    "created": 1765552236.701901
  },
  {
    "level": "INFO",
    "name": "src.controller.pipeline_controller",
    "message": "Submitted 1 jobs via V2 pipeline",
    "created": 1765552236.7049
  },
  {
    "level": "INFO",
    "name": "src.services.queue_store_v2",
    "message": "Loaded queue state: 0 jobs, auto_run=True, paused=False",
    "created": 1765552236.7100606
  },
  {
    "level": "INFO",
    "name": "src.controller.job_execution_controller",
    "message": "Restored queue state: auto_run=True, paused=False, 0 restored job(s)",
    "created": 1765552236.7130718
  },
  {
    "level": "INFO",
    "name": "src.services.queue_store_v2",
    "message": "QUEUE_STATE_SAVED | Persisted queue state",
    "created": 1765552236.7170718
  },
  {
    "level": "INFO",
    "name": "src.gui.state",
    "message": "State transition: IDLE -> RUNNING",
    "created": 1765552236.7201138
  },
  {
    "level": "INFO",
    "name": "src.controller.pipeline_controller",
    "message": "Submitted 1 jobs via V2 pipeline",
    "created": 1765552236.7231128
  },
  {
    "level": "INFO",
    "name": "src.services.queue_store_v2",
    "message": "Loaded queue state: 0 jobs, auto_run=True, paused=False",
    "created": 1765552236.727115
  },
  {
    "level": "INFO",
    "name": "src.controller.job_execution_controller",
    "message": "Restored queue state: auto_run=True, paused=False, 0 restored job(s)",
    "created": 1765552236.7301133
  },
  {
    "level": "INFO",
    "name": "src.services.queue_store_v2",
    "message": "QUEUE_STATE_SAVED | Persisted queue state",
    "created": 1765552236.7341135
  },
  {
    "level": "INFO",
    "name": "src.gui.state",
    "message": "State transition: IDLE -> RUNNING",
    "created": 1765552236.7371132
  },
  {
    "level": "INFO",
    "name": "src.controller.pipeline_controller",
    "message": "Submitted 1 jobs via V2 pipeline",
    "created": 1765552236.7401137
  },
  {
    "level": "INFO",
    "name": "src.services.queue_store_v2",
    "message": "Loaded queue state: 0 jobs, auto_run=True, paused=False",
    "created": 1765552236.7451138
  },
  {
    "level": "INFO",
    "name": "src.controller.job_execution_controller",
    "message": "Restored queue state: auto_run=True, paused=False, 0 restored job(s)",
    "created": 1765552236.747113
  },
  {
    "level": "INFO",
    "name": "src.services.queue_store_v2",
    "message": "QUEUE_STATE_SAVED | Persisted queue state",
    "created": 1765552236.751114
  },
  {
    "level": "INFO",
    "name": "src.gui.state",
    "message": "State transition: IDLE -> RUNNING",
    "created": 1765552236.7541132
  },
  {
    "level": "INFO",
    "name": "src.controller.pipeline_controller",
    "message": "Submitted 3 jobs via V2 pipeline",
    "created": 1765552236.7581139
  },
  {
    "level": "INFO",
    "name": "src.services.queue_store_v2",
    "message": "Loaded queue state: 0 jobs, auto_run=True, paused=False",
    "created": 1765552236.7631137
  },
  {
    "level": "INFO",
    "name": "src.controller.job_execution_controller",
    "message": "Restored queue state: auto_run=True, paused=False, 0 restored job(s)",
    "created": 1765552236.7661135
  },
  {
    "level": "INFO",
    "name": "src.services.queue_store_v2",
    "message": "QUEUE_STATE_SAVED | Persisted queue state",
    "created": 1765552236.7691126
  },
  {
    "level": "INFO",
    "name": "src.gui.state",
    "message": "State transition: IDLE -> RUNNING",
    "created": 1765552236.7731135
  },
  {
    "level": "INFO",
    "name": "src.controller.pipeline_controller",
    "message": "Submitted 2 jobs via V2 pipeline",
    "created": 1765552236.7761142
  },
  {
    "level": "INFO",
    "name": "src.services.queue_store_v2",
    "message": "Loaded queue state: 0 jobs, auto_run=True, paused=False",
    "created": 1765552236.780114
  },
  {
    "level": "INFO",
    "name": "src.controller.job_execution_controller",
    "message": "Restored queue state: auto_run=True, paused=False, 0 restored job(s)",
    "created": 1765552236.784114
  },
  {
    "level": "INFO",
    "name": "src.services.queue_store_v2",
    "message": "QUEUE_STATE_SAVED | Persisted queue state",
    "created": 1765552236.7878244
  },
  {
    "level": "INFO",
    "name": "src.gui.state",
    "message": "State transition: IDLE -> RUNNING",
    "created": 1765552236.7908237
  },
  {
    "level": "INFO",
    "name": "src.controller.pipeline_controller",
    "message": "Submitted 1 jobs via V2 pipeline",
    "created": 1765552236.7928905
  },
  {
    "level": "INFO",
    "name": "src.services.queue_store_v2",
    "message": "Loaded queue state: 0 jobs, auto_run=True, paused=False",
    "created": 1765552236.7979903
  },
  {
    "level": "INFO",
    "name": "src.controller.job_execution_controller",
    "message": "Restored queue state: auto_run=True, paused=False, 0 restored job(s)",
    "created": 1765552236.8009892
  },
  {
    "level": "INFO",
    "name": "src.services.queue_store_v2",
    "message": "QUEUE_STATE_SAVED | Persisted queue state",
    "created": 1765552236.8039906
  },
  {
    "level": "INFO",
    "name": "src.gui.state",
    "message": "State transition: IDLE -> RUNNING",
    "created": 1765552236.8069901
  },
  {
    "level": "INFO",
    "name": "src.controller.pipeline_controller",
    "message": "Submitted 2 jobs via V2 pipeline",
    "created": 1765552236.80999
  },
  {
    "level": "INFO",
    "name": "src.services.queue_store_v2",
    "message": "Loaded queue state: 0 jobs, auto_run=True, paused=False",
    "created": 1765552236.8149905
  },
  {
    "level": "INFO",
    "name": "src.controller.job_execution_controller",
    "message": "Restored queue state: auto_run=True, paused=False, 0 restored job(s)",
    "created": 1765552236.8179903
  },
  {
    "level": "INFO",
    "name": "src.services.queue_store_v2",
    "message": "QUEUE_STATE_SAVED | Persisted queue state",
    "created": 1765552236.821991
  },
  {
    "level": "INFO",
    "name": "src.services.queue_store_v2",
    "message": "Loaded queue state: 0 jobs, auto_run=True, paused=False",
    "created": 1765552236.826991
  },
  {
    "level": "INFO",
    "name": "src.controller.job_execution_controller",
    "message": "Restored queue state: auto_run=True, paused=False, 0 restored job(s)",
    "created": 1765552236.829991
  },
  {
    "level": "INFO",
    "name": "src.services.queue_store_v2",
    "message": "QUEUE_STATE_SAVED | Persisted queue state",
    "created": 1765552236.8339908
  },
  {
    "level": "INFO",
    "name": "src.gui.state",
    "message": "State transition: IDLE -> ERROR",
    "created": 1765552236.842991
  },
  {
    "level": "INFO",
    "name": "src.services.queue_store_v2",
    "message": "Loaded queue state: 0 jobs, auto_run=True, paused=False",
    "created": 1765552236.8499906
  },
  {
    "level": "INFO",
    "name": "src.controller.job_execution_controller",
    "message": "Restored queue state: auto_run=True, paused=False, 0 restored job(s)",
    "created": 1765552236.856993
  },
  {
    "level": "INFO",
    "name": "src.services.queue_store_v2",
    "message": "QUEUE_STATE_SAVED | Persisted queue state",
    "created": 1765552236.863991
  },
  {
    "level": "INFO",
    "name": "src.gui.state",
    "message": "State transition: IDLE -> RUNNING",
    "created": 1765552236.8719914
  },
  {
    "level": "WARNING",
    "name": "src.controller.pipeline_controller",
    "message": "PR-CORE1-B2: Job submitted without normalized_record in NJR-only mode. Job ID: job-1, Source: gui",
    "created": 1765552236.8850453
  },
  {
    "level": "INFO",
    "name": "src.services.queue_store_v2",
    "message": "Loaded queue state: 0 jobs, auto_run=True, paused=False",
    "created": 1765552236.895017
  },
  {
    "level": "INFO",
    "name": "src.controller.job_execution_controller",
    "message": "Restored queue state: auto_run=True, paused=False, 0 restored job(s)",
    "created": 1765552236.8980165
  },
  {
    "level": "INFO",
    "name": "src.services.queue_store_v2",
    "message": "QUEUE_STATE_SAVED | Persisted queue state",
    "created": 1765552236.9020789
  },
  {
    "level": "INFO",
    "name": "src.services.queue_store_v2",
    "message": "Loaded queue state: 0 jobs, auto_run=True, paused=False",
    "created": 1765552236.9060788
  },
  {
    "level": "INFO",
    "name": "src.controller.app_controller",
    "message": "Restored queue state: auto_run=True, paused=False, 0 jobs (jobs not restored in V1 queue)",
    "created": 1765552236.9091585
  },
  {
    "level": "INFO",
    "name": "src.services.queue_store_v2",
    "message": "Loaded queue state: 0 jobs, auto_run=True, paused=False",
    "created": 1765552236.91321
  },
  {
    "level": "INFO",
    "name": "src.controller.job_execution_controller",
    "message": "Restored queue state: auto_run=True, paused=False, 0 restored job(s)",
    "created": 1765552236.9162102
  },
  {
    "level": "INFO",
    "name": "src.services.queue_store_v2",
    "message": "QUEUE_STATE_SAVED | Persisted queue state",
    "created": 1765552236.92027
  },
  {
    "level": "INFO",
    "name": "src.services.queue_store_v2",
    "message": "Loaded queue state: 0 jobs, auto_run=True, paused=False",
    "created": 1765552236.9242704
  },
  {
    "level": "INFO",
    "name": "src.controller.app_controller",
    "message": "Restored queue state: auto_run=True, paused=False, 0 jobs (jobs not restored in V1 queue)",
    "created": 1765552236.9264073
  },
  {
    "level": "INFO",
    "name": "src.services.queue_store_v2",
    "message": "Loaded queue state: 0 jobs, auto_run=True, paused=False",
    "created": 1765552236.9314065
  },
  {
    "level": "INFO",
    "name": "src.controller.job_execution_controller",
    "message": "Restored queue state: auto_run=True, paused=False, 0 restored job(s)",
    "created": 1765552236.9344049
  },
  {
    "level": "INFO",
    "name": "src.services.queue_store_v2",
    "message": "QUEUE_STATE_SAVED | Persisted queue state",
    "created": 1765552236.9384742
  },
  {
    "level": "INFO",
    "name": "src.services.queue_store_v2",
    "message": "Loaded queue state: 0 jobs, auto_run=True, paused=False",
    "created": 1765552236.9424753
  },
  {
    "level": "INFO",
    "name": "src.controller.app_controller",
    "message": "Restored queue state: auto_run=True, paused=False, 0 jobs (jobs not restored in V1 queue)",
    "created": 1765552236.945542
  },
  {
    "level": "INFO",
    "name": "src.controller.pipeline_controller",
    "message": "Replayed job replay-job with 1 queued job(s)",
    "created": 1765552236.9586844
  },
  {
    "level": "INFO",
    "name": "src.services.queue_store_v2",
    "message": "Loaded queue state: 0 jobs, auto_run=True, paused=False",
    "created": 1765552236.9627573
  },
  {
    "level": "INFO",
    "name": "src.controller.job_execution_controller",
    "message": "Restored queue state: auto_run=True, paused=False, 0 restored job(s)",
    "created": 1765552236.966757
  },
  {
    "level": "INFO",
    "name": "src.services.queue_store_v2",
    "message": "QUEUE_STATE_SAVED | Persisted queue state",
    "created": 1765552236.970757
  },
  {
    "level": "INFO",
    "name": "src.services.queue_store_v2",
    "message": "Loaded queue state: 0 jobs, auto_run=True, paused=False",
    "created": 1765552236.9747574
  },
  {
    "level": "INFO",
    "name": "src.controller.app_controller",
    "message": "Restored queue state: auto_run=True, paused=False, 0 jobs (jobs not restored in V1 queue)",
    "created": 1765552236.9777563
  },
  {
    "level": "INFO",
    "name": "src.services.queue_store_v2",
    "message": "Loaded queue state: 0 jobs, auto_run=True, paused=False",
    "created": 1765552236.982758
  },
  {
    "level": "INFO",
    "name": "src.controller.job_execution_controller",
    "message": "Restored queue state: auto_run=True, paused=False, 0 restored job(s)",
    "created": 1765552236.9860256
  },
  {
    "level": "INFO",
    "name": "src.services.queue_store_v2",
    "message": "QUEUE_STATE_SAVED | Persisted queue state",
    "created": 1765552236.9900255
  },
  {
    "level": "INFO",
    "name": "src.services.queue_store_v2",
    "message": "Loaded queue state: 0 jobs, auto_run=True, paused=False",
    "created": 1765552236.9940255
  },
  {
    "level": "INFO",
    "name": "src.controller.app_controller",
    "message": "Restored queue state: auto_run=True, paused=False, 0 jobs (jobs not restored in V1 queue)",
    "created": 1765552236.997025
  },
  {
    "level": "INFO",
    "name": "src.services.queue_store_v2",
    "message": "Loaded queue state: 0 jobs, auto_run=True, paused=False",
    "created": 1765552237.0020258
  },
  {
    "level": "INFO",
    "name": "src.controller.job_execution_controller",
    "message": "Restored queue state: auto_run=True, paused=False, 0 restored job(s)",
    "created": 1765552237.0052042
  },
  {
    "level": "INFO",
    "name": "src.services.queue_store_v2",
    "message": "QUEUE_STATE_SAVED | Persisted queue state",
    "created": 1765552237.0092046
  },
  {
    "level": "INFO",
    "name": "src.services.queue_store_v2",
    "message": "Loaded queue state: 0 jobs, auto_run=True, paused=False",
    "created": 1765552237.014663
  },
  {
    "level": "INFO",
    "name": "src.controller.job_execution_controller",
    "message": "Restored queue state: auto_run=True, paused=False, 0 restored job(s)",
    "created": 1765552237.0184946
  },
  {
    "level": "INFO",
    "name": "src.services.queue_store_v2",
    "message": "QUEUE_STATE_SAVED | Persisted queue state",
    "created": 1765552237.0224953
  },
  {
    "level": "INFO",
    "name": "src.services.queue_store_v2",
    "message": "Loaded queue state: 0 jobs, auto_run=True, paused=False",
    "created": 1765552237.0366144
  },
  {
    "level": "INFO",
    "name": "src.controller.job_execution_controller",
    "message": "Restored queue state: auto_run=True, paused=False, 0 restored job(s)",
    "created": 1765552237.0407104
  },
  {
    "level": "INFO",
    "name": "src.services.queue_store_v2",
    "message": "QUEUE_STATE_SAVED | Persisted queue state",
    "created": 1765552237.04471
  },
  {
    "level": "INFO",
    "name": "root",
    "message": "Using model profile preset best (source=internet_prior) for TestModel + ['TestLora'].",
    "created": 1765552237.049774
  },
  {
    "level": "INFO",
    "name": "src.services.queue_store_v2",
    "message": "Loaded queue state: 0 jobs, auto_run=True, paused=False",
    "created": 1765552237.0547743
  },
  {
    "level": "INFO",
    "name": "src.controller.job_execution_controller",
    "message": "Restored queue state: auto_run=True, paused=False, 0 restored job(s)",
    "created": 1765552237.0587726
  },
  {
    "level": "INFO",
    "name": "src.services.queue_store_v2",
    "message": "QUEUE_STATE_SAVED | Persisted queue state",
    "created": 1765552237.0617726
  },
  {
    "level": "INFO",
    "name": "root",
    "message": "Using model profile preset best (source=internet_prior) for TestModel + ['TestLora'].",
    "created": 1765552237.0658426
  },
  {
    "level": "INFO",
    "name": "src.services.queue_store_v2",
    "message": "Loaded queue state: 0 jobs, auto_run=True, paused=False",
    "created": 1765552237.0709383
  },
  {
    "level": "INFO",
    "name": "src.controller.job_execution_controller",
    "message": "Restored queue state: auto_run=True, paused=False, 0 restored job(s)",
    "created": 1765552237.0739386
  },
  {
    "level": "INFO",
    "name": "src.services.queue_store_v2",
    "message": "QUEUE_STATE_SAVED | Persisted queue state",
    "created": 1765552237.0780292
  },
  {
    "level": "INFO",
    "name": "src.services.queue_store_v2",
    "message": "Loaded queue state: 0 jobs, auto_run=True, paused=False",
    "created": 1765552237.0861082
  },
  {
    "level": "INFO",
    "name": "src.controller.job_execution_controller",
    "message": "Restored queue state: auto_run=True, paused=False, 0 restored job(s)",
    "created": 1765552237.0891056
  },
  {
    "level": "INFO",
    "name": "src.services.queue_store_v2",
    "message": "QUEUE_STATE_SAVED | Persisted queue state",
    "created": 1765552237.0931065
  },
  {
    "level": "INFO",
    "name": "src.services.queue_store_v2",
    "message": "Loaded queue state: 0 jobs, auto_run=True, paused=False",
    "created": 1765552237.099108
  },
  {
    "level": "INFO",
    "name": "src.controller.job_execution_controller",
    "message": "Restored queue state: auto_run=True, paused=False, 0 restored job(s)",
    "created": 1765552237.102106
  },
  {
    "level": "INFO",
    "name": "src.services.queue_store_v2",
    "message": "QUEUE_STATE_SAVED | Persisted queue state",
    "created": 1765552237.1061063
  },
  {
    "level": "INFO",
    "name": "src.services.queue_store_v2",
    "message": "Loaded queue state: 0 jobs, auto_run=True, paused=False",
    "created": 1765552237.1121066
  },
  {
    "level": "INFO",
    "name": "src.controller.job_execution_controller",
    "message": "Restored queue state: auto_run=True, paused=False, 0 restored job(s)",
    "created": 1765552237.1151073
  },
  {
    "level": "INFO",
    "name": "src.services.queue_store_v2",
    "message": "QUEUE_STATE_SAVED | Persisted queue state",
    "created": 1765552237.1191058
  },
  {
    "level": "INFO",
    "name": "src.controller.job_service",
    "message": "Queuing job job-1 for background execution | {\"job_id\": \"job-1\", \"subsystem\": \"job_service\"}",
    "created": 1765552237.1391068,
    "payload": {
      "message": "Queuing job job-1 for background execution",
      "job_id": "job-1",
      "subsystem": "job_service"
    }
  },
  {
    "level": "INFO",
    "name": "src.controller.job_service",
    "message": "Queue worker starting | {\"job_id\": \"job-1\", \"runner\": \"StubRunner\", \"subsystem\": \"job_service\"}",
    "created": 1765552237.1431062,
    "payload": {
      "message": "Queue worker starting",
      "job_id": "job-1",
      "subsystem": "job_service",
      "runner": "StubRunner"
    }
  },
  {
    "level": "INFO",
    "name": "src.controller.job_service",
    "message": "Queuing job job-2 for background execution | {\"job_id\": \"job-2\", \"subsystem\": \"job_service\"}",
    "created": 1765552237.1471057,
    "payload": {
      "message": "Queuing job job-2 for background execution",
      "job_id": "job-2",
      "subsystem": "job_service"
    }
  },
  {
    "level": "INFO",
    "name": "src.controller.job_service",
    "message": "Queuing job job-fail for background execution | {\"job_id\": \"job-fail\", \"subsystem\": \"job_service\"}",
    "created": 1765552237.1511073,
    "payload": {
      "message": "Queuing job job-fail for background execution",
      "job_id": "job-fail",
      "subsystem": "job_service"
    }
  },
  {
    "level": "INFO",
    "name": "src.controller.job_service",
    "message": "Queue worker starting | {\"job_id\": \"job-fail\", \"runner\": \"FailingRunner\", \"subsystem\": \"job_service\"}",
    "created": 1765552237.1541064,
    "payload": {
      "message": "Queue worker starting",
      "job_id": "job-fail",
      "subsystem": "job_service",
      "runner": "FailingRunner"
    }
  },
  {
    "level": "ERROR",
    "name": "src.controller.job_service",
    "message": "Queue worker failed to start | {\"error\": \"worker start failed\", \"runner\": \"FailingRunner\", \"subsystem\": \"job_service\"}",
    "created": 1765552237.1571069,
    "payload": {
      "message": "Queue worker failed to start",
      "subsystem": "job_service",
      "runner": "FailingRunner",
      "error": "worker start failed"
    }
  },
  {
    "level": "INFO",
    "name": "src.services.queue_store_v2",
    "message": "Loaded queue state: 0 jobs, auto_run=True, paused=False",
    "created": 1765552237.163108
  },
  {
    "level": "INFO",
    "name": "src.controller.job_execution_controller",
    "message": "Restored queue state: auto_run=True, paused=False, 0 restored job(s)",
    "created": 1765552237.1661057
  },
  {
    "level": "INFO",
    "name": "src.services.queue_store_v2",
    "message": "QUEUE_STATE_SAVED | Persisted queue state",
    "created": 1765552237.1701066
  },
  {
    "level": "INFO",
    "name": "src.services.queue_store_v2",
    "message": "Loaded queue state: 0 jobs, auto_run=True, paused=False",
    "created": 1765552237.1750793
  },
  {
    "level": "INFO",
    "name": "src.controller.app_controller",
    "message": "Restored queue state: auto_run=True, paused=False, 0 jobs (jobs not restored in V1 queue)",
    "created": 1765552237.1780765
  },
  {
    "level": "INFO",
    "name": "src.controller.app_controller",
    "message": "Resource update: 0 models, 0 vaes, 0 samplers, 0 schedulers, 0 upscalers",
    "created": 1765552237.1811428
  },
  {
    "level": "INFO",
    "name": "shutdown_inspector_threads",
    "message": "=== Shutdown inspector (thread-check) ===",
    "created": 1765552237.186201
  },
  {
    "level": "INFO",
    "name": "shutdown_inspector_threads",
    "message": "Thread: name=MainThread daemon=False alive=True ident=25964",
    "created": 1765552237.1892016
  },
  {
    "level": "INFO",
    "name": "shutdown_inspector_threads",
    "message": "Thread: name=Thread-5 (_shutdown_watchdog) daemon=True alive=True ident=8904",
    "created": 1765552237.192259
  },
  {
    "level": "INFO",
    "name": "shutdown_inspector_threads",
    "message": "Thread: name=Thread-6 (_shutdown_watchdog) daemon=True alive=True ident=7976",
    "created": 1765552237.1962597
  },
  {
    "level": "INFO",
    "name": "shutdown_inspector_threads",
    "message": "Thread: name=Thread-7 (_shutdown_watchdog) daemon=True alive=True ident=8220",
    "created": 1765552237.1993215
  },
  {
    "level": "INFO",
    "name": "shutdown_inspector_threads",
    "message": "Thread: name=Thread-9 (_worker_loop) daemon=True alive=True ident=25956",
    "created": 1765552237.2023213
  },
  {
    "level": "INFO",
    "name": "shutdown_inspector_threads",
    "message": "Thread: name=Thread-10 (_worker_loop) daemon=True alive=True ident=27616",
    "created": 1765552237.2063923
  },
  {
    "level": "INFO",
    "name": "shutdown_inspector_threads",
    "message": "Thread: name=Thread-11 (_worker_loop) daemon=True alive=True ident=33008",
    "created": 1765552237.2103941
  },
  {
    "level": "INFO",
    "name": "shutdown_inspector_threads",
    "message": "Thread: name=Thread-12 (_shutdown_watchdog) daemon=True alive=True ident=22560",
    "created": 1765552237.213393
  },
  {
    "level": "INFO",
    "name": "shutdown_inspector_threads",
    "message": "Thread: name=Thread-13 (_shutdown_watchdog) daemon=True alive=True ident=33492",
    "created": 1765552237.2163932
  },
  {
    "level": "INFO",
    "name": "shutdown_inspector_threads",
    "message": "Thread: name=Thread-14 (_shutdown_watchdog) daemon=True alive=True ident=28088",
    "created": 1765552237.2203927
  },
  {
    "level": "INFO",
    "name": "shutdown_inspector_threads",
    "message": "Thread: name=Thread-15 (_shutdown_watchdog) daemon=True alive=True ident=8804",
    "created": 1765552237.2235873
  },
  {
    "level": "INFO",
    "name": "shutdown_inspector_threads",
    "message": "Shutdown inspector: no child processes attached.",
    "created": 1765552237.2316403
  },
  {
    "level": "INFO",
    "name": "shutdown_inspector_children",
    "message": "=== Shutdown inspector (child-check) ===",
    "created": 1765552237.2367172
  },
  {
    "level": "INFO",
    "name": "shutdown_inspector_children",
    "message": "Thread: name=MainThread daemon=False alive=True ident=25964",
    "created": 1765552237.2397153
  },
  {
    "level": "INFO",
    "name": "shutdown_inspector_children",
    "message": "Thread: name=Thread-5 (_shutdown_watchdog) daemon=True alive=True ident=8904",
    "created": 1765552237.2409122
  },
  {
    "level": "INFO",
    "name": "shutdown_inspector_children",
    "message": "Thread: name=Thread-6 (_shutdown_watchdog) daemon=True alive=True ident=7976",
    "created": 1765552237.2467933
  },
  {
    "level": "INFO",
    "name": "shutdown_inspector_children",
    "message": "Thread: name=Thread-7 (_shutdown_watchdog) daemon=True alive=True ident=8220",
    "created": 1765552237.2507913
  },
  {
    "level": "INFO",
    "name": "shutdown_inspector_children",
    "message": "Thread: name=Thread-9 (_worker_loop) daemon=True alive=True ident=25956",
    "created": 1765552237.2539666
  },
  {
    "level": "INFO",
    "name": "shutdown_inspector_children",
    "message": "Thread: name=Thread-10 (_worker_loop) daemon=True alive=True ident=27616",
    "created": 1765552237.2569664
  },
  {
    "level": "INFO",
    "name": "shutdown_inspector_children",
    "message": "Thread: name=Thread-11 (_worker_loop) daemon=True alive=True ident=33008",
    "created": 1765552237.260969
  },
  {
    "level": "INFO",
    "name": "shutdown_inspector_children",
    "message": "Thread: name=Thread-12 (_shutdown_watchdog) daemon=True alive=True ident=22560",
    "created": 1765552237.26397
  },
  {
    "level": "INFO",
    "name": "shutdown_inspector_children",
    "message": "Thread: name=Thread-13 (_shutdown_watchdog) daemon=True alive=True ident=33492",
    "created": 1765552237.2670326
  },
  {
    "level": "INFO",
    "name": "shutdown_inspector_children",
    "message": "Thread: name=Thread-14 (_shutdown_watchdog) daemon=True alive=True ident=28088",
    "created": 1765552237.2700355
  },
  {
    "level": "INFO",
    "name": "shutdown_inspector_children",
    "message": "Thread: name=Thread-15 (_shutdown_watchdog) daemon=True alive=True ident=8804",
    "created": 1765552237.274105
  },
  {
    "level": "INFO",
    "name": "shutdown_inspector_children",
    "message": "Shutdown inspector: no child processes attached.",
    "created": 1765552237.277168
  },
  {
    "level": "INFO",
    "name": "src.services.queue_store_v2",
    "message": "Loaded queue state: 0 jobs, auto_run=True, paused=False",
    "created": 1765552237.2811701
  },
  {
    "level": "INFO",
    "name": "src.controller.job_execution_controller",
    "message": "Restored queue state: auto_run=True, paused=False, 0 restored job(s)",
    "created": 1765552237.2842333
  },
  {
    "level": "INFO",
    "name": "src.services.queue_store_v2",
    "message": "QUEUE_STATE_SAVED | Persisted queue state",
    "created": 1765552237.2882335
  },
  {
    "level": "INFO",
    "name": "src.controller.webui_connection_controller",
    "message": "WebUI models/options are ready at http://x",
    "created": 1765552237.2933142
  },
  {
    "level": "INFO",
    "name": "src.controller.webui_connection_controller",
    "message": "WebUI models/options are ready at http://x",
    "created": 1765552237.297368
  },
  {
    "level": "INFO",
    "name": "src.controller.webui_connection_controller",
    "message": "Trying to auto-detect WebUI on other ports...",
    "created": 1765552237.3024335
  },
  {
    "level": "INFO",
    "name": "src.api.healthcheck",
    "message": "Checking for WebUI API on port 7860 | {\"endpoint\": \"/sdapi/v1/progress\", \"port\": 7860, \"subsystem\": \"api\"}",
    "created": 1765552243.4786108,
    "payload": {
      "message": "Checking for WebUI API on port 7860",
      "subsystem": "api",
      "port": 7860,
      "endpoint": "/sdapi/v1/progress"
    }
  },
  {
    "level": "INFO",
    "name": "src.api.healthcheck",
    "message": "Probing WebUI readiness at models/options endpoints | {\"models_endpoint\": \"/sdapi/v1/sd-models\", \"options_endpoint\": \"/sdapi/v1/options\", \"subsystem\": \"api\"}",
    "created": 1765552249.3128903,
    "payload": {
      "message": "Probing WebUI readiness at models/options endpoints",
      "subsystem": "api",
      "models_endpoint": "/sdapi/v1/sd-models",
      "options_endpoint": "/sdapi/v1/options"
    }
  },
  {
    "level": "WARNING",
    "name": "src.api.healthcheck",
    "message": "WebUI did not become ready within allotted time | {\"subsystem\": \"api\"}",
    "created": 1765552256.4535697,
    "payload": {
      "message": "WebUI did not become ready within allotted time",
      "subsystem": "api"
    }
  },
  {
    "level": "INFO",
    "name": "src.api.healthcheck",
    "message": "Checking for WebUI API on port 7861 | {\"endpoint\": \"/sdapi/v1/progress\", \"port\": 7861, \"subsystem\": \"api\"}",
    "created": 1765552261.9764404,
    "payload": {
      "message": "Checking for WebUI API on port 7861",
      "subsystem": "api",
      "port": 7861,
      "endpoint": "/sdapi/v1/progress"
    }
  },
  {
    "level": "INFO",
    "name": "src.api.healthcheck",
    "message": "Probing WebUI readiness at models/options endpoints | {\"models_endpoint\": \"/sdapi/v1/sd-models\", \"options_endpoint\": \"/sdapi/v1/options\", \"subsystem\": \"api\"}",
    "created": 1765552268.5513961,
    "payload": {
      "message": "Probing WebUI readiness at models/options endpoints",
      "subsystem": "api",
      "models_endpoint": "/sdapi/v1/sd-models",
      "options_endpoint": "/sdapi/v1/options"
    }
  },
  {
    "level": "WARNING",
    "name": "src.api.healthcheck",
    "message": "WebUI did not become ready within allotted time | {\"subsystem\": \"api\"}",
    "created": 1765552273.6844203,
    "payload": {
      "message": "WebUI did not become ready within allotted time",
      "subsystem": "api"
    }
  },
  {
    "level": "INFO",
    "name": "src.api.healthcheck",
    "message": "Checking for WebUI API on port 7862 | {\"endpoint\": \"/sdapi/v1/progress\", \"port\": 7862, \"subsystem\": \"api\"}",
    "created": 1765552279.8597293,
    "payload": {
      "message": "Checking for WebUI API on port 7862",
      "subsystem": "api",
      "port": 7862,
      "endpoint": "/sdapi/v1/progress"
    }
  },
  {
    "level": "INFO",
    "name": "src.api.healthcheck",
    "message": "Probing WebUI readiness at models/options endpoints | {\"models_endpoint\": \"/sdapi/v1/sd-models\", \"options_endpoint\": \"/sdapi/v1/options\", \"subsystem\": \"api\"}",
    "created": 1765552286.1036782,
    "payload": {
      "message": "Probing WebUI readiness at models/options endpoints",
      "subsystem": "api",
      "models_endpoint": "/sdapi/v1/sd-models",
      "options_endpoint": "/sdapi/v1/options"
    }
  },
  {
    "level": "WARNING",
    "name": "src.api.healthcheck",
    "message": "WebUI did not become ready within allotted time | {\"subsystem\": \"api\"}",
    "created": 1765552292.7679942,
    "payload": {
      "message": "WebUI did not become ready within allotted time",
      "subsystem": "api"
    }
  },
  {
    "level": "INFO",
    "name": "src.api.healthcheck",
    "message": "Checking for WebUI API on port 7863 | {\"endpoint\": \"/sdapi/v1/progress\", \"port\": 7863, \"subsystem\": \"api\"}",
    "created": 1765552298.5117562,
    "payload": {
      "message": "Checking for WebUI API on port 7863",
      "subsystem": "api",
      "port": 7863,
      "endpoint": "/sdapi/v1/progress"
    }
  },
  {
    "level": "INFO",
    "name": "src.api.healthcheck",
    "message": "Probing WebUI readiness at models/options endpoints | {\"models_endpoint\": \"/sdapi/v1/sd-models\", \"options_endpoint\": \"/sdapi/v1/options\", \"subsystem\": \"api\"}",
    "created": 1765552304.0541248,
    "payload": {
      "message": "Probing WebUI readiness at models/options endpoints",
      "subsystem": "api",
      "models_endpoint": "/sdapi/v1/sd-models",
      "options_endpoint": "/sdapi/v1/options"
    }
  },
  {
    "level": "WARNING",
    "name": "src.api.healthcheck",
    "message": "WebUI did not become ready within allotted time | {\"subsystem\": \"api\"}",
    "created": 1765552310.472933,
    "payload": {
      "message": "WebUI did not become ready within allotted time",
      "subsystem": "api"
    }
  },
  {
    "level": "INFO",
    "name": "src.api.healthcheck",
    "message": "Checking for WebUI API on port 7864 | {\"endpoint\": \"/sdapi/v1/progress\", \"port\": 7864, \"subsystem\": \"api\"}",
    "created": 1765552316.370042,
    "payload": {
      "message": "Checking for WebUI API on port 7864",
      "subsystem": "api",
      "port": 7864,
      "endpoint": "/sdapi/v1/progress"
    }
  },
  {
    "level": "INFO",
    "name": "src.api.healthcheck",
    "message": "Probing WebUI readiness at models/options endpoints | {\"models_endpoint\": \"/sdapi/v1/sd-models\", \"options_endpoint\": \"/sdapi/v1/options\", \"subsystem\": \"api\"}",
    "created": 1765552322.6019747,
    "payload": {
      "message": "Probing WebUI readiness at models/options endpoints",
      "subsystem": "api",
      "models_endpoint": "/sdapi/v1/sd-models",
      "options_endpoint": "/sdapi/v1/options"
    }
  },
  {
    "level": "WARNING",
    "name": "src.api.healthcheck",
    "message": "WebUI did not become ready within allotted time | {\"subsystem\": \"api\"}",
    "created": 1765552328.1589842,
    "payload": {
      "message": "WebUI did not become ready within allotted time",
      "subsystem": "api"
    }
  },
  {
    "level": "INFO",
    "name": "src.api.healthcheck",
    "message": "Checking for WebUI API on port 8000 | {\"endpoint\": \"/sdapi/v1/progress\", \"port\": 8000, \"subsystem\": \"api\"}",
    "created": 1765552334.13238,
    "payload": {
      "message": "Checking for WebUI API on port 8000",
      "subsystem": "api",
      "port": 8000,
      "endpoint": "/sdapi/v1/progress"
    }
  },
  {
    "level": "INFO",
    "name": "src.api.healthcheck",
    "message": "Probing WebUI readiness at models/options endpoints | {\"models_endpoint\": \"/sdapi/v1/sd-models\", \"options_endpoint\": \"/sdapi/v1/options\", \"subsystem\": \"api\"}",
    "created": 1765552339.14862,
    "payload": {
      "message": "Probing WebUI readiness at models/options endpoints",
      "subsystem": "api",
      "models_endpoint": "/sdapi/v1/sd-models",
      "options_endpoint": "/sdapi/v1/options"
    }
  },
  {
    "level": "WARNING",
    "name": "src.api.healthcheck",
    "message": "WebUI did not become ready within allotted time | {\"subsystem\": \"api\"}",
    "created": 1765552402.2870247,
    "payload": {
      "message": "WebUI did not become ready within allotted time",
      "subsystem": "api"
    }
  },
  {
    "level": "INFO",
    "name": "src.api.healthcheck",
    "message": "Checking for WebUI API on port 8080 | {\"endpoint\": \"/sdapi/v1/progress\", \"port\": 8080, \"subsystem\": \"api\"}",
    "created": 1765552435.920174,
    "payload": {
      "message": "Checking for WebUI API on port 8080",
      "subsystem": "api",
      "port": 8080,
      "endpoint": "/sdapi/v1/progress"
    }
  },
  {
    "level": "INFO",
    "name": "src.api.healthcheck",
    "message": "Probing WebUI readiness at models/options endpoints | {\"models_endpoint\": \"/sdapi/v1/sd-models\", \"options_endpoint\": \"/sdapi/v1/options\", \"subsystem\": \"api\"}",
    "created": 1765552442.389287,
    "payload": {
      "message": "Probing WebUI readiness at models/options endpoints",
      "subsystem": "api",
      "models_endpoint": "/sdapi/v1/sd-models",
      "options_endpoint": "/sdapi/v1/options"
    }
  },
  {
    "level": "WARNING",
    "name": "src.api.healthcheck",
    "message": "WebUI did not become ready within allotted time | {\"subsystem\": \"api\"}",
    "created": 1765552447.6302981,
    "payload": {
      "message": "WebUI did not become ready within allotted time",
      "subsystem": "api"
    }
  },
  {
    "level": "INFO",
    "name": "src.api.healthcheck",
    "message": "Checking for WebUI API on port 5000 | {\"endpoint\": \"/sdapi/v1/progress\", \"port\": 5000, \"subsystem\": \"api\"}",
    "created": 1765552451.5303514,
    "payload": {
      "message": "Checking for WebUI API on port 5000",
      "subsystem": "api",
      "port": 5000,
      "endpoint": "/sdapi/v1/progress"
    }
  },
  {
    "level": "INFO",
    "name": "src.api.healthcheck",
    "message": "Probing WebUI readiness at models/options endpoints | {\"models_endpoint\": \"/sdapi/v1/sd-models\", \"options_endpoint\": \"/sdapi/v1/options\", \"subsystem\": \"api\"}",
    "created": 1765552455.1861727,
    "payload": {
      "message": "Probing WebUI readiness at models/options endpoints",
      "subsystem": "api",
      "models_endpoint": "/sdapi/v1/sd-models",
      "options_endpoint": "/sdapi/v1/options"
    }
  },
  {
    "level": "WARNING",
    "name": "src.api.healthcheck",
    "message": "WebUI did not become ready within allotted time | {\"subsystem\": \"api\"}",
    "created": 1765552458.5311437,
    "payload": {
      "message": "WebUI did not become ready within allotted time",
      "subsystem": "api"
    }
  },
  {
    "level": "INFO",
    "name": "src.controller.webui_connection_controller",
    "message": "WebUI models/options are ready at http://test",
    "created": 1765552461.7516763
  },
  {
    "level": "INFO",
    "name": "src.utils.diagnostics_bundle_v2",
    "message": "Crash bundle saved to reports\\diagnostics\\stablenew_diagnostics_20251212_151421_uncaught_exception.zip",
    "created": 1765552462.5077636
  },
  {
    "level": "INFO",
    "name": "src.utils.diagnostics_bundle_v2",
    "message": "Crash bundle saved to reports\\diagnostics\\stablenew_diagnostics_20251212_151422_uncaught_exception.zip",
    "created": 1765552462.7162817
  },
  {
    "level": "INFO",
    "name": "src.utils.diagnostics_bundle_v2",
    "message": "Crash bundle saved to reports\\diagnostics\\stablenew_diagnostics_20251212_151422_uncaught_exception.zip",
    "created": 1765552462.8971553
  },
  {
    "level": "INFO",
    "name": "src.utils.diagnostics_bundle_v2",
    "message": "Crash bundle saved to reports\\diagnostics\\stablenew_diagnostics_20251212_151422_uncaught_exception.zip",
    "created": 1765552463.0783713
  },
  {
    "level": "INFO",
    "name": "src.utils.diagnostics_bundle_v2",
    "message": "Crash bundle saved to reports\\diagnostics\\stablenew_diagnostics_20251212_151423_uncaught_exception.zip",
    "created": 1765552463.2578554
  },
  {
    "level": "INFO",
    "name": "src.utils.diagnostics_bundle_v2",
    "message": "Crash bundle saved to reports\\diagnostics\\stablenew_diagnostics_20251212_151423_uncaught_exception.zip",
    "created": 1765552463.442758
  },
  {
    "level": "INFO",
    "name": "src.utils.diagnostics_bundle_v2",
    "message": "Crash bundle saved to reports\\diagnostics\\stablenew_diagnostics_20251212_151423_uncaught_exception.zip",
    "created": 1765552463.625217
  },
  {
    "level": "INFO",
    "name": "src.utils.diagnostics_bundle_v2",
    "message": "Crash bundle saved to reports\\diagnostics\\stablenew_diagnostics_20251212_151423_uncaught_exception.zip",
    "created": 1765552463.8174746
  },
  {
    "level": "INFO",
    "name": "src.utils.diagnostics_bundle_v2",
    "message": "Crash bundle saved to reports\\diagnostics\\stablenew_diagnostics_20251212_151423_uncaught_exception.zip",
    "created": 1765552464.0032341
  },
  {
    "level": "INFO",
    "name": "src.utils.diagnostics_bundle_v2",
    "message": "Crash bundle saved to reports\\diagnostics\\stablenew_diagnostics_20251212_151424_uncaught_exception.zip",
    "created": 1765552464.189154
  },
  {
    "level": "INFO",
    "name": "src.utils.diagnostics_bundle_v2",
    "message": "Crash bundle saved to reports\\diagnostics\\stablenew_diagnostics_20251212_151424_uncaught_exception.zip",
    "created": 1765552464.370137
  },
  {
    "level": "INFO",
    "name": "src.utils.diagnostics_bundle_v2",
    "message": "Crash bundle saved to reports\\diagnostics\\stablenew_diagnostics_20251212_151424_uncaught_exception.zip",
    "created": 1765552464.5489905
  },
  {
    "level": "INFO",
    "name": "src.utils.diagnostics_bundle_v2",
    "message": "Crash bundle saved to reports\\diagnostics\\stablenew_diagnostics_20251212_151424_uncaught_exception.zip",
    "created": 1765552464.733053
  },
  {
    "level": "INFO",
    "name": "src.utils.diagnostics_bundle_v2",
    "message": "Crash bundle saved to reports\\diagnostics\\stablenew_diagnostics_20251212_151424_uncaught_exception.zip",
    "created": 1765552464.9127705
  },
  {
    "level": "INFO",
    "name": "src.utils.diagnostics_bundle_v2",
    "message": "Crash bundle saved to reports\\diagnostics\\stablenew_diagnostics_20251212_151424_uncaught_exception.zip",
    "created": 1765552465.092534
  },
  {
    "level": "INFO",
    "name": "src.utils.diagnostics_bundle_v2",
    "message": "Crash bundle saved to reports\\diagnostics\\stablenew_diagnostics_20251212_151425_uncaught_exception.zip",
    "created": 1765552465.272259
  },
  {
    "level": "INFO",
    "name": "src.utils.diagnostics_bundle_v2",
    "message": "Crash bundle saved to reports\\diagnostics\\stablenew_diagnostics_20251212_151425_uncaught_exception.zip",
    "created": 1765552465.4555857
  }
]