[
  {
    "level": "INFO",
    "name": "src.services.queue_store_v2",
    "message": "Loaded queue state: 0 jobs, auto_run=True, paused=False",
    "created": 1765552236.9424753
  },
  {
    "level": "INFO",
    "name": "src.controller.app_controller",
    "message": "Restored queue state: auto_run=True, paused=False, 0 jobs (jobs not restored in V1 queue)",
    "created": 1765552236.945542
  },
  {
    "level": "INFO",
    "name": "src.controller.pipeline_controller",
    "message": "Replayed job replay-job with 1 queued job(s)",
    "created": 1765552236.9586844
  },
  {
    "level": "INFO",
    "name": "src.services.queue_store_v2",
    "message": "Loaded queue state: 0 jobs, auto_run=True, paused=False",
    "created": 1765552236.9627573
  },
  {
    "level": "INFO",
    "name": "src.controller.job_execution_controller",
    "message": "Restored queue state: auto_run=True, paused=False, 0 restored job(s)",
    "created": 1765552236.966757
  },
  {
    "level": "INFO",
    "name": "src.services.queue_store_v2",
    "message": "QUEUE_STATE_SAVED | Persisted queue state",
    "created": 1765552236.970757
  },
  {
    "level": "INFO",
    "name": "src.services.queue_store_v2",
    "message": "Loaded queue state: 0 jobs, auto_run=True, paused=False",
    "created": 1765552236.9747574
  },
  {
    "level": "INFO",
    "name": "src.controller.app_controller",
    "message": "Restored queue state: auto_run=True, paused=False, 0 jobs (jobs not restored in V1 queue)",
    "created": 1765552236.9777563
  },
  {
    "level": "INFO",
    "name": "src.services.queue_store_v2",
    "message": "Loaded queue state: 0 jobs, auto_run=True, paused=False",
    "created": 1765552236.982758
  },
  {
    "level": "INFO",
    "name": "src.controller.job_execution_controller",
    "message": "Restored queue state: auto_run=True, paused=False, 0 restored job(s)",
    "created": 1765552236.9860256
  },
  {
    "level": "INFO",
    "name": "src.services.queue_store_v2",
    "message": "QUEUE_STATE_SAVED | Persisted queue state",
    "created": 1765552236.9900255
  },
  {
    "level": "INFO",
    "name": "src.services.queue_store_v2",
    "message": "Loaded queue state: 0 jobs, auto_run=True, paused=False",
    "created": 1765552236.9940255
  },
  {
    "level": "INFO",
    "name": "src.controller.app_controller",
    "message": "Restored queue state: auto_run=True, paused=False, 0 jobs (jobs not restored in V1 queue)",
    "created": 1765552236.997025
  },
  {
    "level": "INFO",
    "name": "src.services.queue_store_v2",
    "message": "Loaded queue state: 0 jobs, auto_run=True, paused=False",
    "created": 1765552237.0020258
  },
  {
    "level": "INFO",
    "name": "src.controller.job_execution_controller",
    "message": "Restored queue state: auto_run=True, paused=False, 0 restored job(s)",
    "created": 1765552237.0052042
  },
  {
    "level": "INFO",
    "name": "src.services.queue_store_v2",
    "message": "QUEUE_STATE_SAVED | Persisted queue state",
    "created": 1765552237.0092046
  },
  {
    "level": "INFO",
    "name": "src.services.queue_store_v2",
    "message": "Loaded queue state: 0 jobs, auto_run=True, paused=False",
    "created": 1765552237.014663
  },
  {
    "level": "INFO",
    "name": "src.controller.job_execution_controller",
    "message": "Restored queue state: auto_run=True, paused=False, 0 restored job(s)",
    "created": 1765552237.0184946
  },
  {
    "level": "INFO",
    "name": "src.services.queue_store_v2",
    "message": "QUEUE_STATE_SAVED | Persisted queue state",
    "created": 1765552237.0224953
  },
  {
    "level": "INFO",
    "name": "src.services.queue_store_v2",
    "message": "Loaded queue state: 0 jobs, auto_run=True, paused=False",
    "created": 1765552237.0366144
  },
  {
    "level": "INFO",
    "name": "src.controller.job_execution_controller",
    "message": "Restored queue state: auto_run=True, paused=False, 0 restored job(s)",
    "created": 1765552237.0407104
  },
  {
    "level": "INFO",
    "name": "src.services.queue_store_v2",
    "message": "QUEUE_STATE_SAVED | Persisted queue state",
    "created": 1765552237.04471
  },
  {
    "level": "INFO",
    "name": "root",
    "message": "Using model profile preset best (source=internet_prior) for TestModel + ['TestLora'].",
    "created": 1765552237.049774
  },
  {
    "level": "INFO",
    "name": "src.services.queue_store_v2",
    "message": "Loaded queue state: 0 jobs, auto_run=True, paused=False",
    "created": 1765552237.0547743
  },
  {
    "level": "INFO",
    "name": "src.controller.job_execution_controller",
    "message": "Restored queue state: auto_run=True, paused=False, 0 restored job(s)",
    "created": 1765552237.0587726
  },
  {
    "level": "INFO",
    "name": "src.services.queue_store_v2",
    "message": "QUEUE_STATE_SAVED | Persisted queue state",
    "created": 1765552237.0617726
  },
  {
    "level": "INFO",
    "name": "root",
    "message": "Using model profile preset best (source=internet_prior) for TestModel + ['TestLora'].",
    "created": 1765552237.0658426
  },
  {
    "level": "INFO",
    "name": "src.services.queue_store_v2",
    "message": "Loaded queue state: 0 jobs, auto_run=True, paused=False",
    "created": 1765552237.0709383
  },
  {
    "level": "INFO",
    "name": "src.controller.job_execution_controller",
    "message": "Restored queue state: auto_run=True, paused=False, 0 restored job(s)",
    "created": 1765552237.0739386
  },
  {
    "level": "INFO",
    "name": "src.services.queue_store_v2",
    "message": "QUEUE_STATE_SAVED | Persisted queue state",
    "created": 1765552237.0780292
  },
  {
    "level": "INFO",
    "name": "src.services.queue_store_v2",
    "message": "Loaded queue state: 0 jobs, auto_run=True, paused=False",
    "created": 1765552237.0861082
  },
  {
    "level": "INFO",
    "name": "src.controller.job_execution_controller",
    "message": "Restored queue state: auto_run=True, paused=False, 0 restored job(s)",
    "created": 1765552237.0891056
  },
  {
    "level": "INFO",
    "name": "src.services.queue_store_v2",
    "message": "QUEUE_STATE_SAVED | Persisted queue state",
    "created": 1765552237.0931065
  },
  {
    "level": "INFO",
    "name": "src.services.queue_store_v2",
    "message": "Loaded queue state: 0 jobs, auto_run=True, paused=False",
    "created": 1765552237.099108
  },
  {
    "level": "INFO",
    "name": "src.controller.job_execution_controller",
    "message": "Restored queue state: auto_run=True, paused=False, 0 restored job(s)",
    "created": 1765552237.102106
  },
  {
    "level": "INFO",
    "name": "src.services.queue_store_v2",
    "message": "QUEUE_STATE_SAVED | Persisted queue state",
    "created": 1765552237.1061063
  },
  {
    "level": "INFO",
    "name": "src.services.queue_store_v2",
    "message": "Loaded queue state: 0 jobs, auto_run=True, paused=False",
    "created": 1765552237.1121066
  },
  {
    "level": "INFO",
    "name": "src.controller.job_execution_controller",
    "message": "Restored queue state: auto_run=True, paused=False, 0 restored job(s)",
    "created": 1765552237.1151073
  },
  {
    "level": "INFO",
    "name": "src.services.queue_store_v2",
    "message": "QUEUE_STATE_SAVED | Persisted queue state",
    "created": 1765552237.1191058
  },
  {
    "level": "INFO",
    "name": "src.controller.job_service",
    "message": "Queuing job job-1 for background execution | {\"job_id\": \"job-1\", \"subsystem\": \"job_service\"}",
    "created": 1765552237.1391068,
    "payload": {
      "message": "Queuing job job-1 for background execution",
      "job_id": "job-1",
      "subsystem": "job_service"
    }
  },
  {
    "level": "INFO",
    "name": "src.controller.job_service",
    "message": "Queue worker starting | {\"job_id\": \"job-1\", \"runner\": \"StubRunner\", \"subsystem\": \"job_service\"}",
    "created": 1765552237.1431062,
    "payload": {
      "message": "Queue worker starting",
      "job_id": "job-1",
      "subsystem": "job_service",
      "runner": "StubRunner"
    }
  },
  {
    "level": "INFO",
    "name": "src.controller.job_service",
    "message": "Queuing job job-2 for background execution | {\"job_id\": \"job-2\", \"subsystem\": \"job_service\"}",
    "created": 1765552237.1471057,
    "payload": {
      "message": "Queuing job job-2 for background execution",
      "job_id": "job-2",
      "subsystem": "job_service"
    }
  },
  {
    "level": "INFO",
    "name": "src.controller.job_service",
    "message": "Queuing job job-fail for background execution | {\"job_id\": \"job-fail\", \"subsystem\": \"job_service\"}",
    "created": 1765552237.1511073,
    "payload": {
      "message": "Queuing job job-fail for background execution",
      "job_id": "job-fail",
      "subsystem": "job_service"
    }
  },
  {
    "level": "INFO",
    "name": "src.controller.job_service",
    "message": "Queue worker starting | {\"job_id\": \"job-fail\", \"runner\": \"FailingRunner\", \"subsystem\": \"job_service\"}",
    "created": 1765552237.1541064,
    "payload": {
      "message": "Queue worker starting",
      "job_id": "job-fail",
      "subsystem": "job_service",
      "runner": "FailingRunner"
    }
  },
  {
    "level": "ERROR",
    "name": "src.controller.job_service",
    "message": "Queue worker failed to start | {\"error\": \"worker start failed\", \"runner\": \"FailingRunner\", \"subsystem\": \"job_service\"}",
    "created": 1765552237.1571069,
    "payload": {
      "message": "Queue worker failed to start",
      "subsystem": "job_service",
      "runner": "FailingRunner",
      "error": "worker start failed"
    }
  },
  {
    "level": "INFO",
    "name": "src.services.queue_store_v2",
    "message": "Loaded queue state: 0 jobs, auto_run=True, paused=False",
    "created": 1765552237.163108
  },
  {
    "level": "INFO",
    "name": "src.controller.job_execution_controller",
    "message": "Restored queue state: auto_run=True, paused=False, 0 restored job(s)",
    "created": 1765552237.1661057
  },
  {
    "level": "INFO",
    "name": "src.services.queue_store_v2",
    "message": "QUEUE_STATE_SAVED | Persisted queue state",
    "created": 1765552237.1701066
  },
  {
    "level": "INFO",
    "name": "src.services.queue_store_v2",
    "message": "Loaded queue state: 0 jobs, auto_run=True, paused=False",
    "created": 1765552237.1750793
  },
  {
    "level": "INFO",
    "name": "src.controller.app_controller",
    "message": "Restored queue state: auto_run=True, paused=False, 0 jobs (jobs not restored in V1 queue)",
    "created": 1765552237.1780765
  },
  {
    "level": "INFO",
    "name": "src.controller.app_controller",
    "message": "Resource update: 0 models, 0 vaes, 0 samplers, 0 schedulers, 0 upscalers",
    "created": 1765552237.1811428
  },
  {
    "level": "INFO",
    "name": "shutdown_inspector_threads",
    "message": "=== Shutdown inspector (thread-check) ===",
    "created": 1765552237.186201
  },
  {
    "level": "INFO",
    "name": "shutdown_inspector_threads",
    "message": "Thread: name=MainThread daemon=False alive=True ident=25964",
    "created": 1765552237.1892016
  },
  {
    "level": "INFO",
    "name": "shutdown_inspector_threads",
    "message": "Thread: name=Thread-5 (_shutdown_watchdog) daemon=True alive=True ident=8904",
    "created": 1765552237.192259
  },
  {
    "level": "INFO",
    "name": "shutdown_inspector_threads",
    "message": "Thread: name=Thread-6 (_shutdown_watchdog) daemon=True alive=True ident=7976",
    "created": 1765552237.1962597
  },
  {
    "level": "INFO",
    "name": "shutdown_inspector_threads",
    "message": "Thread: name=Thread-7 (_shutdown_watchdog) daemon=True alive=True ident=8220",
    "created": 1765552237.1993215
  },
  {
    "level": "INFO",
    "name": "shutdown_inspector_threads",
    "message": "Thread: name=Thread-9 (_worker_loop) daemon=True alive=True ident=25956",
    "created": 1765552237.2023213
  },
  {
    "level": "INFO",
    "name": "shutdown_inspector_threads",
    "message": "Thread: name=Thread-10 (_worker_loop) daemon=True alive=True ident=27616",
    "created": 1765552237.2063923
  },
  {
    "level": "INFO",
    "name": "shutdown_inspector_threads",
    "message": "Thread: name=Thread-11 (_worker_loop) daemon=True alive=True ident=33008",
    "created": 1765552237.2103941
  },
  {
    "level": "INFO",
    "name": "shutdown_inspector_threads",
    "message": "Thread: name=Thread-12 (_shutdown_watchdog) daemon=True alive=True ident=22560",
    "created": 1765552237.213393
  },
  {
    "level": "INFO",
    "name": "shutdown_inspector_threads",
    "message": "Thread: name=Thread-13 (_shutdown_watchdog) daemon=True alive=True ident=33492",
    "created": 1765552237.2163932
  },
  {
    "level": "INFO",
    "name": "shutdown_inspector_threads",
    "message": "Thread: name=Thread-14 (_shutdown_watchdog) daemon=True alive=True ident=28088",
    "created": 1765552237.2203927
  },
  {
    "level": "INFO",
    "name": "shutdown_inspector_threads",
    "message": "Thread: name=Thread-15 (_shutdown_watchdog) daemon=True alive=True ident=8804",
    "created": 1765552237.2235873
  },
  {
    "level": "INFO",
    "name": "shutdown_inspector_threads",
    "message": "Shutdown inspector: no child processes attached.",
    "created": 1765552237.2316403
  },
  {
    "level": "INFO",
    "name": "shutdown_inspector_children",
    "message": "=== Shutdown inspector (child-check) ===",
    "created": 1765552237.2367172
  },
  {
    "level": "INFO",
    "name": "shutdown_inspector_children",
    "message": "Thread: name=MainThread daemon=False alive=True ident=25964",
    "created": 1765552237.2397153
  },
  {
    "level": "INFO",
    "name": "shutdown_inspector_children",
    "message": "Thread: name=Thread-5 (_shutdown_watchdog) daemon=True alive=True ident=8904",
    "created": 1765552237.2409122
  },
  {
    "level": "INFO",
    "name": "shutdown_inspector_children",
    "message": "Thread: name=Thread-6 (_shutdown_watchdog) daemon=True alive=True ident=7976",
    "created": 1765552237.2467933
  },
  {
    "level": "INFO",
    "name": "shutdown_inspector_children",
    "message": "Thread: name=Thread-7 (_shutdown_watchdog) daemon=True alive=True ident=8220",
    "created": 1765552237.2507913
  },
  {
    "level": "INFO",
    "name": "shutdown_inspector_children",
    "message": "Thread: name=Thread-9 (_worker_loop) daemon=True alive=True ident=25956",
    "created": 1765552237.2539666
  },
  {
    "level": "INFO",
    "name": "shutdown_inspector_children",
    "message": "Thread: name=Thread-10 (_worker_loop) daemon=True alive=True ident=27616",
    "created": 1765552237.2569664
  },
  {
    "level": "INFO",
    "name": "shutdown_inspector_children",
    "message": "Thread: name=Thread-11 (_worker_loop) daemon=True alive=True ident=33008",
    "created": 1765552237.260969
  },
  {
    "level": "INFO",
    "name": "shutdown_inspector_children",
    "message": "Thread: name=Thread-12 (_shutdown_watchdog) daemon=True alive=True ident=22560",
    "created": 1765552237.26397
  },
  {
    "level": "INFO",
    "name": "shutdown_inspector_children",
    "message": "Thread: name=Thread-13 (_shutdown_watchdog) daemon=True alive=True ident=33492",
    "created": 1765552237.2670326
  },
  {
    "level": "INFO",
    "name": "shutdown_inspector_children",
    "message": "Thread: name=Thread-14 (_shutdown_watchdog) daemon=True alive=True ident=28088",
    "created": 1765552237.2700355
  },
  {
    "level": "INFO",
    "name": "shutdown_inspector_children",
    "message": "Thread: name=Thread-15 (_shutdown_watchdog) daemon=True alive=True ident=8804",
    "created": 1765552237.274105
  },
  {
    "level": "INFO",
    "name": "shutdown_inspector_children",
    "message": "Shutdown inspector: no child processes attached.",
    "created": 1765552237.277168
  },
  {
    "level": "INFO",
    "name": "src.services.queue_store_v2",
    "message": "Loaded queue state: 0 jobs, auto_run=True, paused=False",
    "created": 1765552237.2811701
  },
  {
    "level": "INFO",
    "name": "src.controller.job_execution_controller",
    "message": "Restored queue state: auto_run=True, paused=False, 0 restored job(s)",
    "created": 1765552237.2842333
  },
  {
    "level": "INFO",
    "name": "src.services.queue_store_v2",
    "message": "QUEUE_STATE_SAVED | Persisted queue state",
    "created": 1765552237.2882335
  },
  {
    "level": "INFO",
    "name": "src.controller.webui_connection_controller",
    "message": "WebUI models/options are ready at http://x",
    "created": 1765552237.2933142
  },
  {
    "level": "INFO",
    "name": "src.controller.webui_connection_controller",
    "message": "WebUI models/options are ready at http://x",
    "created": 1765552237.297368
  },
  {
    "level": "INFO",
    "name": "src.controller.webui_connection_controller",
    "message": "Trying to auto-detect WebUI on other ports...",
    "created": 1765552237.3024335
  },
  {
    "level": "INFO",
    "name": "src.api.healthcheck",
    "message": "Checking for WebUI API on port 7860 | {\"endpoint\": \"/sdapi/v1/progress\", \"port\": 7860, \"subsystem\": \"api\"}",
    "created": 1765552243.4786108,
    "payload": {
      "message": "Checking for WebUI API on port 7860",
      "subsystem": "api",
      "port": 7860,
      "endpoint": "/sdapi/v1/progress"
    }
  },
  {
    "level": "INFO",
    "name": "src.api.healthcheck",
    "message": "Probing WebUI readiness at models/options endpoints | {\"models_endpoint\": \"/sdapi/v1/sd-models\", \"options_endpoint\": \"/sdapi/v1/options\", \"subsystem\": \"api\"}",
    "created": 1765552249.3128903,
    "payload": {
      "message": "Probing WebUI readiness at models/options endpoints",
      "subsystem": "api",
      "models_endpoint": "/sdapi/v1/sd-models",
      "options_endpoint": "/sdapi/v1/options"
    }
  },
  {
    "level": "WARNING",
    "name": "src.api.healthcheck",
    "message": "WebUI did not become ready within allotted time | {\"subsystem\": \"api\"}",
    "created": 1765552256.4535697,
    "payload": {
      "message": "WebUI did not become ready within allotted time",
      "subsystem": "api"
    }
  },
  {
    "level": "INFO",
    "name": "src.api.healthcheck",
    "message": "Checking for WebUI API on port 7861 | {\"endpoint\": \"/sdapi/v1/progress\", \"port\": 7861, \"subsystem\": \"api\"}",
    "created": 1765552261.9764404,
    "payload": {
      "message": "Checking for WebUI API on port 7861",
      "subsystem": "api",
      "port": 7861,
      "endpoint": "/sdapi/v1/progress"
    }
  },
  {
    "level": "INFO",
    "name": "src.api.healthcheck",
    "message": "Probing WebUI readiness at models/options endpoints | {\"models_endpoint\": \"/sdapi/v1/sd-models\", \"options_endpoint\": \"/sdapi/v1/options\", \"subsystem\": \"api\"}",
    "created": 1765552268.5513961,
    "payload": {
      "message": "Probing WebUI readiness at models/options endpoints",
      "subsystem": "api",
      "models_endpoint": "/sdapi/v1/sd-models",
      "options_endpoint": "/sdapi/v1/options"
    }
  },
  {
    "level": "WARNING",
    "name": "src.api.healthcheck",
    "message": "WebUI did not become ready within allotted time | {\"subsystem\": \"api\"}",
    "created": 1765552273.6844203,
    "payload": {
      "message": "WebUI did not become ready within allotted time",
      "subsystem": "api"
    }
  },
  {
    "level": "INFO",
    "name": "src.api.healthcheck",
    "message": "Checking for WebUI API on port 7862 | {\"endpoint\": \"/sdapi/v1/progress\", \"port\": 7862, \"subsystem\": \"api\"}",
    "created": 1765552279.8597293,
    "payload": {
      "message": "Checking for WebUI API on port 7862",
      "subsystem": "api",
      "port": 7862,
      "endpoint": "/sdapi/v1/progress"
    }
  },
  {
    "level": "INFO",
    "name": "src.api.healthcheck",
    "message": "Probing WebUI readiness at models/options endpoints | {\"models_endpoint\": \"/sdapi/v1/sd-models\", \"options_endpoint\": \"/sdapi/v1/options\", \"subsystem\": \"api\"}",
    "created": 1765552286.1036782,
    "payload": {
      "message": "Probing WebUI readiness at models/options endpoints",
      "subsystem": "api",
      "models_endpoint": "/sdapi/v1/sd-models",
      "options_endpoint": "/sdapi/v1/options"
    }
  },
  {
    "level": "WARNING",
    "name": "src.api.healthcheck",
    "message": "WebUI did not become ready within allotted time | {\"subsystem\": \"api\"}",
    "created": 1765552292.7679942,
    "payload": {
      "message": "WebUI did not become ready within allotted time",
      "subsystem": "api"
    }
  },
  {
    "level": "INFO",
    "name": "src.api.healthcheck",
    "message": "Checking for WebUI API on port 7863 | {\"endpoint\": \"/sdapi/v1/progress\", \"port\": 7863, \"subsystem\": \"api\"}",
    "created": 1765552298.5117562,
    "payload": {
      "message": "Checking for WebUI API on port 7863",
      "subsystem": "api",
      "port": 7863,
      "endpoint": "/sdapi/v1/progress"
    }
  },
  {
    "level": "INFO",
    "name": "src.api.healthcheck",
    "message": "Probing WebUI readiness at models/options endpoints | {\"models_endpoint\": \"/sdapi/v1/sd-models\", \"options_endpoint\": \"/sdapi/v1/options\", \"subsystem\": \"api\"}",
    "created": 1765552304.0541248,
    "payload": {
      "message": "Probing WebUI readiness at models/options endpoints",
      "subsystem": "api",
      "models_endpoint": "/sdapi/v1/sd-models",
      "options_endpoint": "/sdapi/v1/options"
    }
  },
  {
    "level": "WARNING",
    "name": "src.api.healthcheck",
    "message": "WebUI did not become ready within allotted time | {\"subsystem\": \"api\"}",
    "created": 1765552310.472933,
    "payload": {
      "message": "WebUI did not become ready within allotted time",
      "subsystem": "api"
    }
  },
  {
    "level": "INFO",
    "name": "src.api.healthcheck",
    "message": "Checking for WebUI API on port 7864 | {\"endpoint\": \"/sdapi/v1/progress\", \"port\": 7864, \"subsystem\": \"api\"}",
    "created": 1765552316.370042,
    "payload": {
      "message": "Checking for WebUI API on port 7864",
      "subsystem": "api",
      "port": 7864,
      "endpoint": "/sdapi/v1/progress"
    }
  },
  {
    "level": "INFO",
    "name": "src.api.healthcheck",
    "message": "Probing WebUI readiness at models/options endpoints | {\"models_endpoint\": \"/sdapi/v1/sd-models\", \"options_endpoint\": \"/sdapi/v1/options\", \"subsystem\": \"api\"}",
    "created": 1765552322.6019747,
    "payload": {
      "message": "Probing WebUI readiness at models/options endpoints",
      "subsystem": "api",
      "models_endpoint": "/sdapi/v1/sd-models",
      "options_endpoint": "/sdapi/v1/options"
    }
  },
  {
    "level": "WARNING",
    "name": "src.api.healthcheck",
    "message": "WebUI did not become ready within allotted time | {\"subsystem\": \"api\"}",
    "created": 1765552328.1589842,
    "payload": {
      "message": "WebUI did not become ready within allotted time",
      "subsystem": "api"
    }
  },
  {
    "level": "INFO",
    "name": "src.api.healthcheck",
    "message": "Checking for WebUI API on port 8000 | {\"endpoint\": \"/sdapi/v1/progress\", \"port\": 8000, \"subsystem\": \"api\"}",
    "created": 1765552334.13238,
    "payload": {
      "message": "Checking for WebUI API on port 8000",
      "subsystem": "api",
      "port": 8000,
      "endpoint": "/sdapi/v1/progress"
    }
  },
  {
    "level": "INFO",
    "name": "src.api.healthcheck",
    "message": "Probing WebUI readiness at models/options endpoints | {\"models_endpoint\": \"/sdapi/v1/sd-models\", \"options_endpoint\": \"/sdapi/v1/options\", \"subsystem\": \"api\"}",
    "created": 1765552339.14862,
    "payload": {
      "message": "Probing WebUI readiness at models/options endpoints",
      "subsystem": "api",
      "models_endpoint": "/sdapi/v1/sd-models",
      "options_endpoint": "/sdapi/v1/options"
    }
  },
  {
    "level": "WARNING",
    "name": "src.api.healthcheck",
    "message": "WebUI did not become ready within allotted time | {\"subsystem\": \"api\"}",
    "created": 1765552402.2870247,
    "payload": {
      "message": "WebUI did not become ready within allotted time",
      "subsystem": "api"
    }
  },
  {
    "level": "INFO",
    "name": "src.api.healthcheck",
    "message": "Checking for WebUI API on port 8080 | {\"endpoint\": \"/sdapi/v1/progress\", \"port\": 8080, \"subsystem\": \"api\"}",
    "created": 1765552435.920174,
    "payload": {
      "message": "Checking for WebUI API on port 8080",
      "subsystem": "api",
      "port": 8080,
      "endpoint": "/sdapi/v1/progress"
    }
  },
  {
    "level": "INFO",
    "name": "src.api.healthcheck",
    "message": "Probing WebUI readiness at models/options endpoints | {\"models_endpoint\": \"/sdapi/v1/sd-models\", \"options_endpoint\": \"/sdapi/v1/options\", \"subsystem\": \"api\"}",
    "created": 1765552442.389287,
    "payload": {
      "message": "Probing WebUI readiness at models/options endpoints",
      "subsystem": "api",
      "models_endpoint": "/sdapi/v1/sd-models",
      "options_endpoint": "/sdapi/v1/options"
    }
  },
  {
    "level": "WARNING",
    "name": "src.api.healthcheck",
    "message": "WebUI did not become ready within allotted time | {\"subsystem\": \"api\"}",
    "created": 1765552447.6302981,
    "payload": {
      "message": "WebUI did not become ready within allotted time",
      "subsystem": "api"
    }
  },
  {
    "level": "INFO",
    "name": "src.api.healthcheck",
    "message": "Checking for WebUI API on port 5000 | {\"endpoint\": \"/sdapi/v1/progress\", \"port\": 5000, \"subsystem\": \"api\"}",
    "created": 1765552451.5303514,
    "payload": {
      "message": "Checking for WebUI API on port 5000",
      "subsystem": "api",
      "port": 5000,
      "endpoint": "/sdapi/v1/progress"
    }
  },
  {
    "level": "INFO",
    "name": "src.api.healthcheck",
    "message": "Probing WebUI readiness at models/options endpoints | {\"models_endpoint\": \"/sdapi/v1/sd-models\", \"options_endpoint\": \"/sdapi/v1/options\", \"subsystem\": \"api\"}",
    "created": 1765552455.1861727,
    "payload": {
      "message": "Probing WebUI readiness at models/options endpoints",
      "subsystem": "api",
      "models_endpoint": "/sdapi/v1/sd-models",
      "options_endpoint": "/sdapi/v1/options"
    }
  },
  {
    "level": "WARNING",
    "name": "src.api.healthcheck",
    "message": "WebUI did not become ready within allotted time | {\"subsystem\": \"api\"}",
    "created": 1765552458.5311437,
    "payload": {
      "message": "WebUI did not become ready within allotted time",
      "subsystem": "api"
    }
  },
  {
    "level": "INFO",
    "name": "src.controller.webui_connection_controller",
    "message": "WebUI models/options are ready at http://test",
    "created": 1765552461.7516763
  },
  {
    "level": "INFO",
    "name": "src.utils.diagnostics_bundle_v2",
    "message": "Crash bundle saved to reports\\diagnostics\\stablenew_diagnostics_20251212_151421_uncaught_exception.zip",
    "created": 1765552462.5077636
  },
  {
    "level": "INFO",
    "name": "src.utils.diagnostics_bundle_v2",
    "message": "Crash bundle saved to reports\\diagnostics\\stablenew_diagnostics_20251212_151422_uncaught_exception.zip",
    "created": 1765552462.7162817
  },
  {
    "level": "INFO",
    "name": "src.utils.diagnostics_bundle_v2",
    "message": "Crash bundle saved to reports\\diagnostics\\stablenew_diagnostics_20251212_151422_uncaught_exception.zip",
    "created": 1765552462.8971553
  }
]