{
  "reason": "manual_request",
  "timestamp": "20251216_032300",
  "system": {
    "timestamp": "2025-12-16T03:23:00.320603Z",
    "hostname": "Rob-Gaming-Desk",
    "platform": {
      "system": "Windows",
      "release": "10",
      "version": "10.0.26100",
      "machine": "AMD64",
      "processor": "Intel64 Family 6 Model 183 Stepping 1, GenuineIntel"
    },
    "python": {
      "implementation": "CPython",
      "version": "3.10.6",
      "executable": "<USER_HOME>\\AppData\\Local\\Programs\\Python\\Python310\\python.exe"
    },
    "user": "rob",
    "cwd": "<USER_HOME>\\projects\\StableNew",
    "repo_root": "<USER_HOME>\\projects\\StableNew",
    "memory": {
      "total_mb": 32527.05859375,
      "available_mb": 18599.26171875,
      "used_mb": 13927.796875,
      "percent": 42.8
    },
    "cpu": {
      "percent": 2.4,
      "count_logical": 32,
      "count_physical": 24
    },
    "disk": {
      "total_mb": 1952658.99609375,
      "used_mb": 383007.3828125,
      "free_mb": 1569651.61328125
    }
  },
  "job_snapshot": {
    "jobs": [],
    "cached_metadata": {},
    "containers": {},
    "active_watchdogs": [],
    "watchdog_events": [],
    "cleanup_history": [],
    "process_container_config": {
      "enabled": true,
      "memory_limit_mb": null,
      "cpu_limit_percent": null,
      "max_processes": null
    }
  }
}