{
  "txt2img": {
    "steps": 20,
    "sampler_name": "Euler a",
    "cfg_scale": 7.0,
    "width": 512,
    "height": 512,
    "negative_prompt": "blurry, bad quality, distorted, ugly, malformed"
  },
  "img2img": {
    "steps": 15,
    "sampler_name": "Euler a",
    "cfg_scale": 7.0,
    "denoising_strength": 0.3
  },
  "upscale": {
    "upscaler": "R-ESRGAN 4x+",
    "upscaling_resize": 2.0
  },
  "video": {
    "fps": 24,
    "codec": "libx264",
    "quality": "medium"
  },
  "api": {
    "base_url": "http://127.0.0.1:7860",
    "timeout": 300
  }
}
