{
  "reason": "ui_heartbeat_stall",
  "timestamp": "20251213_212838",
  "system": {
    "timestamp": "2025-12-13T21:28:38.547707Z",
    "hostname": "Rob-Gaming-Desk",
    "platform": {
      "system": "Windows",
      "release": "10",
      "version": "10.0.26100",
      "machine": "AMD64",
      "processor": "Intel64 Family 6 Model 183 Stepping 1, GenuineIntel"
    },
    "python": {
      "implementation": "CPython",
      "version": "3.10.6",
      "executable": "<USER_HOME>\\AppData\\Local\\Programs\\Python\\Python310\\python.exe"
    },
    "user": "rob",
    "cwd": "<USER_HOME>\\projects\\StableNew",
    "repo_root": "<USER_HOME>\\projects\\StableNew",
    "memory": {
      "total_mb": 32527.05859375,
      "available_mb": 15861.2109375,
      "used_mb": 16665.84765625,
      "percent": 51.2
    },
    "cpu": {
      "percent": 5.5,
      "count_logical": 32,
      "count_physical": 24
    },
    "disk": {
      "total_mb": 1952658.99609375,
      "used_mb": 386813.3515625,
      "free_mb": 1565845.64453125
    }
  },
  "context": {
    "ui_heartbeat_age_s": 42.79700000002049,
    "queue_activity_age_s": null,
    "runner_activity_age_s": 42.79700000002049,
    "queue_state": null
  }
}