{
  "reason": "manual_request",
  "timestamp": "20251207_183428",
  "system": {
    "timestamp": "2025-12-07T18:34:28.839519Z",
    "hostname": "Rob-Gaming-Desk",
    "platform": {
      "system": "Windows",
      "release": "10",
      "version": "10.0.26100",
      "machine": "AMD64",
      "processor": "Intel64 Family 6 Model 183 Stepping 1, GenuineIntel"
    },
    "python": {
      "implementation": "CPython",
      "version": "3.10.6",
      "executable": "<USER_HOME>\\projects\\StableNew\\.venv\\Scripts\\python.exe"
    },
    "user": "rob",
    "cwd": "<USER_HOME>\\projects\\StableNew",
    "repo_root": "<USER_HOME>\\projects\\StableNew",
    "memory": null,
    "cpu": null,
    "disk": {
      "total_mb": 1952658.99609375,
      "used_mb": 390715.58984375,
      "free_mb": 1561943.40625
    }
  },
  "job_snapshot": {
    "jobs": [
      {
        "job_id": "133978e1f787489dacf3df169f886cad",
        "status": "completed",
        "priority": "NORMAL",
        "run_mode": "queue",
        "external_pids": [],
        "retry_attempts": [
          {
            "stage": "txt2img",
            "attempt_index": 1,
            "max_attempts": 3,
            "reason": "HTTPError",
            "timestamp": 1765132393.1813736
          },
          {
            "stage": "txt2img",
            "attempt_index": 2,
            "max_attempts": 3,
            "reason": "HTTPError",
            "timestamp": 1765132394.5568285
          },
          {
            "stage": "txt2img",
            "attempt_index": 3,
            "max_attempts": 3,
            "reason": "HTTPError",
            "timestamp": 1765132396.660944
          }
        ],
        "started_at": "2025-12-07T18:32:49.274547",
        "completed_at": "2025-12-07T18:33:16.662945",
        "error_envelope": null
      }
    ],
    "cached_metadata": {},
    "containers": {},
    "active_watchdogs": [],
    "watchdog_events": [],
    "cleanup_history": [],
    "process_container_config": {
      "enabled": true,
      "memory_limit_mb": null,
      "cpu_limit_percent": null,
      "max_processes": null
    }
  }
}