{
  "txt2img": {
    "steps": 32,
    "cfg_scale": 6.0,
    "width": 1024,
    "height": 1024,
    "sampler_name": "DPM++ 2M",
    "scheduler": "Karras",
    "seed": -1,
    "clip_skip": 2,
    "model": "juggernautXL_ragnarokBy.safetensors [dd08fa32f9]",
    "vae": "",
    "negative_prompt": "blurry, bad quality, distorted",
    "hypernetwork": "None",
    "hypernetwork_strength": 1.0,
    "enable_hr": true,
    "hr_scale": 1.5,
    "hr_upscaler": "Latent",
    "hr_sampler_name": "DPM++ 2M",
    "denoising_strength": 0.2,
    "hires_steps": 15,
    "face_restoration_enabled": false,
    "face_restoration_model": "GFPGAN",
    "face_restoration_weight": 0.5,
    "refiner_checkpoint": "",
    "refiner_switch_at": 0.8,
    "refiner_switch_steps": 0,
    "hr_second_pass_steps": 15
  },
  "img2img": {
    "steps": 15,
    "denoising_strength": 0.3,
    "cfg_scale": 7.0,
    "sampler_name": "Euler a",
    "scheduler": "Normal",
    "seed": -1,
    "clip_skip": 2,
    "model": "",
    "vae": "",
    "hypernetwork": "None",
    "hypernetwork_strength": 1.0,
    "prompt_adjust": "",
    "negative_adjust": ""
  },
  "upscale": {
    "upscaler": "4xUltrasharp_4xUltrasharpV10",
    "upscaling_resize": 1.5,
    "upscale_mode": "single",
    "steps": 15,
    "sampler_name": "DPM++ 2M",
    "scheduler": "Karras",
    "denoising_strength": 0.2,
    "gfpgan_visibility": 0.0,
    "codeformer_visibility": 0.0,
    "codeformer_weight": 0.0
  },
  "api": {
    "base_url": "http://127.0.0.1:7860",
    "timeout": 300
  },
  "pipeline": {
    "txt2img_enabled": true,
    "img2img_enabled": false,
    "adetailer_enabled": true,
    "upscale_enabled": true,
    "video_enabled": false,
    "apply_global_negative_txt2img": true,
    "apply_global_negative_img2img": true,
    "apply_global_negative_upscale": true,
    "apply_global_negative_adetailer": true,
    "loop_type": "stages",
    "loop_count": 2,
    "pack_mode": "selected",
    "images_per_prompt": 2,
    "model_matrix": [],
    "hypernetworks": [],
    "variant_mode": "rotate"
  },
  "adetailer": {
    "adetailer_enabled": true,
    "adetailer_model": "face_yolov8n.pt",
    "adetailer_confidence": 0.5,
    "adetailer_mask_feather": 8,
    "adetailer_sampler": "DPM++ 2M",
    "adetailer_steps": 12,
    "adetailer_denoise": 0.19166666666666668,
    "adetailer_cfg": 6.0,
    "adetailer_prompt": "clear eyes, natural pupils, detailed skin, smooth lighting, sharp focus",
    "adetailer_negative_prompt": "asymmetrical eyes, glossy skin, melted face, face mush, deformed nose"
  },
  "randomization": {
    "enabled": true,
    "prompt_sr": {
      "enabled": false,
      "mode": "random",
      "rules": [],
      "raw_text": ""
    },
    "wildcards": {
      "enabled": false,
      "mode": "random",
      "tokens": [],
      "raw_text": ""
    },
    "matrix": {
      "enabled": true,
      "mode": "rotate",
      "limit": 8,
      "slots": [
        {
          "name": "job",
          "values": [
            "enchantress",
            "babe"
          ]
        },
        {
          "name": "clothes",
          "values": [
            "bikini armor",
            "bikini"
          ]
        },
        {
          "name": "style",
          "values": [
            "sexy",
            "gorgeous"
          ]
        }
      ],
      "raw_text": "# Base: a female [[job]] wearing [[clothes]] and looking [[style]]\njob: enchantress | babe\nclothes: bikini armor | bikini\nstyle: sexy | gorgeous",
      "base_prompt": "a female [[job]] wearing [[clothes]] and looking [[style]]"
    }
  },
  "aesthetic": {
    "enabled": false,
    "mode": "script",
    "weight": 0.9,
    "steps": 5,
    "learning_rate": 0.0001,
    "slerp": false,
    "slerp_angle": 0.1,
    "embedding": "None",
    "text": "",
    "text_is_negative": false,
    "fallback_prompt": ""
  }
}
