{
  "txt2img": {
    "steps": 34,
    "cfg_scale": 6.1,
    "width": 1024,
    "height": 1024,
    "sampler_name": "DPM++ 2M",
    "scheduler": "Karras",
    "seed": -1,
    "clip_skip": 2,
    "model": "juggernautXL_ragnarokBy.safetensors [dd08fa32f9]",
    "vae": "",
    "negative_prompt": "blurry, bad quality, distorted",
    "hypernetwork": "None",
    "hypernetwork_strength": 1.0,
    "enable_hr": false,
    "hr_scale": 1.5,
    "hr_upscaler": "Latent",
    "hr_sampler_name": "DPM++ 2M",
    "denoising_strength": 0.27,
    "hires_steps": 12,
    "face_restoration_enabled": false,
    "face_restoration_model": "GFPGAN",
    "face_restoration_weight": 0.5,
    "refiner_checkpoint": "None",
    "refiner_switch_at": 0.8,
    "refiner_switch_steps": 0,
    "hr_second_pass_steps": 12
  },
  "img2img": {
    "steps": 15,
    "denoising_strength": 0.3,
    "cfg_scale": 7.0,
    "sampler_name": "Euler a",
    "scheduler": "Normal",
    "seed": -1,
    "clip_skip": 2,
    "model": "",
    "vae": "",
    "hypernetwork": "None",
    "hypernetwork_strength": 1.0,
    "prompt_adjust": "",
    "negative_adjust": ""
  },
  "upscale": {
    "upscaler": "4x-UltraSharpV2",
    "upscaling_resize": 2.0,
    "upscale_mode": "single",
    "steps": 15,
    "sampler_name": "DPM++ 2M",
    "scheduler": "Karras",
    "denoising_strength": 0.15,
    "gfpgan_visibility": 0.0,
    "codeformer_visibility": 0.0,
    "codeformer_weight": 0.0
  },
  "api": {
    "base_url": "http://127.0.0.1:7860",
    "timeout": 300
  },
  "pipeline": {
    "txt2img_enabled": true,
    "img2img_enabled": false,
    "adetailer_enabled": true,
    "upscale_enabled": true,
    "video_enabled": false,
    "apply_global_negative_txt2img": true,
    "apply_global_negative_img2img": true,
    "apply_global_negative_upscale": true,
    "apply_global_negative_adetailer": true,
    "loop_type": "single",
    "loop_count": 1,
    "pack_mode": "selected",
    "images_per_prompt": 1,
    "model_matrix": [],
    "hypernetworks": [],
    "variant_mode": "fanout"
  },
  "adetailer": {
    "adetailer_enabled": true,
    "adetailer_model": "face_yolov8n.pt",
    "adetailer_confidence": 0.6916666666666667,
    "adetailer_mask_feather": 8,
    "adetailer_sampler": "DPM++ 2M",
    "adetailer_steps": 12,
    "adetailer_denoise": 0.25833333333333336,
    "adetailer_cfg": 6.0,
    "adetailer_prompt": "(masterpiece, best quality, 8k, HDR, ultra-detailed skin texture, natural lighting, sharp focus, cinematic tone) <lora:add-detail-xl:0.7> <lora:CinematicStyle_v1:0.55> <lora:DetailedEyes_V3:0.85>\nheroic expression, intense eyes, defined jawline, realistic skin pores, smooth complexion, balanced highlights and shadows, \nsubtle film grain, natural depth of field, perfect facial symmetry, highly detailed eyes and eyelashes, \nintricate hair strands, clear facial geometry, soft rim light",
    "adetailer_negative_prompt": "neg: <embedding:ac_neg1> <embedding:negative_hands> <embedding:stable_yogis_pdxl_negatives2-neg> <embedding:stable_yogis_anatomy_negatives_v1-neg>\nneg: blurry, low quality, cartoon, extra eyes, asymmetrical face, bad eyes, bad teeth, overexposed skin, \nplastic skin, shiny forehead, unnatural shadowing, low detail, overprocessed, deformed pupils, distorted mouth, \nartifacting, wax texture, makeup smears, discolored skin tones"
  },
  "randomization": {
    "enabled": true,
    "prompt_sr": {
      "enabled": false,
      "mode": "random",
      "rules": [],
      "raw_text": ""
    },
    "wildcards": {
      "enabled": false,
      "mode": "random",
      "tokens": [],
      "raw_text": ""
    },
    "matrix": {
      "enabled": true,
      "mode": "rotate",
      "prompt_mode": "append",
      "limit": 0,
      "slots": [
        {
          "name": "place",
          "values": [
            "jungle",
            "castle",
            "misty forest"
          ]
        },
        {
          "name": "clothes",
          "values": [
            "bikini armor",
            "chainmail",
            "swimsuit"
          ]
        },
        {
          "name": "looks",
          "values": [
            "resolute",
            "pleasantly focused",
            "happy"
          ]
        },
        {
          "name": "lighting",
          "values": [
            "soft golden light",
            "torchlight and shadow",
            "blue ambient glow"
          ]
        },
        {
          "name": "camera",
          "values": [
            "close up",
            "3/4 portrait",
            "waist-up"
          ]
        }
      ],
      "raw_text": "# Base: the hero is in [[place]] wearing [[clothes]] and looking [[looks]] with [[lighting]] around them from [[camera]] angle\nplace: jungle | castle | misty forest\nclothes: bikini armor | chainmail | swimsuit\nlooks: resolute | pleasantly focused | happy\nlighting: soft golden light | torchlight and shadow | blue ambient glow\ncamera: close up | 3/4 portrait | waist-up",
      "base_prompt": "the hero is in [[place]] wearing [[clothes]] and looking [[looks]] with [[lighting]] around them from [[camera]] angle"
    }
  },
  "aesthetic": {
    "enabled": false,
    "mode": "script",
    "weight": 0.9,
    "steps": 5,
    "learning_rate": 0.0001,
    "slerp": false,
    "slerp_angle": 0.1,
    "embedding": "ParadiseGirl-1024",
    "text": "paradise",
    "text_is_negative": false,
    "fallback_prompt": ""
  }
}
