{
  "txt2img": {
<<<<<<< HEAD
    "steps": 32,
    "cfg_scale": 6.0,
=======
    "steps": 34,
    "cfg_scale": 6.1,
>>>>>>> MajorRefactor
    "width": 1024,
    "height": 1024,
    "sampler_name": "DPM++ 2M",
    "scheduler": "Karras",
    "seed": -1,
    "clip_skip": 2,
    "model": "juggernautXL_ragnarokBy.safetensors [dd08fa32f9]",
    "vae": "",
    "negative_prompt": "blurry, bad quality, distorted",
    "hypernetwork": "None",
    "hypernetwork_strength": 1.0,
    "enable_hr": false,
    "hr_scale": 1.5,
    "hr_upscaler": "Latent",
    "hr_sampler_name": "DPM++ 2M",
<<<<<<< HEAD
    "denoising_strength": 0.2,
    "hires_steps": 15,
    "face_restoration_enabled": false,
    "face_restoration_model": "GFPGAN",
    "face_restoration_weight": 0.5,
    "refiner_checkpoint": "",
    "refiner_switch_at": 0.8,
    "refiner_switch_steps": 0,
    "hr_second_pass_steps": 15
=======
    "denoising_strength": 0.27,
    "hires_steps": 12,
    "face_restoration_enabled": false,
    "face_restoration_model": "GFPGAN",
    "face_restoration_weight": 0.5,
    "refiner_checkpoint": "None",
    "refiner_switch_at": 0.8,
    "refiner_switch_steps": 0,
    "hr_second_pass_steps": 12
>>>>>>> MajorRefactor
  },
  "img2img": {
    "steps": 15,
    "denoising_strength": 0.3,
    "cfg_scale": 7.0,
    "sampler_name": "Euler a",
    "scheduler": "Normal",
    "seed": -1,
    "clip_skip": 2,
    "model": "",
    "vae": "",
    "hypernetwork": "None",
    "hypernetwork_strength": 1.0,
    "prompt_adjust": "",
    "negative_adjust": ""
  },
  "upscale": {
<<<<<<< HEAD
    "upscaler": "4xUltrasharp_4xUltrasharpV10",
=======
    "upscaler": "4x-UltraSharpV2",
>>>>>>> MajorRefactor
    "upscaling_resize": 2.0,
    "upscale_mode": "single",
    "steps": 15,
    "sampler_name": "DPM++ 2M",
    "scheduler": "Karras",
    "denoising_strength": 0.2,
    "gfpgan_visibility": 0.0,
    "codeformer_visibility": 0.0,
    "codeformer_weight": 0.0
  },
  "api": {
    "base_url": "http://127.0.0.1:7860",
    "timeout": 300
  },
  "pipeline": {
    "txt2img_enabled": true,
    "img2img_enabled": false,
    "adetailer_enabled": true,
    "upscale_enabled": true,
    "video_enabled": false,
    "apply_global_negative_txt2img": true,
    "apply_global_negative_img2img": false,
    "apply_global_negative_upscale": false,
    "apply_global_negative_adetailer": false,
<<<<<<< HEAD
    "loop_type": "single",
    "loop_count": 1,
=======
    "loop_type": "pipeline",
    "loop_count": 3,
>>>>>>> MajorRefactor
    "pack_mode": "selected",
    "images_per_prompt": 1,
    "model_matrix": [],
    "hypernetworks": [],
    "variant_mode": "fanout"
  },
  "adetailer": {
    "adetailer_enabled": true,
    "adetailer_model": "face_yolov8n.pt",
<<<<<<< HEAD
    "adetailer_confidence": 0.5,
    "adetailer_mask_feather": 8,
    "adetailer_sampler": "DPM++ 2M",
    "adetailer_steps": 12,
    "adetailer_denoise": 0.19166666666666668,
    "adetailer_cfg": 6.0,
    "adetailer_prompt": "<embedding:stable_yogis_pdxl_positives> <embedding:stable_yogis_realism_positives_v1>\n(masterpiece, best quality, 8k, HDR, ultra-detailed skin texture, natural lighting, sharp focus, cinematic tone)\nheroic expression, intense eyes, defined jawline, realistic skin pores, smooth complexion, balanced highlights and shadows, \nsubtle film grain, natural depth of field, perfect facial symmetry, highly detailed eyes and eyelashes, \nintricate hair strands, clear facial geometry, soft rim light\n<lora:add-detail-xl:0.7> <lora:CinematicStyle_v1:0.55> <lora:DetailedEyes_V3:0.85>",
    "adetailer_negative_prompt": "neg: <embedding:ac_neg1> <embedding:negative_hands> <embedding:stable_yogis_pdxl_negatives2-neg> <embedding:stable_yogis_anatomy_negatives_v1-neg>\nneg: blurry, low quality, cartoon, extra eyes, asymmetrical face, bad eyes, bad teeth, overexposed skin, \nplastic skin, shiny forehead, unnatural shadowing, low detail, overprocessed, deformed pupils, distorted mouth, \nartifacting, wax texture, makeup smears, discolored skin tones"
=======
    "adetailer_confidence": 0.6916666666666667,
    "adetailer_mask_feather": 8,
    "adetailer_sampler": "DPM++ 2M",
    "adetailer_steps": 12,
    "adetailer_denoise": 0.25833333333333336,
    "adetailer_cfg": 6.0,
    "adetailer_prompt": "natural skin texture, clear eyes, detailed eyelashes, balanced highlights, subtle film grain, sharp focus",
    "adetailer_negative_prompt": "asymmetrical eyes, glossy skin, melted face, face mush, deformed nose, overexposed highlights"
>>>>>>> MajorRefactor
  },
  "randomization": {
    "enabled": true,
    "prompt_sr": {
<<<<<<< HEAD
      "enabled": false,
      "mode": "random",
      "rules": [],
      "raw_text": ""
    },
    "wildcards": {
      "enabled": false,
      "mode": "random",
      "tokens": [],
      "raw_text": ""
    },
    "matrix": {
      "enabled": true,
      "mode": "fanout",
=======
      "enabled": true,
      "mode": "random",
      "rules": [
        {
          "search": "beautiful woman",
          "replacements": [
            "beautiful woman",
            "goddess",
            "huntress",
            "sorceress",
            "angelic figure"
          ]
        },
        {
          "search": "portrait",
          "replacements": [
            "portrait",
            "close-up",
            "cinematic portrait",
            "fashion shot"
          ]
        },
        {
          "search": "lighting",
          "replacements": [
            "soft light",
            "hard light",
            "dramatic lighting",
            "volumetric light"
          ]
        },
        {
          "search": "scene",
          "replacements": [
            "setting",
            "background",
            "environment",
            "location"
          ]
        },
        {
          "search": "camera",
          "replacements": [
            "camera",
            "lens",
            "composition",
            "cinematic angle"
          ]
        }
      ],
      "raw_text": "beautiful woman => beautiful woman|goddess|huntress|sorceress|angelic figure\nportrait => portrait |close-up|cinematic portrait|fashion shot\nlighting => soft light|hard light|dramatic lighting|volumetric light\nscene => setting|background|environment|location\ncamera => camera|lens|composition|cinematic angle"
    },
    "wildcards": {
      "enabled": true,
      "mode": "random",
      "tokens": [
        {
          "token": "__environment__",
          "values": [
            "plains",
            "mountains",
            "lakeside",
            "underwater cave"
          ]
        },
        {
          "token": "__mood__",
          "values": [
            "light-hearted",
            "serious",
            "playful"
          ]
        },
        {
          "token": "__lighting__",
          "values": [
            "well-lit",
            "moonlit",
            "soft-light",
            "day-light"
          ]
        },
        {
          "token": "__props__",
          "values": [
            "dagger",
            "staff",
            "sword",
            "shuriken",
            "whip"
          ]
        }
      ],
      "raw_text": "__environment__:  plains | mountains | lakeside | underwater cave\n__mood__: light-hearted | serious | playful\n__lighting__: well-lit | moonlit | soft-light | day-light\n__props__:  dagger | staff | sword | shuriken | whip"
    },
    "matrix": {
      "enabled": true,
      "mode": "rotate",
>>>>>>> MajorRefactor
      "prompt_mode": "prepend",
      "limit": 0,
      "slots": [
        {
          "name": "hair",
          "values": [
            "blonde",
            "black",
            "brown",
<<<<<<< HEAD
            "red"
=======
            "red",
            "auburn",
            "silver"
>>>>>>> MajorRefactor
          ]
        },
        {
          "name": "clothes",
          "values": [
<<<<<<< HEAD
            "bikini armor",
            "bikini",
            "bralette and thong"
=======
            "bikini",
            "bikini armor",
            "thong and bralette",
            "diaphanous robes",
            "crystal lingerie"
>>>>>>> MajorRefactor
          ]
        },
        {
          "name": "style",
          "values": [
            "sexy",
<<<<<<< HEAD
            "gorgeous",
            "radiant"
          ]
        },
        {
          "name": "light",
          "values": [
            "soft glowing light",
            "shadows and torchlight",
            "blue ambient glow"
          ]
        },
        {
          "name": "angle",
          "values": [
            "3/4 character",
            "waist up",
            "low-angle close up"
          ]
        }
      ],
      "raw_text": "# Base: a [[hair]] hair colored female, wearing [[clothes]] and looking [[style]] in the [[light]] with a [[angle]] angle\nhair: blonde | black | brown | red\nclothes: bikini armor | bikini | bralette and thong\nstyle: sexy | gorgeous | radiant\nlight: soft glowing light | shadows and torchlight | blue ambient glow\nangle: 3/4 character | waist up | low-angle close up",
      "base_prompt": "a [[hair]] hair colored female, wearing [[clothes]] and looking [[style]] in the [[light]] with a [[angle]] angle"
=======
            "scandalous",
            "radiant",
            "mystical",
            "fierce"
          ]
        },
        {
          "name": "environment",
          "values": [
            "castle hall",
            "misty forest",
            "ancient temple",
            "moonlit beach",
            "glowing ruins"
          ]
        },
        {
          "name": "lighting",
          "values": [
            "soft glowing light",
            "torches and shadow",
            "blue ambient glow",
            "sunset flare",
            "moonlight haze"
          ]
        },
        {
          "name": "camera",
          "values": [
            "low-angle 3/4 portrait",
            "full-body stance",
            "wide-angle cinematic shot",
            "overhead looking down angle"
          ]
        }
      ],
      "raw_text": "# Base: a [[hair]]-haired beautiful woman wearing [[clothes]], looking [[style]] in a [[environment]] under [[lighting]] from a [[camera]] perspective\nhair: blonde | black | brown | red | auburn | silver\nclothes: bikini | bikini armor | thong and bralette | diaphanous robes | crystal lingerie\nstyle: sexy | scandalous | radiant | mystical | fierce\nenvironment: castle hall | misty forest | ancient temple | moonlit beach | glowing ruins\nlighting: soft glowing light | torches and shadow | blue ambient glow | sunset flare | moonlight haze\ncamera: low-angle 3/4 portrait | full-body stance | wide-angle cinematic shot | overhead looking down angle",
      "base_prompt": "a [[hair]]-haired beautiful woman wearing [[clothes]], looking [[style]] in a [[environment]] under [[lighting]] from a [[camera]] perspective"
>>>>>>> MajorRefactor
    }
  },
  "aesthetic": {
    "enabled": false,
<<<<<<< HEAD
    "mode": "script",
=======
    "mode": "prompt",
>>>>>>> MajorRefactor
    "weight": 0.9,
    "steps": 5,
    "learning_rate": 0.0001,
    "slerp": false,
    "slerp_angle": 0.1,
    "embedding": "None",
<<<<<<< HEAD
    "text": "",
=======
    "text": "paradise",
>>>>>>> MajorRefactor
    "text_is_negative": false,
    "fallback_prompt": ""
  }
}