[
  {
    "level": "INFO",
    "name": "src.services.queue_store_v2",
    "message": "Loaded queue state: 0 jobs, auto_run=False, paused=False",
    "created": 1765240652.0449028
  },
  {
    "level": "INFO",
    "name": "src.controller.app_controller",
    "message": "Restored queue state: auto_run=False, paused=False, 0 jobs (jobs not restored in V1 queue)",
    "created": 1765240652.0449028
  },
  {
    "level": "INFO",
    "name": "src.api.healthcheck",
    "message": "Probing WebUI readiness at models/options endpoints | {\"models_endpoint\": \"/sdapi/v1/sd-models\", \"options_endpoint\": \"/sdapi/v1/options\", \"subsystem\": \"api\"}",
    "created": 1765240652.0449028,
    "payload": {
      "message": "Probing WebUI readiness at models/options endpoints",
      "subsystem": "api",
      "models_endpoint": "/sdapi/v1/sd-models",
      "options_endpoint": "/sdapi/v1/options"
    }
  },
  {
    "level": "WARNING",
    "name": "src.api.healthcheck",
    "message": "WebUI did not become ready within allotted time: HTTPConnectionPool(host='127.0.0.1', port=7860): Max retries exceeded with url: /sdapi/v1/options (Caused by NewConnectionError('<urllib3.connection.HTTPConnection object at 0x0000026B18435150>: Failed to establish a new connection: [WinError 10061] No connection could be made because the target machine actively refused it')) | {\"last_error\": \"HTTPConnectionPool(host='127.0.0.1', port=7860): Max retries exceeded with url: /sdapi/v1/options (Caused by NewConnectionError('<urllib3.connection.HTTPConnection object at 0x0000026B18435150>: Failed to establish a new connection: [WinError 10061] No connection could be made because the target machine actively refused it'))\", \"last_error_endpoint\": \"/sdapi/v1/options\", \"subsystem\": \"api\"}",
    "created": 1765240659.1406388,
    "payload": {
      "message": "WebUI did not become ready within allotted time: HTTPConnectionPool(host='127.0.0.1', port=7860): Max retries exceeded with url: /sdapi/v1/options (Caused by NewConnectionError('<urllib3.connection.HTTPConnection object at 0x0000026B18435150>: Failed to establish a new connection: [WinError 10061] No connection could be made because the target machine actively refused it'))",
      "subsystem": "api",
      "last_error": "HTTPConnectionPool(host='127.0.0.1', port=7860): Max retries exceeded with url: /sdapi/v1/options (Caused by NewConnectionError('<urllib3.connection.HTTPConnection object at 0x0000026B18435150>: Failed to establish a new connection: [WinError 10061] No connection could be made because the target machine actively refused it'))",
      "last_error_endpoint": "/sdapi/v1/options"
    }
  },
  {
    "level": "INFO",
    "name": "src.api.webui_process_manager",
    "message": "Starting WebUI process | {\"command\": [\"webui-user.bat\", \"--api\", \"--xformers\"], \"subsystem\": \"api\", \"working_dir\": \"C:\\\\Users\\\\rob\\\\stable-diffusion-webui\"}",
    "created": 1765240659.1406388,
    "payload": {
      "message": "Starting WebUI process",
      "subsystem": "api",
      "command": [
        "webui-user.bat",
        "--api",
        "--xformers"
      ],
      "working_dir": "<USER_HOME>\\stable-diffusion-webui"
    }
  },
  {
    "level": "INFO",
    "name": "src.api.webui_process_manager",
    "message": "[PROC] launch run_session=c61d2699 pid=38356 cmd=\"webui-user.bat --api --xformers\" cwd=\"<USER_HOME>\\stable-diffusion-webui\"",
    "created": 1765240659.1457887
  },
  {
    "level": "INFO",
    "name": "root",
    "message": "WebUI stdout: Using PYTHON=<USER_HOME>\\AppData\\Local\\Programs\\Python\\Python310\\python.exe",
    "created": 1765240659.1574783
  },
  {
    "level": "INFO",
    "name": "root",
    "message": "WebUI stdout: venv \"<USER_HOME>\\stable-diffusion-webui\\venv\\Scripts\\Python.exe\"",
    "created": 1765240659.3788106
  },
  {
    "level": "INFO",
    "name": "root",
    "message": "WebUI stderr: <USER_HOME>\\stable-diffusion-webui\\venv\\lib\\site-packages\\timm\\models\\layers\\__init__.py:48: FutureWarning: Importing from timm.models.layers is deprecated, please import via timm.layers",
    "created": 1765240663.1236076
  },
  {
    "level": "INFO",
    "name": "root",
    "message": "WebUI stderr: warnings.warn(f\"Importing from {__name__} is deprecated, please import via timm.layers\", FutureWarning)",
    "created": 1765240663.1236076
  },
  {
    "level": "INFO",
    "name": "root",
    "message": "WebUI stdout: Launching Web UI with arguments: --xformers --opt-sdp-attention --opt-channelslast --no-half-vae --api --skip-install --skip-prepare-environment",
    "created": 1765240664.4015179
  },
  {
    "level": "INFO",
    "name": "root",
    "message": "WebUI stdout: [-] ADetailer initialized. version: 25.3.0, num models: 10",
    "created": 1765240664.4015179
  },
  {
    "level": "INFO",
    "name": "root",
    "message": "WebUI stdout: Loading weights [dd08fa32f9] from <USER_HOME>\\stable-diffusion-webui\\models\\Stable-diffusion\\juggernautXL_ragnarokBy.safetensors",
    "created": 1765240665.022695
  },
  {
    "level": "INFO",
    "name": "root",
    "message": "WebUI stdout: Creating model from config: <USER_HOME>\\stable-diffusion-webui\\repositories\\generative-models\\configs\\inference\\sd_xl_base.yaml",
    "created": 1765240665.022695
  },
  {
    "level": "INFO",
    "name": "root",
    "message": "WebUI stderr: <USER_HOME>\\stable-diffusion-webui\\venv\\lib\\site-packages\\huggingface_hub\\file_download.py:942: FutureWarning: `resume_download` is deprecated and will be removed in version 1.0.0. Downloads always resume when possible. If you want to force a new download, use `force_download=True`.",
    "created": 1765240665.0500984
  },
  {
    "level": "INFO",
    "name": "root",
    "message": "WebUI stderr: warnings.warn(",
    "created": 1765240665.0500984
  },
  {
    "level": "INFO",
    "name": "root",
    "message": "WebUI stdout: Press any key to continue . . .",
    "created": 1765240665.6031919
  },
  {
    "level": "INFO",
    "name": "src.api.healthcheck",
    "message": "Probing WebUI readiness at models/options endpoints | {\"models_endpoint\": \"/sdapi/v1/sd-models\", \"options_endpoint\": \"/sdapi/v1/options\", \"subsystem\": \"api\"}",
    "created": 1765240669.1534424,
    "payload": {
      "message": "Probing WebUI readiness at models/options endpoints",
      "subsystem": "api",
      "models_endpoint": "/sdapi/v1/sd-models",
      "options_endpoint": "/sdapi/v1/options"
    }
  },
  {
    "level": "WARNING",
    "name": "src.api.healthcheck",
    "message": "WebUI did not become ready within allotted time: HTTPConnectionPool(host='127.0.0.1', port=7860): Max retries exceeded with url: /sdapi/v1/options (Caused by ConnectTimeoutError(<urllib3.connection.HTTPConnection object at 0x0000026B184345B0>, 'Connection to 127.0.0.1 timed out. (connect timeout=1.0)')) | {\"last_error\": \"HTTPConnectionPool(host='127.0.0.1', port=7860): Max retries exceeded with url: /sdapi/v1/options (Caused by ConnectTimeoutError(<urllib3.connection.HTTPConnection object at 0x0000026B184345B0>, 'Connection to 127.0.0.1 timed out. (connect timeout=1.0)'))\", \"last_error_endpoint\": \"/sdapi/v1/options\", \"subsystem\": \"api\"}",
    "created": 1765240673.186987,
    "payload": {
      "message": "WebUI did not become ready within allotted time: HTTPConnectionPool(host='127.0.0.1', port=7860): Max retries exceeded with url: /sdapi/v1/options (Caused by ConnectTimeoutError(<urllib3.connection.HTTPConnection object at 0x0000026B184345B0>, 'Connection to 127.0.0.1 timed out. (connect timeout=1.0)'))",
      "subsystem": "api",
      "last_error": "HTTPConnectionPool(host='127.0.0.1', port=7860): Max retries exceeded with url: /sdapi/v1/options (Caused by ConnectTimeoutError(<urllib3.connection.HTTPConnection object at 0x0000026B184345B0>, 'Connection to 127.0.0.1 timed out. (connect timeout=1.0)'))",
      "last_error_endpoint": "/sdapi/v1/options"
    }
  },
  {
    "level": "INFO",
    "name": "src.api.healthcheck",
    "message": "Probing WebUI readiness at models/options endpoints | {\"models_endpoint\": \"/sdapi/v1/sd-models\", \"options_endpoint\": \"/sdapi/v1/options\", \"subsystem\": \"api\"}",
    "created": 1765240674.1880908,
    "payload": {
      "message": "Probing WebUI readiness at models/options endpoints",
      "subsystem": "api",
      "models_endpoint": "/sdapi/v1/sd-models",
      "options_endpoint": "/sdapi/v1/options"
    }
  },
  {
    "level": "WARNING",
    "name": "src.api.healthcheck",
    "message": "WebUI did not become ready within allotted time: HTTPConnectionPool(host='127.0.0.1', port=7860): Max retries exceeded with url: /sdapi/v1/options (Caused by ConnectTimeoutError(<urllib3.connection.HTTPConnection object at 0x0000026B186DF940>, 'Connection to 127.0.0.1 timed out. (connect timeout=1.0)')) | {\"last_error\": \"HTTPConnectionPool(host='127.0.0.1', port=7860): Max retries exceeded with url: /sdapi/v1/options (Caused by ConnectTimeoutError(<urllib3.connection.HTTPConnection object at 0x0000026B186DF940>, 'Connection to 127.0.0.1 timed out. (connect timeout=1.0)'))\", \"last_error_endpoint\": \"/sdapi/v1/options\", \"subsystem\": \"api\"}",
    "created": 1765240678.2017412,
    "payload": {
      "message": "WebUI did not become ready within allotted time: HTTPConnectionPool(host='127.0.0.1', port=7860): Max retries exceeded with url: /sdapi/v1/options (Caused by ConnectTimeoutError(<urllib3.connection.HTTPConnection object at 0x0000026B186DF940>, 'Connection to 127.0.0.1 timed out. (connect timeout=1.0)'))",
      "subsystem": "api",
      "last_error": "HTTPConnectionPool(host='127.0.0.1', port=7860): Max retries exceeded with url: /sdapi/v1/options (Caused by ConnectTimeoutError(<urllib3.connection.HTTPConnection object at 0x0000026B186DF940>, 'Connection to 127.0.0.1 timed out. (connect timeout=1.0)'))",
      "last_error_endpoint": "/sdapi/v1/options"
    }
  },
  {
    "level": "INFO",
    "name": "src.api.healthcheck",
    "message": "Probing WebUI readiness at models/options endpoints | {\"models_endpoint\": \"/sdapi/v1/sd-models\", \"options_endpoint\": \"/sdapi/v1/options\", \"subsystem\": \"api\"}",
    "created": 1765240679.2091572,
    "payload": {
      "message": "Probing WebUI readiness at models/options endpoints",
      "subsystem": "api",
      "models_endpoint": "/sdapi/v1/sd-models",
      "options_endpoint": "/sdapi/v1/options"
    }
  },
  {
    "level": "WARNING",
    "name": "src.api.healthcheck",
    "message": "WebUI did not become ready within allotted time: HTTPConnectionPool(host='127.0.0.1', port=7860): Max retries exceeded with url: /sdapi/v1/options (Caused by ConnectTimeoutError(<urllib3.connection.HTTPConnection object at 0x0000026B1853ABF0>, 'Connection to 127.0.0.1 timed out. (connect timeout=1.0)')) | {\"last_error\": \"HTTPConnectionPool(host='127.0.0.1', port=7860): Max retries exceeded with url: /sdapi/v1/options (Caused by ConnectTimeoutError(<urllib3.connection.HTTPConnection object at 0x0000026B1853ABF0>, 'Connection to 127.0.0.1 timed out. (connect timeout=1.0)'))\", \"last_error_endpoint\": \"/sdapi/v1/options\", \"subsystem\": \"api\"}",
    "created": 1765240683.2673583,
    "payload": {
      "message": "WebUI did not become ready within allotted time: HTTPConnectionPool(host='127.0.0.1', port=7860): Max retries exceeded with url: /sdapi/v1/options (Caused by ConnectTimeoutError(<urllib3.connection.HTTPConnection object at 0x0000026B1853ABF0>, 'Connection to 127.0.0.1 timed out. (connect timeout=1.0)'))",
      "subsystem": "api",
      "last_error": "HTTPConnectionPool(host='127.0.0.1', port=7860): Max retries exceeded with url: /sdapi/v1/options (Caused by ConnectTimeoutError(<urllib3.connection.HTTPConnection object at 0x0000026B1853ABF0>, 'Connection to 127.0.0.1 timed out. (connect timeout=1.0)'))",
      "last_error_endpoint": "/sdapi/v1/options"
    }
  },
  {
    "level": "INFO",
    "name": "src.api.healthcheck",
    "message": "Probing WebUI readiness at models/options endpoints | {\"models_endpoint\": \"/sdapi/v1/sd-models\", \"options_endpoint\": \"/sdapi/v1/options\", \"subsystem\": \"api\"}",
    "created": 1765240684.2789655,
    "payload": {
      "message": "Probing WebUI readiness at models/options endpoints",
      "subsystem": "api",
      "models_endpoint": "/sdapi/v1/sd-models",
      "options_endpoint": "/sdapi/v1/options"
    }
  },
  {
    "level": "WARNING",
    "name": "src.api.healthcheck",
    "message": "WebUI did not become ready within allotted time: HTTPConnectionPool(host='127.0.0.1', port=7860): Max retries exceeded with url: /sdapi/v1/options (Caused by ConnectTimeoutError(<urllib3.connection.HTTPConnection object at 0x0000026B183EA860>, 'Connection to 127.0.0.1 timed out. (connect timeout=1.0)')) | {\"last_error\": \"HTTPConnectionPool(host='127.0.0.1', port=7860): Max retries exceeded with url: /sdapi/v1/options (Caused by ConnectTimeoutError(<urllib3.connection.HTTPConnection object at 0x0000026B183EA860>, 'Connection to 127.0.0.1 timed out. (connect timeout=1.0)'))\", \"last_error_endpoint\": \"/sdapi/v1/options\", \"subsystem\": \"api\"}",
    "created": 1765240688.308066,
    "payload": {
      "message": "WebUI did not become ready within allotted time: HTTPConnectionPool(host='127.0.0.1', port=7860): Max retries exceeded with url: /sdapi/v1/options (Caused by ConnectTimeoutError(<urllib3.connection.HTTPConnection object at 0x0000026B183EA860>, 'Connection to 127.0.0.1 timed out. (connect timeout=1.0)'))",
      "subsystem": "api",
      "last_error": "HTTPConnectionPool(host='127.0.0.1', port=7860): Max retries exceeded with url: /sdapi/v1/options (Caused by ConnectTimeoutError(<urllib3.connection.HTTPConnection object at 0x0000026B183EA860>, 'Connection to 127.0.0.1 timed out. (connect timeout=1.0)'))",
      "last_error_endpoint": "/sdapi/v1/options"
    }
  },
  {
    "level": "INFO",
    "name": "src.api.healthcheck",
    "message": "Probing WebUI readiness at models/options endpoints | {\"models_endpoint\": \"/sdapi/v1/sd-models\", \"options_endpoint\": \"/sdapi/v1/options\", \"subsystem\": \"api\"}",
    "created": 1765240689.321599,
    "payload": {
      "message": "Probing WebUI readiness at models/options endpoints",
      "subsystem": "api",
      "models_endpoint": "/sdapi/v1/sd-models",
      "options_endpoint": "/sdapi/v1/options"
    }
  },
  {
    "level": "WARNING",
    "name": "src.api.healthcheck",
    "message": "WebUI did not become ready within allotted time: HTTPConnectionPool(host='127.0.0.1', port=7860): Max retries exceeded with url: /sdapi/v1/options (Caused by ConnectTimeoutError(<urllib3.connection.HTTPConnection object at 0x0000026B183EA4D0>, 'Connection to 127.0.0.1 timed out. (connect timeout=1.0)')) | {\"last_error\": \"HTTPConnectionPool(host='127.0.0.1', port=7860): Max retries exceeded with url: /sdapi/v1/options (Caused by ConnectTimeoutError(<urllib3.connection.HTTPConnection object at 0x0000026B183EA4D0>, 'Connection to 127.0.0.1 timed out. (connect timeout=1.0)'))\", \"last_error_endpoint\": \"/sdapi/v1/options\", \"subsystem\": \"api\"}",
    "created": 1765240693.3488762,
    "payload": {
      "message": "WebUI did not become ready within allotted time: HTTPConnectionPool(host='127.0.0.1', port=7860): Max retries exceeded with url: /sdapi/v1/options (Caused by ConnectTimeoutError(<urllib3.connection.HTTPConnection object at 0x0000026B183EA4D0>, 'Connection to 127.0.0.1 timed out. (connect timeout=1.0)'))",
      "subsystem": "api",
      "last_error": "HTTPConnectionPool(host='127.0.0.1', port=7860): Max retries exceeded with url: /sdapi/v1/options (Caused by ConnectTimeoutError(<urllib3.connection.HTTPConnection object at 0x0000026B183EA4D0>, 'Connection to 127.0.0.1 timed out. (connect timeout=1.0)'))",
      "last_error_endpoint": "/sdapi/v1/options"
    }
  },
  {
    "level": "INFO",
    "name": "src.api.healthcheck",
    "message": "Probing WebUI readiness at models/options endpoints | {\"models_endpoint\": \"/sdapi/v1/sd-models\", \"options_endpoint\": \"/sdapi/v1/options\", \"subsystem\": \"api\"}",
    "created": 1765240694.3567882,
    "payload": {
      "message": "Probing WebUI readiness at models/options endpoints",
      "subsystem": "api",
      "models_endpoint": "/sdapi/v1/sd-models",
      "options_endpoint": "/sdapi/v1/options"
    }
  },
  {
    "level": "WARNING",
    "name": "src.api.healthcheck",
    "message": "WebUI did not become ready within allotted time: HTTPConnectionPool(host='127.0.0.1', port=7860): Max retries exceeded with url: /sdapi/v1/options (Caused by ConnectTimeoutError(<urllib3.connection.HTTPConnection object at 0x0000026B183EA800>, 'Connection to 127.0.0.1 timed out. (connect timeout=1.0)')) | {\"last_error\": \"HTTPConnectionPool(host='127.0.0.1', port=7860): Max retries exceeded with url: /sdapi/v1/options (Caused by ConnectTimeoutError(<urllib3.connection.HTTPConnection object at 0x0000026B183EA800>, 'Connection to 127.0.0.1 timed out. (connect timeout=1.0)'))\", \"last_error_endpoint\": \"/sdapi/v1/options\", \"subsystem\": \"api\"}",
    "created": 1765240698.3906903,
    "payload": {
      "message": "WebUI did not become ready within allotted time: HTTPConnectionPool(host='127.0.0.1', port=7860): Max retries exceeded with url: /sdapi/v1/options (Caused by ConnectTimeoutError(<urllib3.connection.HTTPConnection object at 0x0000026B183EA800>, 'Connection to 127.0.0.1 timed out. (connect timeout=1.0)'))",
      "subsystem": "api",
      "last_error": "HTTPConnectionPool(host='127.0.0.1', port=7860): Max retries exceeded with url: /sdapi/v1/options (Caused by ConnectTimeoutError(<urllib3.connection.HTTPConnection object at 0x0000026B183EA800>, 'Connection to 127.0.0.1 timed out. (connect timeout=1.0)'))",
      "last_error_endpoint": "/sdapi/v1/options"
    }
  },
  {
    "level": "INFO",
    "name": "src.api.healthcheck",
    "message": "Probing WebUI readiness at models/options endpoints | {\"models_endpoint\": \"/sdapi/v1/sd-models\", \"options_endpoint\": \"/sdapi/v1/options\", \"subsystem\": \"api\"}",
    "created": 1765240699.401403,
    "payload": {
      "message": "Probing WebUI readiness at models/options endpoints",
      "subsystem": "api",
      "models_endpoint": "/sdapi/v1/sd-models",
      "options_endpoint": "/sdapi/v1/options"
    }
  },
  {
    "level": "WARNING",
    "name": "src.api.healthcheck",
    "message": "WebUI did not become ready within allotted time: HTTPConnectionPool(host='127.0.0.1', port=7860): Max retries exceeded with url: /sdapi/v1/options (Caused by ConnectTimeoutError(<urllib3.connection.HTTPConnection object at 0x0000026B1885D480>, 'Connection to 127.0.0.1 timed out. (connect timeout=1.0)')) | {\"last_error\": \"HTTPConnectionPool(host='127.0.0.1', port=7860): Max retries exceeded with url: /sdapi/v1/options (Caused by ConnectTimeoutError(<urllib3.connection.HTTPConnection object at 0x0000026B1885D480>, 'Connection to 127.0.0.1 timed out. (connect timeout=1.0)'))\", \"last_error_endpoint\": \"/sdapi/v1/options\", \"subsystem\": \"api\"}",
    "created": 1765240703.4345021,
    "payload": {
      "message": "WebUI did not become ready within allotted time: HTTPConnectionPool(host='127.0.0.1', port=7860): Max retries exceeded with url: /sdapi/v1/options (Caused by ConnectTimeoutError(<urllib3.connection.HTTPConnection object at 0x0000026B1885D480>, 'Connection to 127.0.0.1 timed out. (connect timeout=1.0)'))",
      "subsystem": "api",
      "last_error": "HTTPConnectionPool(host='127.0.0.1', port=7860): Max retries exceeded with url: /sdapi/v1/options (Caused by ConnectTimeoutError(<urllib3.connection.HTTPConnection object at 0x0000026B1885D480>, 'Connection to 127.0.0.1 timed out. (connect timeout=1.0)'))",
      "last_error_endpoint": "/sdapi/v1/options"
    }
  },
  {
    "level": "INFO",
    "name": "src.api.healthcheck",
    "message": "Probing WebUI readiness at models/options endpoints | {\"models_endpoint\": \"/sdapi/v1/sd-models\", \"options_endpoint\": \"/sdapi/v1/options\", \"subsystem\": \"api\"}",
    "created": 1765240704.4371626,
    "payload": {
      "message": "Probing WebUI readiness at models/options endpoints",
      "subsystem": "api",
      "models_endpoint": "/sdapi/v1/sd-models",
      "options_endpoint": "/sdapi/v1/options"
    }
  },
  {
    "level": "WARNING",
    "name": "src.api.healthcheck",
    "message": "WebUI did not become ready within allotted time: HTTPConnectionPool(host='127.0.0.1', port=7860): Max retries exceeded with url: /sdapi/v1/options (Caused by ConnectTimeoutError(<urllib3.connection.HTTPConnection object at 0x0000026B1885CE20>, 'Connection to 127.0.0.1 timed out. (connect timeout=1.0)')) | {\"last_error\": \"HTTPConnectionPool(host='127.0.0.1', port=7860): Max retries exceeded with url: /sdapi/v1/options (Caused by ConnectTimeoutError(<urllib3.connection.HTTPConnection object at 0x0000026B1885CE20>, 'Connection to 127.0.0.1 timed out. (connect timeout=1.0)'))\", \"last_error_endpoint\": \"/sdapi/v1/options\", \"subsystem\": \"api\"}",
    "created": 1765240708.4809873,
    "payload": {
      "message": "WebUI did not become ready within allotted time: HTTPConnectionPool(host='127.0.0.1', port=7860): Max retries exceeded with url: /sdapi/v1/options (Caused by ConnectTimeoutError(<urllib3.connection.HTTPConnection object at 0x0000026B1885CE20>, 'Connection to 127.0.0.1 timed out. (connect timeout=1.0)'))",
      "subsystem": "api",
      "last_error": "HTTPConnectionPool(host='127.0.0.1', port=7860): Max retries exceeded with url: /sdapi/v1/options (Caused by ConnectTimeoutError(<urllib3.connection.HTTPConnection object at 0x0000026B1885CE20>, 'Connection to 127.0.0.1 timed out. (connect timeout=1.0)'))",
      "last_error_endpoint": "/sdapi/v1/options"
    }
  },
  {
    "level": "INFO",
    "name": "src.api.healthcheck",
    "message": "Probing WebUI readiness at models/options endpoints | {\"models_endpoint\": \"/sdapi/v1/sd-models\", \"options_endpoint\": \"/sdapi/v1/options\", \"subsystem\": \"api\"}",
    "created": 1765240709.4949892,
    "payload": {
      "message": "Probing WebUI readiness at models/options endpoints",
      "subsystem": "api",
      "models_endpoint": "/sdapi/v1/sd-models",
      "options_endpoint": "/sdapi/v1/options"
    }
  },
  {
    "level": "WARNING",
    "name": "src.api.healthcheck",
    "message": "WebUI did not become ready within allotted time: HTTPConnectionPool(host='127.0.0.1', port=7860): Max retries exceeded with url: /sdapi/v1/options (Caused by ConnectTimeoutError(<urllib3.connection.HTTPConnection object at 0x0000026B183EAE60>, 'Connection to 127.0.0.1 timed out. (connect timeout=1.0)')) | {\"last_error\": \"HTTPConnectionPool(host='127.0.0.1', port=7860): Max retries exceeded with url: /sdapi/v1/options (Caused by ConnectTimeoutError(<urllib3.connection.HTTPConnection object at 0x0000026B183EAE60>, 'Connection to 127.0.0.1 timed out. (connect timeout=1.0)'))\", \"last_error_endpoint\": \"/sdapi/v1/options\", \"subsystem\": \"api\"}",
    "created": 1765240713.5182264,
    "payload": {
      "message": "WebUI did not become ready within allotted time: HTTPConnectionPool(host='127.0.0.1', port=7860): Max retries exceeded with url: /sdapi/v1/options (Caused by ConnectTimeoutError(<urllib3.connection.HTTPConnection object at 0x0000026B183EAE60>, 'Connection to 127.0.0.1 timed out. (connect timeout=1.0)'))",
      "subsystem": "api",
      "last_error": "HTTPConnectionPool(host='127.0.0.1', port=7860): Max retries exceeded with url: /sdapi/v1/options (Caused by ConnectTimeoutError(<urllib3.connection.HTTPConnection object at 0x0000026B183EAE60>, 'Connection to 127.0.0.1 timed out. (connect timeout=1.0)'))",
      "last_error_endpoint": "/sdapi/v1/options"
    }
  },
  {
    "level": "INFO",
    "name": "src.api.healthcheck",
    "message": "Probing WebUI readiness at models/options endpoints | {\"models_endpoint\": \"/sdapi/v1/sd-models\", \"options_endpoint\": \"/sdapi/v1/options\", \"subsystem\": \"api\"}",
    "created": 1765240714.533754,
    "payload": {
      "message": "Probing WebUI readiness at models/options endpoints",
      "subsystem": "api",
      "models_endpoint": "/sdapi/v1/sd-models",
      "options_endpoint": "/sdapi/v1/options"
    }
  },
  {
    "level": "WARNING",
    "name": "src.api.healthcheck",
    "message": "WebUI did not become ready within allotted time: HTTPConnectionPool(host='127.0.0.1', port=7860): Max retries exceeded with url: /sdapi/v1/options (Caused by ConnectTimeoutError(<urllib3.connection.HTTPConnection object at 0x0000026B187B8460>, 'Connection to 127.0.0.1 timed out. (connect timeout=1.0)')) | {\"last_error\": \"HTTPConnectionPool(host='127.0.0.1', port=7860): Max retries exceeded with url: /sdapi/v1/options (Caused by ConnectTimeoutError(<urllib3.connection.HTTPConnection object at 0x0000026B187B8460>, 'Connection to 127.0.0.1 timed out. (connect timeout=1.0)'))\", \"last_error_endpoint\": \"/sdapi/v1/options\", \"subsystem\": \"api\"}",
    "created": 1765240718.5581946,
    "payload": {
      "message": "WebUI did not become ready within allotted time: HTTPConnectionPool(host='127.0.0.1', port=7860): Max retries exceeded with url: /sdapi/v1/options (Caused by ConnectTimeoutError(<urllib3.connection.HTTPConnection object at 0x0000026B187B8460>, 'Connection to 127.0.0.1 timed out. (connect timeout=1.0)'))",
      "subsystem": "api",
      "last_error": "HTTPConnectionPool(host='127.0.0.1', port=7860): Max retries exceeded with url: /sdapi/v1/options (Caused by ConnectTimeoutError(<urllib3.connection.HTTPConnection object at 0x0000026B187B8460>, 'Connection to 127.0.0.1 timed out. (connect timeout=1.0)'))",
      "last_error_endpoint": "/sdapi/v1/options"
    }
  },
  {
    "level": "INFO",
    "name": "src.controller.webui_connection_controller",
    "message": "Trying to auto-detect WebUI on other ports...",
    "created": 1765240719.558777
  },
  {
    "level": "INFO",
    "name": "src.api.healthcheck",
    "message": "Checking for WebUI API on port 7860 | {\"endpoint\": \"/sdapi/v1/progress\", \"port\": 7860, \"subsystem\": \"api\"}",
    "created": 1765240719.558777,
    "payload": {
      "message": "Checking for WebUI API on port 7860",
      "subsystem": "api",
      "port": 7860,
      "endpoint": "/sdapi/v1/progress"
    }
  },
  {
    "level": "INFO",
    "name": "src.api.healthcheck",
    "message": "Probing WebUI readiness at models/options endpoints | {\"models_endpoint\": \"/sdapi/v1/sd-models\", \"options_endpoint\": \"/sdapi/v1/options\", \"subsystem\": \"api\"}",
    "created": 1765240719.558777,
    "payload": {
      "message": "Probing WebUI readiness at models/options endpoints",
      "subsystem": "api",
      "models_endpoint": "/sdapi/v1/sd-models",
      "options_endpoint": "/sdapi/v1/options"
    }
  },
  {
    "level": "WARNING",
    "name": "src.api.healthcheck",
    "message": "WebUI did not become ready within allotted time: HTTPConnectionPool(host='127.0.0.1', port=7860): Max retries exceeded with url: /sdapi/v1/options (Caused by NewConnectionError('<urllib3.connection.HTTPConnection object at 0x0000026B187751B0>: Failed to establish a new connection: [WinError 10061] No connection could be made because the target machine actively refused it')) | {\"last_error\": \"HTTPConnectionPool(host='127.0.0.1', port=7860): Max retries exceeded with url: /sdapi/v1/options (Caused by NewConnectionError('<urllib3.connection.HTTPConnection object at 0x0000026B187751B0>: Failed to establish a new connection: [WinError 10061] No connection could be made because the target machine actively refused it'))\", \"last_error_endpoint\": \"/sdapi/v1/options\", \"subsystem\": \"api\"}",
    "created": 1765240726.6521313,
    "payload": {
      "message": "WebUI did not become ready within allotted time: HTTPConnectionPool(host='127.0.0.1', port=7860): Max retries exceeded with url: /sdapi/v1/options (Caused by NewConnectionError('<urllib3.connection.HTTPConnection object at 0x0000026B187751B0>: Failed to establish a new connection: [WinError 10061] No connection could be made because the target machine actively refused it'))",
      "subsystem": "api",
      "last_error": "HTTPConnectionPool(host='127.0.0.1', port=7860): Max retries exceeded with url: /sdapi/v1/options (Caused by NewConnectionError('<urllib3.connection.HTTPConnection object at 0x0000026B187751B0>: Failed to establish a new connection: [WinError 10061] No connection could be made because the target machine actively refused it'))",
      "last_error_endpoint": "/sdapi/v1/options"
    }
  },
  {
    "level": "INFO",
    "name": "src.api.healthcheck",
    "message": "Checking for WebUI API on port 7861 | {\"endpoint\": \"/sdapi/v1/progress\", \"port\": 7861, \"subsystem\": \"api\"}",
    "created": 1765240726.6521313,
    "payload": {
      "message": "Checking for WebUI API on port 7861",
      "subsystem": "api",
      "port": 7861,
      "endpoint": "/sdapi/v1/progress"
    }
  },
  {
    "level": "INFO",
    "name": "src.api.healthcheck",
    "message": "Probing WebUI readiness at models/options endpoints | {\"models_endpoint\": \"/sdapi/v1/sd-models\", \"options_endpoint\": \"/sdapi/v1/options\", \"subsystem\": \"api\"}",
    "created": 1765240726.6521313,
    "payload": {
      "message": "Probing WebUI readiness at models/options endpoints",
      "subsystem": "api",
      "models_endpoint": "/sdapi/v1/sd-models",
      "options_endpoint": "/sdapi/v1/options"
    }
  },
  {
    "level": "WARNING",
    "name": "src.api.healthcheck",
    "message": "WebUI did not become ready within allotted time: HTTPConnectionPool(host='127.0.0.1', port=7861): Max retries exceeded with url: /sdapi/v1/options (Caused by NewConnectionError('<urllib3.connection.HTTPConnection object at 0x0000026B186DEB60>: Failed to establish a new connection: [WinError 10061] No connection could be made because the target machine actively refused it')) | {\"last_error\": \"HTTPConnectionPool(host='127.0.0.1', port=7861): Max retries exceeded with url: /sdapi/v1/options (Caused by NewConnectionError('<urllib3.connection.HTTPConnection object at 0x0000026B186DEB60>: Failed to establish a new connection: [WinError 10061] No connection could be made because the target machine actively refused it'))\", \"last_error_endpoint\": \"/sdapi/v1/options\", \"subsystem\": \"api\"}",
    "created": 1765240733.7301905,
    "payload": {
      "message": "WebUI did not become ready within allotted time: HTTPConnectionPool(host='127.0.0.1', port=7861): Max retries exceeded with url: /sdapi/v1/options (Caused by NewConnectionError('<urllib3.connection.HTTPConnection object at 0x0000026B186DEB60>: Failed to establish a new connection: [WinError 10061] No connection could be made because the target machine actively refused it'))",
      "subsystem": "api",
      "last_error": "HTTPConnectionPool(host='127.0.0.1', port=7861): Max retries exceeded with url: /sdapi/v1/options (Caused by NewConnectionError('<urllib3.connection.HTTPConnection object at 0x0000026B186DEB60>: Failed to establish a new connection: [WinError 10061] No connection could be made because the target machine actively refused it'))",
      "last_error_endpoint": "/sdapi/v1/options"
    }
  },
  {
    "level": "INFO",
    "name": "src.api.healthcheck",
    "message": "Checking for WebUI API on port 7862 | {\"endpoint\": \"/sdapi/v1/progress\", \"port\": 7862, \"subsystem\": \"api\"}",
    "created": 1765240733.7301905,
    "payload": {
      "message": "Checking for WebUI API on port 7862",
      "subsystem": "api",
      "port": 7862,
      "endpoint": "/sdapi/v1/progress"
    }
  },
  {
    "level": "INFO",
    "name": "src.api.healthcheck",
    "message": "Probing WebUI readiness at models/options endpoints | {\"models_endpoint\": \"/sdapi/v1/sd-models\", \"options_endpoint\": \"/sdapi/v1/options\", \"subsystem\": \"api\"}",
    "created": 1765240733.7301905,
    "payload": {
      "message": "Probing WebUI readiness at models/options endpoints",
      "subsystem": "api",
      "models_endpoint": "/sdapi/v1/sd-models",
      "options_endpoint": "/sdapi/v1/options"
    }
  },
  {
    "level": "WARNING",
    "name": "src.api.healthcheck",
    "message": "WebUI did not become ready within allotted time: HTTPConnectionPool(host='127.0.0.1', port=7862): Max retries exceeded with url: /sdapi/v1/options (Caused by NewConnectionError('<urllib3.connection.HTTPConnection object at 0x0000026B183EAA10>: Failed to establish a new connection: [WinError 10061] No connection could be made because the target machine actively refused it')) | {\"last_error\": \"HTTPConnectionPool(host='127.0.0.1', port=7862): Max retries exceeded with url: /sdapi/v1/options (Caused by NewConnectionError('<urllib3.connection.HTTPConnection object at 0x0000026B183EAA10>: Failed to establish a new connection: [WinError 10061] No connection could be made because the target machine actively refused it'))\", \"last_error_endpoint\": \"/sdapi/v1/options\", \"subsystem\": \"api\"}",
    "created": 1765240740.8700368,
    "payload": {
      "message": "WebUI did not become ready within allotted time: HTTPConnectionPool(host='127.0.0.1', port=7862): Max retries exceeded with url: /sdapi/v1/options (Caused by NewConnectionError('<urllib3.connection.HTTPConnection object at 0x0000026B183EAA10>: Failed to establish a new connection: [WinError 10061] No connection could be made because the target machine actively refused it'))",
      "subsystem": "api",
      "last_error": "HTTPConnectionPool(host='127.0.0.1', port=7862): Max retries exceeded with url: /sdapi/v1/options (Caused by NewConnectionError('<urllib3.connection.HTTPConnection object at 0x0000026B183EAA10>: Failed to establish a new connection: [WinError 10061] No connection could be made because the target machine actively refused it'))",
      "last_error_endpoint": "/sdapi/v1/options"
    }
  },
  {
    "level": "INFO",
    "name": "src.api.healthcheck",
    "message": "Checking for WebUI API on port 7863 | {\"endpoint\": \"/sdapi/v1/progress\", \"port\": 7863, \"subsystem\": \"api\"}",
    "created": 1765240740.8700368,
    "payload": {
      "message": "Checking for WebUI API on port 7863",
      "subsystem": "api",
      "port": 7863,
      "endpoint": "/sdapi/v1/progress"
    }
  },
  {
    "level": "INFO",
    "name": "src.api.healthcheck",
    "message": "Probing WebUI readiness at models/options endpoints | {\"models_endpoint\": \"/sdapi/v1/sd-models\", \"options_endpoint\": \"/sdapi/v1/options\", \"subsystem\": \"api\"}",
    "created": 1765240740.8700368,
    "payload": {
      "message": "Probing WebUI readiness at models/options endpoints",
      "subsystem": "api",
      "models_endpoint": "/sdapi/v1/sd-models",
      "options_endpoint": "/sdapi/v1/options"
    }
  },
  {
    "level": "WARNING",
    "name": "src.api.healthcheck",
    "message": "WebUI did not become ready within allotted time: HTTPConnectionPool(host='127.0.0.1', port=7863): Max retries exceeded with url: /sdapi/v1/options (Caused by NewConnectionError('<urllib3.connection.HTTPConnection object at 0x0000026B183E8640>: Failed to establish a new connection: [WinError 10061] No connection could be made because the target machine actively refused it')) | {\"last_error\": \"HTTPConnectionPool(host='127.0.0.1', port=7863): Max retries exceeded with url: /sdapi/v1/options (Caused by NewConnectionError('<urllib3.connection.HTTPConnection object at 0x0000026B183E8640>: Failed to establish a new connection: [WinError 10061] No connection could be made because the target machine actively refused it'))\", \"last_error_endpoint\": \"/sdapi/v1/options\", \"subsystem\": \"api\"}",
    "created": 1765240747.9850686,
    "payload": {
      "message": "WebUI did not become ready within allotted time: HTTPConnectionPool(host='127.0.0.1', port=7863): Max retries exceeded with url: /sdapi/v1/options (Caused by NewConnectionError('<urllib3.connection.HTTPConnection object at 0x0000026B183E8640>: Failed to establish a new connection: [WinError 10061] No connection could be made because the target machine actively refused it'))",
      "subsystem": "api",
      "last_error": "HTTPConnectionPool(host='127.0.0.1', port=7863): Max retries exceeded with url: /sdapi/v1/options (Caused by NewConnectionError('<urllib3.connection.HTTPConnection object at 0x0000026B183E8640>: Failed to establish a new connection: [WinError 10061] No connection could be made because the target machine actively refused it'))",
      "last_error_endpoint": "/sdapi/v1/options"
    }
  },
  {
    "level": "INFO",
    "name": "src.api.healthcheck",
    "message": "Checking for WebUI API on port 7864 | {\"endpoint\": \"/sdapi/v1/progress\", \"port\": 7864, \"subsystem\": \"api\"}",
    "created": 1765240747.9850686,
    "payload": {
      "message": "Checking for WebUI API on port 7864",
      "subsystem": "api",
      "port": 7864,
      "endpoint": "/sdapi/v1/progress"
    }
  },
  {
    "level": "INFO",
    "name": "src.api.healthcheck",
    "message": "Probing WebUI readiness at models/options endpoints | {\"models_endpoint\": \"/sdapi/v1/sd-models\", \"options_endpoint\": \"/sdapi/v1/options\", \"subsystem\": \"api\"}",
    "created": 1765240747.9850686,
    "payload": {
      "message": "Probing WebUI readiness at models/options endpoints",
      "subsystem": "api",
      "models_endpoint": "/sdapi/v1/sd-models",
      "options_endpoint": "/sdapi/v1/options"
    }
  },
  {
    "level": "WARNING",
    "name": "src.api.healthcheck",
    "message": "WebUI did not become ready within allotted time: HTTPConnectionPool(host='127.0.0.1', port=7864): Max retries exceeded with url: /sdapi/v1/options (Caused by NewConnectionError('<urllib3.connection.HTTPConnection object at 0x0000026B1885D2D0>: Failed to establish a new connection: [WinError 10061] No connection could be made because the target machine actively refused it')) | {\"last_error\": \"HTTPConnectionPool(host='127.0.0.1', port=7864): Max retries exceeded with url: /sdapi/v1/options (Caused by NewConnectionError('<urllib3.connection.HTTPConnection object at 0x0000026B1885D2D0>: Failed to establish a new connection: [WinError 10061] No connection could be made because the target machine actively refused it'))\", \"last_error_endpoint\": \"/sdapi/v1/options\", \"subsystem\": \"api\"}",
    "created": 1765240755.052545,
    "payload": {
      "message": "WebUI did not become ready within allotted time: HTTPConnectionPool(host='127.0.0.1', port=7864): Max retries exceeded with url: /sdapi/v1/options (Caused by NewConnectionError('<urllib3.connection.HTTPConnection object at 0x0000026B1885D2D0>: Failed to establish a new connection: [WinError 10061] No connection could be made because the target machine actively refused it'))",
      "subsystem": "api",
      "last_error": "HTTPConnectionPool(host='127.0.0.1', port=7864): Max retries exceeded with url: /sdapi/v1/options (Caused by NewConnectionError('<urllib3.connection.HTTPConnection object at 0x0000026B1885D2D0>: Failed to establish a new connection: [WinError 10061] No connection could be made because the target machine actively refused it'))",
      "last_error_endpoint": "/sdapi/v1/options"
    }
  },
  {
    "level": "INFO",
    "name": "src.api.healthcheck",
    "message": "Checking for WebUI API on port 8000 | {\"endpoint\": \"/sdapi/v1/progress\", \"port\": 8000, \"subsystem\": \"api\"}",
    "created": 1765240755.052545,
    "payload": {
      "message": "Checking for WebUI API on port 8000",
      "subsystem": "api",
      "port": 8000,
      "endpoint": "/sdapi/v1/progress"
    }
  },
  {
    "level": "INFO",
    "name": "src.api.healthcheck",
    "message": "Probing WebUI readiness at models/options endpoints | {\"models_endpoint\": \"/sdapi/v1/sd-models\", \"options_endpoint\": \"/sdapi/v1/options\", \"subsystem\": \"api\"}",
    "created": 1765240755.052545,
    "payload": {
      "message": "Probing WebUI readiness at models/options endpoints",
      "subsystem": "api",
      "models_endpoint": "/sdapi/v1/sd-models",
      "options_endpoint": "/sdapi/v1/options"
    }
  },
  {
    "level": "WARNING",
    "name": "src.api.healthcheck",
    "message": "WebUI did not become ready within allotted time: HTTPConnectionPool(host='127.0.0.1', port=8000): Max retries exceeded with url: /sdapi/v1/options (Caused by NewConnectionError('<urllib3.connection.HTTPConnection object at 0x0000026B1885EE60>: Failed to establish a new connection: [WinError 10061] No connection could be made because the target machine actively refused it')) | {\"last_error\": \"HTTPConnectionPool(host='127.0.0.1', port=8000): Max retries exceeded with url: /sdapi/v1/options (Caused by NewConnectionError('<urllib3.connection.HTTPConnection object at 0x0000026B1885EE60>: Failed to establish a new connection: [WinError 10061] No connection could be made because the target machine actively refused it'))\", \"last_error_endpoint\": \"/sdapi/v1/options\", \"subsystem\": \"api\"}",
    "created": 1765240762.169804,
    "payload": {
      "message": "WebUI did not become ready within allotted time: HTTPConnectionPool(host='127.0.0.1', port=8000): Max retries exceeded with url: /sdapi/v1/options (Caused by NewConnectionError('<urllib3.connection.HTTPConnection object at 0x0000026B1885EE60>: Failed to establish a new connection: [WinError 10061] No connection could be made because the target machine actively refused it'))",
      "subsystem": "api",
      "last_error": "HTTPConnectionPool(host='127.0.0.1', port=8000): Max retries exceeded with url: /sdapi/v1/options (Caused by NewConnectionError('<urllib3.connection.HTTPConnection object at 0x0000026B1885EE60>: Failed to establish a new connection: [WinError 10061] No connection could be made because the target machine actively refused it'))",
      "last_error_endpoint": "/sdapi/v1/options"
    }
  },
  {
    "level": "INFO",
    "name": "src.api.healthcheck",
    "message": "Checking for WebUI API on port 8080 | {\"endpoint\": \"/sdapi/v1/progress\", \"port\": 8080, \"subsystem\": \"api\"}",
    "created": 1765240762.169804,
    "payload": {
      "message": "Checking for WebUI API on port 8080",
      "subsystem": "api",
      "port": 8080,
      "endpoint": "/sdapi/v1/progress"
    }
  },
  {
    "level": "INFO",
    "name": "src.api.healthcheck",
    "message": "Probing WebUI readiness at models/options endpoints | {\"models_endpoint\": \"/sdapi/v1/sd-models\", \"options_endpoint\": \"/sdapi/v1/options\", \"subsystem\": \"api\"}",
    "created": 1765240762.169804,
    "payload": {
      "message": "Probing WebUI readiness at models/options endpoints",
      "subsystem": "api",
      "models_endpoint": "/sdapi/v1/sd-models",
      "options_endpoint": "/sdapi/v1/options"
    }
  },
  {
    "level": "WARNING",
    "name": "src.api.healthcheck",
    "message": "WebUI did not become ready within allotted time: HTTPConnectionPool(host='127.0.0.1', port=8080): Max retries exceeded with url: /sdapi/v1/options (Caused by NewConnectionError('<urllib3.connection.HTTPConnection object at 0x0000026B1885E2C0>: Failed to establish a new connection: [WinError 10061] No connection could be made because the target machine actively refused it')) | {\"last_error\": \"HTTPConnectionPool(host='127.0.0.1', port=8080): Max retries exceeded with url: /sdapi/v1/options (Caused by NewConnectionError('<urllib3.connection.HTTPConnection object at 0x0000026B1885E2C0>: Failed to establish a new connection: [WinError 10061] No connection could be made because the target machine actively refused it'))\", \"last_error_endpoint\": \"/sdapi/v1/options\", \"subsystem\": \"api\"}",
    "created": 1765240769.2925537,
    "payload": {
      "message": "WebUI did not become ready within allotted time: HTTPConnectionPool(host='127.0.0.1', port=8080): Max retries exceeded with url: /sdapi/v1/options (Caused by NewConnectionError('<urllib3.connection.HTTPConnection object at 0x0000026B1885E2C0>: Failed to establish a new connection: [WinError 10061] No connection could be made because the target machine actively refused it'))",
      "subsystem": "api",
      "last_error": "HTTPConnectionPool(host='127.0.0.1', port=8080): Max retries exceeded with url: /sdapi/v1/options (Caused by NewConnectionError('<urllib3.connection.HTTPConnection object at 0x0000026B1885E2C0>: Failed to establish a new connection: [WinError 10061] No connection could be made because the target machine actively refused it'))",
      "last_error_endpoint": "/sdapi/v1/options"
    }
  },
  {
    "level": "INFO",
    "name": "src.api.healthcheck",
    "message": "Checking for WebUI API on port 5000 | {\"endpoint\": \"/sdapi/v1/progress\", \"port\": 5000, \"subsystem\": \"api\"}",
    "created": 1765240769.2925537,
    "payload": {
      "message": "Checking for WebUI API on port 5000",
      "subsystem": "api",
      "port": 5000,
      "endpoint": "/sdapi/v1/progress"
    }
  },
  {
    "level": "INFO",
    "name": "src.api.healthcheck",
    "message": "Probing WebUI readiness at models/options endpoints | {\"models_endpoint\": \"/sdapi/v1/sd-models\", \"options_endpoint\": \"/sdapi/v1/options\", \"subsystem\": \"api\"}",
    "created": 1765240769.2925537,
    "payload": {
      "message": "Probing WebUI readiness at models/options endpoints",
      "subsystem": "api",
      "models_endpoint": "/sdapi/v1/sd-models",
      "options_endpoint": "/sdapi/v1/options"
    }
  },
  {
    "level": "WARNING",
    "name": "src.api.healthcheck",
    "message": "WebUI did not become ready within allotted time: HTTPConnectionPool(host='127.0.0.1', port=5000): Max retries exceeded with url: /sdapi/v1/options (Caused by NewConnectionError('<urllib3.connection.HTTPConnection object at 0x0000026B18775C60>: Failed to establish a new connection: [WinError 10061] No connection could be made because the target machine actively refused it')) | {\"last_error\": \"HTTPConnectionPool(host='127.0.0.1', port=5000): Max retries exceeded with url: /sdapi/v1/options (Caused by NewConnectionError('<urllib3.connection.HTTPConnection object at 0x0000026B18775C60>: Failed to establish a new connection: [WinError 10061] No connection could be made because the target machine actively refused it'))\", \"last_error_endpoint\": \"/sdapi/v1/options\", \"subsystem\": \"api\"}",
    "created": 1765240776.380658,
    "payload": {
      "message": "WebUI did not become ready within allotted time: HTTPConnectionPool(host='127.0.0.1', port=5000): Max retries exceeded with url: /sdapi/v1/options (Caused by NewConnectionError('<urllib3.connection.HTTPConnection object at 0x0000026B18775C60>: Failed to establish a new connection: [WinError 10061] No connection could be made because the target machine actively refused it'))",
      "subsystem": "api",
      "last_error": "HTTPConnectionPool(host='127.0.0.1', port=5000): Max retries exceeded with url: /sdapi/v1/options (Caused by NewConnectionError('<urllib3.connection.HTTPConnection object at 0x0000026B18775C60>: Failed to establish a new connection: [WinError 10061] No connection could be made because the target machine actively refused it'))",
      "last_error_endpoint": "/sdapi/v1/options"
    }
  },
  {
    "level": "INFO",
    "name": "src.gui.state",
    "message": "State transition: IDLE -> ERROR",
    "created": 1765240776.380658
  }
]