{
  "reason": "uncaught_exception",
  "timestamp": "20251212_021329",
  "system": {
    "timestamp": "2025-12-12T02:13:29.666532Z",
    "hostname": "Rob-Gaming-Desk",
    "platform": {
      "system": "Windows",
      "release": "10",
      "version": "10.0.26100",
      "machine": "AMD64",
      "processor": "Intel64 Family 6 Model 183 Stepping 1, GenuineIntel"
    },
    "python": {
      "implementation": "CPython",
      "version": "3.10.6",
      "executable": "<USER_HOME>\\AppData\\Local\\Programs\\Python\\Python310\\python.exe"
    },
    "user": "rob",
    "cwd": "<USER_HOME>\\projects\\StableNew",
    "repo_root": "<USER_HOME>\\projects\\StableNew",
    "memory": {
      "total_mb": 32527.05859375,
      "available_mb": 18587.640625,
      "used_mb": 13939.41796875,
      "percent": 42.9
    },
    "cpu": {
      "percent": 6.2,
      "count_logical": 32,
      "count_physical": 24
    },
    "disk": {
      "total_mb": 1952658.99609375,
      "used_mb": 386861.0390625,
      "free_mb": 1565797.95703125
    }
  },
  "context": {
    "exception": "main thread is not in main loop",
    "traceback": "Traceback (most recent call last):\n  File \"<USER_HOME>\\AppData\\Local\\Programs\\Python\\Python310\\lib\\threading.py\", line 1326, in invoke_excepthook\n    hook(args)\n  File \"<USER_HOME>\\projects\\StableNew\\src\\controller\\app_controller.py\", line 1418, in _handle_thread_exception\n    self._original_threading_excepthook(args)\n  File \"<USER_HOME>\\projects\\StableNew\\src\\controller\\app_controller.py\", line 1416, in _handle_thread_exception\n    self._generate_diagnostics_bundle(\"thread_exception\", extra_context=context)\n  File \"<USER_HOME>\\projects\\StableNew\\src\\controller\\app_controller.py\", line 1360, in _generate_diagnostics_bundle\n    self._append_log(f\"[DIAG] Saved diagnostics bundle: {path}\")\n  File \"<USER_HOME>\\projects\\StableNew\\src\\controller\\app_controller.py\", line 1279, in _append_log\n    log_widget.insert(\"end\", text + \"\\n\")\n  File \"<USER_HOME>\\AppData\\Local\\Programs\\Python\\Python310\\lib\\tkinter\\__init__.py\", line 3772, in insert\n    self.tk.call((self._w, 'insert', index, chars) + args)\nRuntimeError: main thread is not in main loop\n"
  },
  "job_snapshot": {
    "jobs": [],
    "cached_metadata": {},
    "containers": {},
    "active_watchdogs": [],
    "watchdog_events": [],
    "cleanup_history": [],
    "process_container_config": {
      "enabled": true,
      "memory_limit_mb": null,
      "cpu_limit_percent": null,
      "max_processes": null
    }
  }
}