[
  {
    "level": "INFO",
    "name": "src.services.queue_store_v2",
    "message": "Loaded queue state: 0 jobs, auto_run=True, paused=False",
    "created": 1765551953.2534423
  },
  {
    "level": "INFO",
    "name": "src.controller.app_controller",
    "message": "Restored queue state: auto_run=True, paused=False, 0 jobs (jobs not restored in V1 queue)",
    "created": 1765551953.284842
  },
  {
    "level": "INFO",
    "name": "src.services.queue_store_v2",
    "message": "Loaded queue state: 0 jobs, auto_run=True, paused=False",
    "created": 1765551953.3189492
  },
  {
    "level": "INFO",
    "name": "src.controller.job_execution_controller",
    "message": "Restored queue state: auto_run=True, paused=False, 0 restored job(s)",
    "created": 1765551953.3509488
  },
  {
    "level": "INFO",
    "name": "src.services.queue_store_v2",
    "message": "QUEUE_STATE_SAVED | Persisted queue state",
    "created": 1765551953.3818908
  },
  {
    "level": "INFO",
    "name": "src.services.queue_store_v2",
    "message": "Loaded queue state: 0 jobs, auto_run=True, paused=False",
    "created": 1765551953.4155083
  },
  {
    "level": "INFO",
    "name": "src.controller.app_controller",
    "message": "Restored queue state: auto_run=True, paused=False, 0 jobs (jobs not restored in V1 queue)",
    "created": 1765551953.4487672
  },
  {
    "level": "INFO",
    "name": "src.controller.pipeline_controller",
    "message": "Replayed job replay-job with 1 queued job(s)",
    "created": 1765551953.4883335
  },
  {
    "level": "INFO",
    "name": "src.services.queue_store_v2",
    "message": "Loaded queue state: 0 jobs, auto_run=True, paused=False",
    "created": 1765551953.519617
  },
  {
    "level": "INFO",
    "name": "src.controller.job_execution_controller",
    "message": "Restored queue state: auto_run=True, paused=False, 0 restored job(s)",
    "created": 1765551953.553968
  },
  {
    "level": "INFO",
    "name": "src.services.queue_store_v2",
    "message": "QUEUE_STATE_SAVED | Persisted queue state",
    "created": 1765551953.5885482
  },
  {
    "level": "INFO",
    "name": "src.services.queue_store_v2",
    "message": "Loaded queue state: 0 jobs, auto_run=True, paused=False",
    "created": 1765551953.6235716
  },
  {
    "level": "INFO",
    "name": "src.controller.app_controller",
    "message": "Restored queue state: auto_run=True, paused=False, 0 jobs (jobs not restored in V1 queue)",
    "created": 1765551953.6545792
  },
  {
    "level": "INFO",
    "name": "src.services.queue_store_v2",
    "message": "Loaded queue state: 0 jobs, auto_run=True, paused=False",
    "created": 1765551953.6926057
  },
  {
    "level": "INFO",
    "name": "src.controller.job_execution_controller",
    "message": "Restored queue state: auto_run=True, paused=False, 0 restored job(s)",
    "created": 1765551953.7268627
  },
  {
    "level": "INFO",
    "name": "src.services.queue_store_v2",
    "message": "QUEUE_STATE_SAVED | Persisted queue state",
    "created": 1765551953.7610655
  },
  {
    "level": "INFO",
    "name": "src.services.queue_store_v2",
    "message": "Loaded queue state: 0 jobs, auto_run=True, paused=False",
    "created": 1765551953.7970662
  },
  {
    "level": "INFO",
    "name": "src.controller.app_controller",
    "message": "Restored queue state: auto_run=True, paused=False, 0 jobs (jobs not restored in V1 queue)",
    "created": 1765551953.833003
  },
  {
    "level": "INFO",
    "name": "src.services.queue_store_v2",
    "message": "Loaded queue state: 0 jobs, auto_run=True, paused=False",
    "created": 1765551953.8662283
  },
  {
    "level": "INFO",
    "name": "src.controller.job_execution_controller",
    "message": "Restored queue state: auto_run=True, paused=False, 0 restored job(s)",
    "created": 1765551953.9058607
  },
  {
    "level": "INFO",
    "name": "src.services.queue_store_v2",
    "message": "QUEUE_STATE_SAVED | Persisted queue state",
    "created": 1765551953.9407167
  },
  {
    "level": "INFO",
    "name": "src.services.queue_store_v2",
    "message": "Loaded queue state: 0 jobs, auto_run=True, paused=False",
    "created": 1765551953.980839
  },
  {
    "level": "INFO",
    "name": "src.controller.job_execution_controller",
    "message": "Restored queue state: auto_run=True, paused=False, 0 restored job(s)",
    "created": 1765551954.0159783
  },
  {
    "level": "INFO",
    "name": "src.services.queue_store_v2",
    "message": "QUEUE_STATE_SAVED | Persisted queue state",
    "created": 1765551954.0505545
  },
  {
    "level": "INFO",
    "name": "src.services.queue_store_v2",
    "message": "Loaded queue state: 0 jobs, auto_run=True, paused=False",
    "created": 1765551954.09732
  },
  {
    "level": "INFO",
    "name": "src.controller.job_execution_controller",
    "message": "Restored queue state: auto_run=True, paused=False, 0 restored job(s)",
    "created": 1765551954.132097
  },
  {
    "level": "INFO",
    "name": "src.services.queue_store_v2",
    "message": "QUEUE_STATE_SAVED | Persisted queue state",
    "created": 1765551954.1648273
  },
  {
    "level": "INFO",
    "name": "root",
    "message": "Using model profile preset best (source=internet_prior) for TestModel + ['TestLora'].",
    "created": 1765551954.198348
  },
  {
    "level": "INFO",
    "name": "src.services.queue_store_v2",
    "message": "Loaded queue state: 0 jobs, auto_run=True, paused=False",
    "created": 1765551954.2305527
  },
  {
    "level": "INFO",
    "name": "src.controller.job_execution_controller",
    "message": "Restored queue state: auto_run=True, paused=False, 0 restored job(s)",
    "created": 1765551954.2656229
  },
  {
    "level": "INFO",
    "name": "src.services.queue_store_v2",
    "message": "QUEUE_STATE_SAVED | Persisted queue state",
    "created": 1765551954.2982123
  },
  {
    "level": "INFO",
    "name": "root",
    "message": "Using model profile preset best (source=internet_prior) for TestModel + ['TestLora'].",
    "created": 1765551954.3286283
  },
  {
    "level": "INFO",
    "name": "src.services.queue_store_v2",
    "message": "Loaded queue state: 0 jobs, auto_run=True, paused=False",
    "created": 1765551954.3667445
  },
  {
    "level": "INFO",
    "name": "src.controller.job_execution_controller",
    "message": "Restored queue state: auto_run=True, paused=False, 0 restored job(s)",
    "created": 1765551954.399912
  },
  {
    "level": "INFO",
    "name": "src.services.queue_store_v2",
    "message": "QUEUE_STATE_SAVED | Persisted queue state",
    "created": 1765551954.433145
  },
  {
    "level": "INFO",
    "name": "src.services.queue_store_v2",
    "message": "Loaded queue state: 0 jobs, auto_run=True, paused=False",
    "created": 1765551954.4703212
  },
  {
    "level": "INFO",
    "name": "src.controller.job_execution_controller",
    "message": "Restored queue state: auto_run=True, paused=False, 0 restored job(s)",
    "created": 1765551954.5031147
  },
  {
    "level": "INFO",
    "name": "src.services.queue_store_v2",
    "message": "QUEUE_STATE_SAVED | Persisted queue state",
    "created": 1765551954.5358493
  },
  {
    "level": "INFO",
    "name": "src.services.queue_store_v2",
    "message": "Loaded queue state: 0 jobs, auto_run=True, paused=False",
    "created": 1765551954.573143
  },
  {
    "level": "INFO",
    "name": "src.controller.job_execution_controller",
    "message": "Restored queue state: auto_run=True, paused=False, 0 restored job(s)",
    "created": 1765551954.607461
  },
  {
    "level": "INFO",
    "name": "src.services.queue_store_v2",
    "message": "QUEUE_STATE_SAVED | Persisted queue state",
    "created": 1765551954.6394064
  },
  {
    "level": "INFO",
    "name": "src.services.queue_store_v2",
    "message": "Loaded queue state: 0 jobs, auto_run=True, paused=False",
    "created": 1765551954.6751976
  },
  {
    "level": "INFO",
    "name": "src.controller.job_execution_controller",
    "message": "Restored queue state: auto_run=True, paused=False, 0 restored job(s)",
    "created": 1765551954.7100084
  },
  {
    "level": "INFO",
    "name": "src.services.queue_store_v2",
    "message": "QUEUE_STATE_SAVED | Persisted queue state",
    "created": 1765551954.7419927
  },
  {
    "level": "INFO",
    "name": "src.controller.job_service",
    "message": "Queuing job job-1 for background execution | {\"job_id\": \"job-1\", \"subsystem\": \"job_service\"}",
    "created": 1765551954.7944334,
    "payload": {
      "message": "Queuing job job-1 for background execution",
      "job_id": "job-1",
      "subsystem": "job_service"
    }
  },
  {
    "level": "INFO",
    "name": "src.controller.job_service",
    "message": "Queue worker starting | {\"job_id\": \"job-1\", \"runner\": \"StubRunner\", \"subsystem\": \"job_service\"}",
    "created": 1765551954.825107,
    "payload": {
      "message": "Queue worker starting",
      "job_id": "job-1",
      "subsystem": "job_service",
      "runner": "StubRunner"
    }
  },
  {
    "level": "INFO",
    "name": "src.controller.job_service",
    "message": "Queuing job job-2 for background execution | {\"job_id\": \"job-2\", \"subsystem\": \"job_service\"}",
    "created": 1765551954.8550959,
    "payload": {
      "message": "Queuing job job-2 for background execution",
      "job_id": "job-2",
      "subsystem": "job_service"
    }
  },
  {
    "level": "INFO",
    "name": "src.controller.job_service",
    "message": "Queuing job job-fail for background execution | {\"job_id\": \"job-fail\", \"subsystem\": \"job_service\"}",
    "created": 1765551954.886506,
    "payload": {
      "message": "Queuing job job-fail for background execution",
      "job_id": "job-fail",
      "subsystem": "job_service"
    }
  },
  {
    "level": "INFO",
    "name": "src.controller.job_service",
    "message": "Queue worker starting | {\"job_id\": \"job-fail\", \"runner\": \"FailingRunner\", \"subsystem\": \"job_service\"}",
    "created": 1765551954.915938,
    "payload": {
      "message": "Queue worker starting",
      "job_id": "job-fail",
      "subsystem": "job_service",
      "runner": "FailingRunner"
    }
  },
  {
    "level": "ERROR",
    "name": "src.controller.job_service",
    "message": "Queue worker failed to start | {\"error\": \"worker start failed\", \"runner\": \"FailingRunner\", \"subsystem\": \"job_service\"}",
    "created": 1765551954.9471617,
    "payload": {
      "message": "Queue worker failed to start",
      "subsystem": "job_service",
      "runner": "FailingRunner",
      "error": "worker start failed"
    }
  },
  {
    "level": "INFO",
    "name": "src.services.queue_store_v2",
    "message": "Loaded queue state: 0 jobs, auto_run=True, paused=False",
    "created": 1765551954.9833827
  },
  {
    "level": "INFO",
    "name": "src.controller.job_execution_controller",
    "message": "Restored queue state: auto_run=True, paused=False, 0 restored job(s)",
    "created": 1765551955.0175
  },
  {
    "level": "INFO",
    "name": "src.services.queue_store_v2",
    "message": "QUEUE_STATE_SAVED | Persisted queue state",
    "created": 1765551955.0504954
  },
  {
    "level": "INFO",
    "name": "src.services.queue_store_v2",
    "message": "Loaded queue state: 0 jobs, auto_run=True, paused=False",
    "created": 1765551955.0845013
  },
  {
    "level": "INFO",
    "name": "src.controller.app_controller",
    "message": "Restored queue state: auto_run=True, paused=False, 0 jobs (jobs not restored in V1 queue)",
    "created": 1765551955.1179886
  },
  {
    "level": "INFO",
    "name": "src.controller.app_controller",
    "message": "Resource update: 0 models, 0 vaes, 0 samplers, 0 schedulers, 0 upscalers",
    "created": 1765551955.1504927
  },
  {
    "level": "INFO",
    "name": "shutdown_inspector_threads",
    "message": "=== Shutdown inspector (thread-check) ===",
    "created": 1765551955.1837912
  },
  {
    "level": "INFO",
    "name": "shutdown_inspector_threads",
    "message": "Thread: name=MainThread daemon=False alive=True ident=22744",
    "created": 1765551955.2158086
  },
  {
    "level": "INFO",
    "name": "shutdown_inspector_threads",
    "message": "Thread: name=Thread-5 (_shutdown_watchdog) daemon=True alive=True ident=9208",
    "created": 1765551955.2476544
  },
  {
    "level": "INFO",
    "name": "shutdown_inspector_threads",
    "message": "Thread: name=Thread-6 (_shutdown_watchdog) daemon=True alive=True ident=692",
    "created": 1765551955.2816544
  },
  {
    "level": "INFO",
    "name": "shutdown_inspector_threads",
    "message": "Thread: name=Thread-7 (_shutdown_watchdog) daemon=True alive=True ident=6572",
    "created": 1765551955.311648
  },
  {
    "level": "INFO",
    "name": "shutdown_inspector_threads",
    "message": "Thread: name=Thread-9 (_worker_loop) daemon=True alive=True ident=32144",
    "created": 1765551955.343002
  },
  {
    "level": "INFO",
    "name": "shutdown_inspector_threads",
    "message": "Thread: name=Thread-10 (_worker_loop) daemon=True alive=True ident=4844",
    "created": 1765551955.3738673
  },
  {
    "level": "INFO",
    "name": "shutdown_inspector_threads",
    "message": "Thread: name=Thread-11 (_worker_loop) daemon=True alive=True ident=32864",
    "created": 1765551955.4074678
  },
  {
    "level": "INFO",
    "name": "shutdown_inspector_threads",
    "message": "Thread: name=Thread-12 (_shutdown_watchdog) daemon=True alive=True ident=32316",
    "created": 1765551955.439647
  },
  {
    "level": "INFO",
    "name": "shutdown_inspector_threads",
    "message": "Thread: name=Thread-13 (_shutdown_watchdog) daemon=True alive=True ident=22544",
    "created": 1765551955.474647
  },
  {
    "level": "INFO",
    "name": "shutdown_inspector_threads",
    "message": "Thread: name=Thread-14 (_shutdown_watchdog) daemon=True alive=True ident=29516",
    "created": 1765551955.5043607
  },
  {
    "level": "INFO",
    "name": "shutdown_inspector_threads",
    "message": "Thread: name=Thread-15 (_shutdown_watchdog) daemon=True alive=True ident=29348",
    "created": 1765551955.540428
  },
  {
    "level": "INFO",
    "name": "shutdown_inspector_threads",
    "message": "Shutdown inspector: no child processes attached.",
    "created": 1765551955.5794816
  },
  {
    "level": "INFO",
    "name": "shutdown_inspector_children",
    "message": "=== Shutdown inspector (child-check) ===",
    "created": 1765551955.613514
  },
  {
    "level": "INFO",
    "name": "shutdown_inspector_children",
    "message": "Thread: name=MainThread daemon=False alive=True ident=22744",
    "created": 1765551955.6488564
  },
  {
    "level": "INFO",
    "name": "shutdown_inspector_children",
    "message": "Thread: name=Thread-5 (_shutdown_watchdog) daemon=True alive=True ident=9208",
    "created": 1765551955.6808228
  },
  {
    "level": "INFO",
    "name": "shutdown_inspector_children",
    "message": "Thread: name=Thread-6 (_shutdown_watchdog) daemon=True alive=True ident=692",
    "created": 1765551955.7128456
  },
  {
    "level": "INFO",
    "name": "shutdown_inspector_children",
    "message": "Thread: name=Thread-7 (_shutdown_watchdog) daemon=True alive=True ident=6572",
    "created": 1765551955.745654
  },
  {
    "level": "INFO",
    "name": "shutdown_inspector_children",
    "message": "Thread: name=Thread-9 (_worker_loop) daemon=True alive=True ident=32144",
    "created": 1765551955.7789288
  },
  {
    "level": "INFO",
    "name": "shutdown_inspector_children",
    "message": "Thread: name=Thread-10 (_worker_loop) daemon=True alive=True ident=4844",
    "created": 1765551955.8114758
  },
  {
    "level": "INFO",
    "name": "shutdown_inspector_children",
    "message": "Thread: name=Thread-11 (_worker_loop) daemon=True alive=True ident=32864",
    "created": 1765551955.8443112
  },
  {
    "level": "INFO",
    "name": "shutdown_inspector_children",
    "message": "Thread: name=Thread-12 (_shutdown_watchdog) daemon=True alive=True ident=32316",
    "created": 1765551955.875968
  },
  {
    "level": "INFO",
    "name": "shutdown_inspector_children",
    "message": "Thread: name=Thread-13 (_shutdown_watchdog) daemon=True alive=True ident=22544",
    "created": 1765551955.9079754
  },
  {
    "level": "INFO",
    "name": "shutdown_inspector_children",
    "message": "Thread: name=Thread-14 (_shutdown_watchdog) daemon=True alive=True ident=29516",
    "created": 1765551955.9410794
  },
  {
    "level": "INFO",
    "name": "shutdown_inspector_children",
    "message": "Thread: name=Thread-15 (_shutdown_watchdog) daemon=True alive=True ident=29348",
    "created": 1765551955.9733222
  },
  {
    "level": "INFO",
    "name": "shutdown_inspector_children",
    "message": "Shutdown inspector: no child processes attached.",
    "created": 1765551956.0061347
  },
  {
    "level": "INFO",
    "name": "src.services.queue_store_v2",
    "message": "Loaded queue state: 0 jobs, auto_run=True, paused=False",
    "created": 1765551956.038944
  },
  {
    "level": "INFO",
    "name": "src.controller.job_execution_controller",
    "message": "Restored queue state: auto_run=True, paused=False, 0 restored job(s)",
    "created": 1765551956.075608
  },
  {
    "level": "INFO",
    "name": "src.services.queue_store_v2",
    "message": "QUEUE_STATE_SAVED | Persisted queue state",
    "created": 1765551956.1088684
  },
  {
    "level": "INFO",
    "name": "src.controller.webui_connection_controller",
    "message": "WebUI models/options are ready at http://x",
    "created": 1765551956.1460912
  },
  {
    "level": "INFO",
    "name": "src.controller.webui_connection_controller",
    "message": "WebUI models/options are ready at http://x",
    "created": 1765551956.1794424
  },
  {
    "level": "INFO",
    "name": "src.controller.webui_connection_controller",
    "message": "Trying to auto-detect WebUI on other ports...",
    "created": 1765551994.5161853
  },
  {
    "level": "INFO",
    "name": "src.api.healthcheck",
    "message": "Checking for WebUI API on port 7860 | {\"endpoint\": \"/sdapi/v1/progress\", \"port\": 7860, \"subsystem\": \"api\"}",
    "created": 1765551994.5488966,
    "payload": {
      "message": "Checking for WebUI API on port 7860",
      "subsystem": "api",
      "port": 7860,
      "endpoint": "/sdapi/v1/progress"
    }
  },
  {
    "level": "INFO",
    "name": "src.api.healthcheck",
    "message": "Probing WebUI readiness at models/options endpoints | {\"models_endpoint\": \"/sdapi/v1/sd-models\", \"options_endpoint\": \"/sdapi/v1/options\", \"subsystem\": \"api\"}",
    "created": 1765552013.0382218,
    "payload": {
      "message": "Probing WebUI readiness at models/options endpoints",
      "subsystem": "api",
      "models_endpoint": "/sdapi/v1/sd-models",
      "options_endpoint": "/sdapi/v1/options"
    }
  },
  {
    "level": "WARNING",
    "name": "src.api.healthcheck",
    "message": "WebUI did not become ready within allotted time | {\"subsystem\": \"api\"}",
    "created": 1765552027.376481,
    "payload": {
      "message": "WebUI did not become ready within allotted time",
      "subsystem": "api"
    }
  },
  {
    "level": "INFO",
    "name": "src.api.healthcheck",
    "message": "Checking for WebUI API on port 7861 | {\"endpoint\": \"/sdapi/v1/progress\", \"port\": 7861, \"subsystem\": \"api\"}",
    "created": 1765552033.9419217,
    "payload": {
      "message": "Checking for WebUI API on port 7861",
      "subsystem": "api",
      "port": 7861,
      "endpoint": "/sdapi/v1/progress"
    }
  },
  {
    "level": "INFO",
    "name": "src.api.healthcheck",
    "message": "Probing WebUI readiness at models/options endpoints | {\"models_endpoint\": \"/sdapi/v1/sd-models\", \"options_endpoint\": \"/sdapi/v1/options\", \"subsystem\": \"api\"}",
    "created": 1765552039.98393,
    "payload": {
      "message": "Probing WebUI readiness at models/options endpoints",
      "subsystem": "api",
      "models_endpoint": "/sdapi/v1/sd-models",
      "options_endpoint": "/sdapi/v1/options"
    }
  },
  {
    "level": "WARNING",
    "name": "src.api.healthcheck",
    "message": "WebUI did not become ready within allotted time | {\"subsystem\": \"api\"}",
    "created": 1765552046.425433,
    "payload": {
      "message": "WebUI did not become ready within allotted time",
      "subsystem": "api"
    }
  },
  {
    "level": "INFO",
    "name": "src.api.healthcheck",
    "message": "Checking for WebUI API on port 7862 | {\"endpoint\": \"/sdapi/v1/progress\", \"port\": 7862, \"subsystem\": \"api\"}",
    "created": 1765552052.891112,
    "payload": {
      "message": "Checking for WebUI API on port 7862",
      "subsystem": "api",
      "port": 7862,
      "endpoint": "/sdapi/v1/progress"
    }
  },
  {
    "level": "INFO",
    "name": "src.api.healthcheck",
    "message": "Probing WebUI readiness at models/options endpoints | {\"models_endpoint\": \"/sdapi/v1/sd-models\", \"options_endpoint\": \"/sdapi/v1/options\", \"subsystem\": \"api\"}",
    "created": 1765552058.2066362,
    "payload": {
      "message": "Probing WebUI readiness at models/options endpoints",
      "subsystem": "api",
      "models_endpoint": "/sdapi/v1/sd-models",
      "options_endpoint": "/sdapi/v1/options"
    }
  },
  {
    "level": "WARNING",
    "name": "src.api.healthcheck",
    "message": "WebUI did not become ready within allotted time | {\"subsystem\": \"api\"}",
    "created": 1765552064.041602,
    "payload": {
      "message": "WebUI did not become ready within allotted time",
      "subsystem": "api"
    }
  },
  {
    "level": "INFO",
    "name": "src.api.healthcheck",
    "message": "Checking for WebUI API on port 7863 | {\"endpoint\": \"/sdapi/v1/progress\", \"port\": 7863, \"subsystem\": \"api\"}",
    "created": 1765552070.8547902,
    "payload": {
      "message": "Checking for WebUI API on port 7863",
      "subsystem": "api",
      "port": 7863,
      "endpoint": "/sdapi/v1/progress"
    }
  },
  {
    "level": "INFO",
    "name": "src.api.healthcheck",
    "message": "Probing WebUI readiness at models/options endpoints | {\"models_endpoint\": \"/sdapi/v1/sd-models\", \"options_endpoint\": \"/sdapi/v1/options\", \"subsystem\": \"api\"}",
    "created": 1765552077.0711424,
    "payload": {
      "message": "Probing WebUI readiness at models/options endpoints",
      "subsystem": "api",
      "models_endpoint": "/sdapi/v1/sd-models",
      "options_endpoint": "/sdapi/v1/options"
    }
  },
  {
    "level": "WARNING",
    "name": "src.api.healthcheck",
    "message": "WebUI did not become ready within allotted time | {\"subsystem\": \"api\"}",
    "created": 1765552083.4055884,
    "payload": {
      "message": "WebUI did not become ready within allotted time",
      "subsystem": "api"
    }
  },
  {
    "level": "INFO",
    "name": "src.api.healthcheck",
    "message": "Checking for WebUI API on port 7864 | {\"endpoint\": \"/sdapi/v1/progress\", \"port\": 7864, \"subsystem\": \"api\"}",
    "created": 1765552090.1708057,
    "payload": {
      "message": "Checking for WebUI API on port 7864",
      "subsystem": "api",
      "port": 7864,
      "endpoint": "/sdapi/v1/progress"
    }
  },
  {
    "level": "INFO",
    "name": "src.api.healthcheck",
    "message": "Probing WebUI readiness at models/options endpoints | {\"models_endpoint\": \"/sdapi/v1/sd-models\", \"options_endpoint\": \"/sdapi/v1/options\", \"subsystem\": \"api\"}",
    "created": 1765552096.377567,
    "payload": {
      "message": "Probing WebUI readiness at models/options endpoints",
      "subsystem": "api",
      "models_endpoint": "/sdapi/v1/sd-models",
      "options_endpoint": "/sdapi/v1/options"
    }
  },
  {
    "level": "WARNING",
    "name": "src.api.healthcheck",
    "message": "WebUI did not become ready within allotted time | {\"subsystem\": \"api\"}",
    "created": 1765552102.949863,
    "payload": {
      "message": "WebUI did not become ready within allotted time",
      "subsystem": "api"
    }
  },
  {
    "level": "INFO",
    "name": "src.api.healthcheck",
    "message": "Checking for WebUI API on port 8000 | {\"endpoint\": \"/sdapi/v1/progress\", \"port\": 8000, \"subsystem\": \"api\"}",
    "created": 1765552109.2589993,
    "payload": {
      "message": "Checking for WebUI API on port 8000",
      "subsystem": "api",
      "port": 8000,
      "endpoint": "/sdapi/v1/progress"
    }
  },
  {
    "level": "INFO",
    "name": "src.api.healthcheck",
    "message": "Probing WebUI readiness at models/options endpoints | {\"models_endpoint\": \"/sdapi/v1/sd-models\", \"options_endpoint\": \"/sdapi/v1/options\", \"subsystem\": \"api\"}",
    "created": 1765552115.358369,
    "payload": {
      "message": "Probing WebUI readiness at models/options endpoints",
      "subsystem": "api",
      "models_endpoint": "/sdapi/v1/sd-models",
      "options_endpoint": "/sdapi/v1/options"
    }
  },
  {
    "level": "WARNING",
    "name": "src.api.healthcheck",
    "message": "WebUI did not become ready within allotted time | {\"subsystem\": \"api\"}",
    "created": 1765552121.861339,
    "payload": {
      "message": "WebUI did not become ready within allotted time",
      "subsystem": "api"
    }
  },
  {
    "level": "INFO",
    "name": "src.api.healthcheck",
    "message": "Checking for WebUI API on port 8080 | {\"endpoint\": \"/sdapi/v1/progress\", \"port\": 8080, \"subsystem\": \"api\"}",
    "created": 1765552128.2827418,
    "payload": {
      "message": "Checking for WebUI API on port 8080",
      "subsystem": "api",
      "port": 8080,
      "endpoint": "/sdapi/v1/progress"
    }
  },
  {
    "level": "INFO",
    "name": "src.api.healthcheck",
    "message": "Probing WebUI readiness at models/options endpoints | {\"models_endpoint\": \"/sdapi/v1/sd-models\", \"options_endpoint\": \"/sdapi/v1/options\", \"subsystem\": \"api\"}",
    "created": 1765552134.6185417,
    "payload": {
      "message": "Probing WebUI readiness at models/options endpoints",
      "subsystem": "api",
      "models_endpoint": "/sdapi/v1/sd-models",
      "options_endpoint": "/sdapi/v1/options"
    }
  },
  {
    "level": "WARNING",
    "name": "src.api.healthcheck",
    "message": "WebUI did not become ready within allotted time | {\"subsystem\": \"api\"}",
    "created": 1765552141.5722423,
    "payload": {
      "message": "WebUI did not become ready within allotted time",
      "subsystem": "api"
    }
  },
  {
    "level": "INFO",
    "name": "src.api.healthcheck",
    "message": "Checking for WebUI API on port 5000 | {\"endpoint\": \"/sdapi/v1/progress\", \"port\": 5000, \"subsystem\": \"api\"}",
    "created": 1765552147.5900698,
    "payload": {
      "message": "Checking for WebUI API on port 5000",
      "subsystem": "api",
      "port": 5000,
      "endpoint": "/sdapi/v1/progress"
    }
  },
  {
    "level": "INFO",
    "name": "src.api.healthcheck",
    "message": "Probing WebUI readiness at models/options endpoints | {\"models_endpoint\": \"/sdapi/v1/sd-models\", \"options_endpoint\": \"/sdapi/v1/options\", \"subsystem\": \"api\"}",
    "created": 1765552154.1941457,
    "payload": {
      "message": "Probing WebUI readiness at models/options endpoints",
      "subsystem": "api",
      "models_endpoint": "/sdapi/v1/sd-models",
      "options_endpoint": "/sdapi/v1/options"
    }
  },
  {
    "level": "WARNING",
    "name": "src.api.healthcheck",
    "message": "WebUI did not become ready within allotted time | {\"subsystem\": \"api\"}",
    "created": 1765552160.7057402,
    "payload": {
      "message": "WebUI did not become ready within allotted time",
      "subsystem": "api"
    }
  },
  {
    "level": "INFO",
    "name": "src.controller.webui_connection_controller",
    "message": "WebUI models/options are ready at http://test",
    "created": 1765552167.7291772
  },
  {
    "level": "INFO",
    "name": "src.utils.diagnostics_bundle_v2",
    "message": "Crash bundle saved to reports\\diagnostics\\stablenew_diagnostics_20251212_150927_uncaught_exception.zip",
    "created": 1765552168.3478043
  },
  {
    "level": "INFO",
    "name": "src.utils.diagnostics_bundle_v2",
    "message": "Crash bundle saved to reports\\diagnostics\\stablenew_diagnostics_20251212_150928_uncaught_exception.zip",
    "created": 1765552168.5237713
  },
  {
    "level": "INFO",
    "name": "src.utils.diagnostics_bundle_v2",
    "message": "Crash bundle saved to reports\\diagnostics\\stablenew_diagnostics_20251212_150928_uncaught_exception.zip",
    "created": 1765552168.6992822
  },
  {
    "level": "INFO",
    "name": "src.utils.diagnostics_bundle_v2",
    "message": "Crash bundle saved to reports\\diagnostics\\stablenew_diagnostics_20251212_150928_uncaught_exception.zip",
    "created": 1765552168.8762305
  }
]