{
  "reason": "uncaught_exception",
  "timestamp": "20251212_150445",
  "system": {
    "timestamp": "2025-12-12T15:04:45.851097Z",
    "hostname": "Rob-Gaming-Desk",
    "platform": {
      "system": "Windows",
      "release": "10",
      "version": "10.0.26100",
      "machine": "AMD64",
      "processor": "Intel64 Family 6 Model 183 Stepping 1, GenuineIntel"
    },
    "python": {
      "implementation": "CPython",
      "version": "3.10.6",
      "executable": "<USER_HOME>\\AppData\\Local\\Programs\\Python\\Python310\\python.exe"
    },
    "user": "rob",
    "cwd": "<USER_HOME>\\projects\\StableNew",
    "repo_root": "<USER_HOME>\\projects\\StableNew",
    "memory": {
      "total_mb": 32527.05859375,
      "available_mb": 17613.7578125,
      "used_mb": 14913.30078125,
      "percent": 45.8
    },
    "cpu": {
      "percent": 12.2,
      "count_logical": 32,
      "count_physical": 24
    },
    "disk": {
      "total_mb": 1952658.99609375,
      "used_mb": 385910.94921875,
      "free_mb": 1566748.046875
    }
  },
  "context": {
    "exception": "[Errno 22] Invalid argument",
    "traceback": "Traceback (most recent call last):\n  File \"<USER_HOME>\\AppData\\Local\\Programs\\Python\\Python310\\lib\\runpy.py\", line 196, in _run_module_as_main\n    return _run_code(code, main_globals, None,\n  File \"<USER_HOME>\\AppData\\Local\\Programs\\Python\\Python310\\lib\\runpy.py\", line 86, in _run_code\n    exec(code, run_globals)\n  File \"<USER_HOME>\\AppData\\Local\\Programs\\Python\\Python310\\lib\\site-packages\\pytest\\__main__.py\", line 9, in <module>\n    raise SystemExit(pytest.console_main())\n  File \"<USER_HOME>\\AppData\\Local\\Programs\\Python\\Python310\\lib\\site-packages\\_pytest\\config\\__init__.py\", line 222, in console_main\n    sys.stdout.flush()\nOSError: [Errno 22] Invalid argument\n"
  }
}