[
  {
    "level": "INFO",
    "name": "src.services.queue_store_v2",
    "message": "Loaded queue state: 0 jobs, auto_run=True, paused=False",
    "created": 1765505593.026225
  },
  {
    "level": "INFO",
    "name": "src.controller.app_controller",
    "message": "Restored queue state: auto_run=True, paused=False, 0 jobs (jobs not restored in V1 queue)",
    "created": 1765505593.0312173
  },
  {
    "level": "INFO",
    "name": "src.utils.config",
    "message": "Found 15 presets",
    "created": 1765505593.0527875
  },
  {
    "level": "INFO",
    "name": "src.utils.file_io",
    "message": "Found 12 prompt packs in packs",
    "created": 1765505593.06331
  },
  {
    "level": "INFO",
    "name": "src.utils.file_io",
    "message": "Read 10 prompts from SDXL_angelic_warriors_Fantasy.txt",
    "created": 1765505593.0683079
  },
  {
    "level": "INFO",
    "name": "src.utils.file_io",
    "message": "Read 10 prompts from SDXL_angelic_warriors_Realistic.txt",
    "created": 1765505593.072352
  },
  {
    "level": "INFO",
    "name": "src.utils.file_io",
    "message": "Read 10 prompts from SDXL_beautiful_women_Fantasy.txt",
    "created": 1765505593.0773528
  },
  {
    "level": "INFO",
    "name": "src.utils.file_io",
    "message": "Read 10 prompts from SDXL_beautiful_women_Realistic.txt",
    "created": 1765505593.0813518
  },
  {
    "level": "INFO",
    "name": "src.utils.file_io",
    "message": "Read 10 prompts from SDXL_epic_structures_Fantasy.txt",
    "created": 1765505593.0863566
  },
  {
    "level": "INFO",
    "name": "src.utils.file_io",
    "message": "Read 10 prompts from SDXL_epic_structures_Realistic.txt",
    "created": 1765505593.0913577
  },
  {
    "level": "INFO",
    "name": "src.utils.file_io",
    "message": "Read 10 prompts from SDXL_female_fantasy_heroes_Fantasy.txt",
    "created": 1765505593.0963712
  },
  {
    "level": "INFO",
    "name": "src.utils.file_io",
    "message": "Read 10 prompts from SDXL_female_fantasy_heroes_Realistic.txt",
    "created": 1765505593.1003735
  },
  {
    "level": "INFO",
    "name": "src.utils.file_io",
    "message": "Read 10 prompts from SDXL_male_fantasy_heroes_Fantasy.txt",
    "created": 1765505593.1055207
  },
  {
    "level": "INFO",
    "name": "src.utils.file_io",
    "message": "Read 10 prompts from SDXL_male_fantasy_heroes_Realistic.txt",
    "created": 1765505593.1100245
  },
  {
    "level": "INFO",
    "name": "src.utils.file_io",
    "message": "Read 10 prompts from SDXL_mythical_beasts_Fantasy.txt",
    "created": 1765505593.1155345
  },
  {
    "level": "INFO",
    "name": "src.utils.file_io",
    "message": "Read 10 prompts from SDXL_mythical_beasts_Realistic.txt",
    "created": 1765505593.1200385
  },
  {
    "level": "INFO",
    "name": "src.utils.file_io",
    "message": "Found 12 prompt packs in packs",
    "created": 1765505593.3093588
  },
  {
    "level": "INFO",
    "name": "src.gui.state",
    "message": "Cancellation requested",
    "created": 1765505593.3154752
  },
  {
    "level": "INFO",
    "name": "src.utils.config",
    "message": "Found 15 presets",
    "created": 1765505593.3946304
  },
  {
    "level": "INFO",
    "name": "src.utils.file_io",
    "message": "Read 2 prompts from pack_alpha.txt",
    "created": 1765505593.4201741
  },
  {
    "level": "INFO",
    "name": "src.utils.config",
    "message": "Found 15 presets",
    "created": 1765505593.4604192
  },
  {
    "level": "ERROR",
    "name": "src.utils.file_io",
    "message": "Prompt pack not found: <USER_HOME>\\AppData\\Local\\Temp\\pytest-of-rob\\pytest-356\\test_data35\\alpha.txt",
    "created": 1765505593.4789288
  },
  {
    "level": "INFO",
    "name": "src.utils.config",
    "message": "Found 15 presets",
    "created": 1765505593.5214581
  },
  {
    "level": "INFO",
    "name": "src.utils.config",
    "message": "Found 15 presets",
    "created": 1765505593.5766072
  },
  {
    "level": "INFO",
    "name": "src.utils.config",
    "message": "Found 15 presets",
    "created": 1765505593.633533
  },
  {
    "level": "INFO",
    "name": "src.utils.file_io",
    "message": "Found 12 prompt packs in packs",
    "created": 1765505593.6446543
  },
  {
    "level": "INFO",
    "name": "src.utils.file_io",
    "message": "Read 10 prompts from SDXL_angelic_warriors_Fantasy.txt",
    "created": 1765505593.6511648
  },
  {
    "level": "INFO",
    "name": "src.utils.file_io",
    "message": "Read 10 prompts from SDXL_angelic_warriors_Realistic.txt",
    "created": 1765505593.6557963
  },
  {
    "level": "INFO",
    "name": "src.utils.file_io",
    "message": "Read 10 prompts from SDXL_beautiful_women_Fantasy.txt",
    "created": 1765505593.661302
  },
  {
    "level": "INFO",
    "name": "src.utils.file_io",
    "message": "Read 10 prompts from SDXL_beautiful_women_Realistic.txt",
    "created": 1765505593.6662679
  },
  {
    "level": "INFO",
    "name": "src.utils.file_io",
    "message": "Read 10 prompts from SDXL_epic_structures_Fantasy.txt",
    "created": 1765505593.670324
  },
  {
    "level": "INFO",
    "name": "src.utils.file_io",
    "message": "Read 10 prompts from SDXL_epic_structures_Realistic.txt",
    "created": 1765505593.6747735
  },
  {
    "level": "INFO",
    "name": "src.utils.file_io",
    "message": "Read 10 prompts from SDXL_female_fantasy_heroes_Fantasy.txt",
    "created": 1765505593.6787744
  },
  {
    "level": "INFO",
    "name": "src.utils.file_io",
    "message": "Read 10 prompts from SDXL_female_fantasy_heroes_Realistic.txt",
    "created": 1765505593.6842835
  },
  {
    "level": "INFO",
    "name": "src.utils.file_io",
    "message": "Read 10 prompts from SDXL_male_fantasy_heroes_Fantasy.txt",
    "created": 1765505593.689284
  },
  {
    "level": "INFO",
    "name": "src.utils.file_io",
    "message": "Read 10 prompts from SDXL_male_fantasy_heroes_Realistic.txt",
    "created": 1765505593.693401
  },
  {
    "level": "INFO",
    "name": "src.utils.file_io",
    "message": "Read 10 prompts from SDXL_mythical_beasts_Fantasy.txt",
    "created": 1765505593.6984005
  },
  {
    "level": "INFO",
    "name": "src.utils.file_io",
    "message": "Read 10 prompts from SDXL_mythical_beasts_Realistic.txt",
    "created": 1765505593.703457
  },
  {
    "level": "INFO",
    "name": "src.utils.config",
    "message": "Found 15 presets",
    "created": 1765505593.754507
  },
  {
    "level": "INFO",
    "name": "src.utils.file_io",
    "message": "Found 12 prompt packs in packs",
    "created": 1765505593.765521
  },
  {
    "level": "INFO",
    "name": "src.utils.file_io",
    "message": "Read 10 prompts from SDXL_angelic_warriors_Fantasy.txt",
    "created": 1765505593.7700186
  },
  {
    "level": "INFO",
    "name": "src.utils.file_io",
    "message": "Read 10 prompts from SDXL_angelic_warriors_Realistic.txt",
    "created": 1765505593.775525
  },
  {
    "level": "INFO",
    "name": "src.utils.file_io",
    "message": "Read 10 prompts from SDXL_beautiful_women_Fantasy.txt",
    "created": 1765505593.7800272
  },
  {
    "level": "INFO",
    "name": "src.utils.file_io",
    "message": "Read 10 prompts from SDXL_beautiful_women_Realistic.txt",
    "created": 1765505593.784533
  },
  {
    "level": "INFO",
    "name": "src.utils.file_io",
    "message": "Read 10 prompts from SDXL_epic_structures_Fantasy.txt",
    "created": 1765505593.7885334
  },
  {
    "level": "INFO",
    "name": "src.utils.file_io",
    "message": "Read 10 prompts from SDXL_epic_structures_Realistic.txt",
    "created": 1765505593.7945487
  },
  {
    "level": "INFO",
    "name": "src.utils.file_io",
    "message": "Read 10 prompts from SDXL_female_fantasy_heroes_Fantasy.txt",
    "created": 1765505593.798549
  },
  {
    "level": "INFO",
    "name": "src.utils.file_io",
    "message": "Read 10 prompts from SDXL_female_fantasy_heroes_Realistic.txt",
    "created": 1765505593.8035612
  },
  {
    "level": "INFO",
    "name": "src.utils.file_io",
    "message": "Read 10 prompts from SDXL_male_fantasy_heroes_Fantasy.txt",
    "created": 1765505593.8075616
  },
  {
    "level": "INFO",
    "name": "src.utils.file_io",
    "message": "Read 10 prompts from SDXL_male_fantasy_heroes_Realistic.txt",
    "created": 1765505593.8135717
  },
  {
    "level": "INFO",
    "name": "src.utils.file_io",
    "message": "Read 10 prompts from SDXL_mythical_beasts_Fantasy.txt",
    "created": 1765505593.8175719
  },
  {
    "level": "INFO",
    "name": "src.utils.file_io",
    "message": "Read 10 prompts from SDXL_mythical_beasts_Realistic.txt",
    "created": 1765505593.8225803
  },
  {
    "level": "INFO",
    "name": "src.services.queue_store_v2",
    "message": "Loaded queue state: 0 jobs, auto_run=True, paused=False",
    "created": 1765505593.874475
  },
  {
    "level": "INFO",
    "name": "src.controller.job_execution_controller",
    "message": "Restored queue state: auto_run=True, paused=False, 0 restored job(s)",
    "created": 1765505593.8794677
  },
  {
    "level": "INFO",
    "name": "src.services.queue_store_v2",
    "message": "QUEUE_STATE_SAVED | Persisted queue state",
    "created": 1765505593.88456
  },
  {
    "level": "INFO",
    "name": "src.services.queue_store_v2",
    "message": "Loaded queue state: 0 jobs, auto_run=True, paused=False",
    "created": 1765505593.8965812
  },
  {
    "level": "INFO",
    "name": "src.controller.app_controller",
    "message": "Restored queue state: auto_run=True, paused=False, 0 jobs (jobs not restored in V1 queue)",
    "created": 1765505593.9015853
  },
  {
    "level": "INFO",
    "name": "src.utils.config",
    "message": "Found 15 presets",
    "created": 1765505593.9156475
  },
  {
    "level": "INFO",
    "name": "src.utils.file_io",
    "message": "Found 12 prompt packs in packs",
    "created": 1765505593.9276574
  },
  {
    "level": "INFO",
    "name": "src.utils.file_io",
    "message": "Read 10 prompts from SDXL_angelic_warriors_Fantasy.txt",
    "created": 1765505593.9329774
  },
  {
    "level": "INFO",
    "name": "src.utils.file_io",
    "message": "Read 10 prompts from SDXL_angelic_warriors_Realistic.txt",
    "created": 1765505593.937065
  },
  {
    "level": "INFO",
    "name": "src.utils.file_io",
    "message": "Read 10 prompts from SDXL_beautiful_women_Fantasy.txt",
    "created": 1765505593.942387
  },
  {
    "level": "INFO",
    "name": "src.utils.file_io",
    "message": "Read 10 prompts from SDXL_beautiful_women_Realistic.txt",
    "created": 1765505593.9463873
  },
  {
    "level": "INFO",
    "name": "src.utils.file_io",
    "message": "Read 10 prompts from SDXL_epic_structures_Fantasy.txt",
    "created": 1765505593.9513881
  },
  {
    "level": "INFO",
    "name": "src.utils.file_io",
    "message": "Read 10 prompts from SDXL_epic_structures_Realistic.txt",
    "created": 1765505593.956609
  },
  {
    "level": "INFO",
    "name": "src.utils.file_io",
    "message": "Read 10 prompts from SDXL_female_fantasy_heroes_Fantasy.txt",
    "created": 1765505593.9601107
  },
  {
    "level": "INFO",
    "name": "src.utils.file_io",
    "message": "Read 10 prompts from SDXL_female_fantasy_heroes_Realistic.txt",
    "created": 1765505593.9661276
  },
  {
    "level": "INFO",
    "name": "src.utils.file_io",
    "message": "Read 10 prompts from SDXL_male_fantasy_heroes_Fantasy.txt",
    "created": 1765505593.971631
  },
  {
    "level": "INFO",
    "name": "src.utils.file_io",
    "message": "Read 10 prompts from SDXL_male_fantasy_heroes_Realistic.txt",
    "created": 1765505593.9756343
  },
  {
    "level": "INFO",
    "name": "src.utils.file_io",
    "message": "Read 10 prompts from SDXL_mythical_beasts_Fantasy.txt",
    "created": 1765505593.9801366
  },
  {
    "level": "INFO",
    "name": "src.utils.file_io",
    "message": "Read 10 prompts from SDXL_mythical_beasts_Realistic.txt",
    "created": 1765505593.984643
  },
  {
    "level": "INFO",
    "name": "src.api.client",
    "message": "Retrieved 22 models",
    "created": 1765505594.1066155
  },
  {
    "level": "INFO",
    "name": "src.api.client",
    "message": "Retrieved 14 upscalers",
    "created": 1765505594.1374583
  },
  {
    "level": "INFO",
    "name": "src.api.client",
    "message": "Retrieved 10 VAE models",
    "created": 1765505594.1641138
  },
  {
    "level": "INFO",
    "name": "src.api.client",
    "message": "Retrieved 14 upscalers",
    "created": 1765505594.19431
  },
  {
    "level": "INFO",
    "name": "src.api.client",
    "message": "Retrieved 22 models",
    "created": 1765505594.203398
  },
  {
    "level": "INFO",
    "name": "src.controller.app_controller",
    "message": "[controller] shutdown_app called (destroy)",
    "created": 1765505607.5215223
  },
  {
    "level": "INFO",
    "name": "src.services.queue_store_v2",
    "message": "Loaded queue state: 0 jobs, auto_run=True, paused=False",
    "created": 1765505607.558499
  },
  {
    "level": "INFO",
    "name": "src.controller.job_execution_controller",
    "message": "Restored queue state: auto_run=True, paused=False, 0 restored job(s)",
    "created": 1765505607.5655155
  },
  {
    "level": "INFO",
    "name": "src.services.queue_store_v2",
    "message": "QUEUE_STATE_SAVED | Persisted queue state",
    "created": 1765505607.5725257
  },
  {
    "level": "INFO",
    "name": "src.services.queue_store_v2",
    "message": "Loaded queue state: 0 jobs, auto_run=True, paused=False",
    "created": 1765505607.587544
  },
  {
    "level": "INFO",
    "name": "src.controller.app_controller",
    "message": "Restored queue state: auto_run=True, paused=False, 0 jobs (jobs not restored in V1 queue)",
    "created": 1765505607.5915492
  },
  {
    "level": "INFO",
    "name": "src.utils.config",
    "message": "Found 15 presets",
    "created": 1765505607.6085668
  },
  {
    "level": "INFO",
    "name": "src.utils.file_io",
    "message": "Found 12 prompt packs in packs",
    "created": 1765505607.6234462
  },
  {
    "level": "INFO",
    "name": "src.utils.file_io",
    "message": "Read 10 prompts from SDXL_angelic_warriors_Fantasy.txt",
    "created": 1765505607.629445
  },
  {
    "level": "INFO",
    "name": "src.utils.file_io",
    "message": "Read 10 prompts from SDXL_angelic_warriors_Realistic.txt",
    "created": 1765505607.63471
  },
  {
    "level": "INFO",
    "name": "src.utils.file_io",
    "message": "Read 10 prompts from SDXL_beautiful_women_Fantasy.txt",
    "created": 1765505607.6412165
  },
  {
    "level": "INFO",
    "name": "src.utils.file_io",
    "message": "Read 10 prompts from SDXL_beautiful_women_Realistic.txt",
    "created": 1765505607.64622
  },
  {
    "level": "INFO",
    "name": "src.utils.file_io",
    "message": "Read 10 prompts from SDXL_epic_structures_Fantasy.txt",
    "created": 1765505607.6524065
  },
  {
    "level": "INFO",
    "name": "src.utils.file_io",
    "message": "Read 10 prompts from SDXL_epic_structures_Realistic.txt",
    "created": 1765505607.6574073
  },
  {
    "level": "INFO",
    "name": "src.utils.file_io",
    "message": "Read 10 prompts from SDXL_female_fantasy_heroes_Fantasy.txt",
    "created": 1765505607.6625032
  },
  {
    "level": "INFO",
    "name": "src.utils.file_io",
    "message": "Read 10 prompts from SDXL_female_fantasy_heroes_Realistic.txt",
    "created": 1765505607.668503
  },
  {
    "level": "INFO",
    "name": "src.utils.file_io",
    "message": "Read 10 prompts from SDXL_male_fantasy_heroes_Fantasy.txt",
    "created": 1765505607.6745129
  },
  {
    "level": "INFO",
    "name": "src.utils.file_io",
    "message": "Read 10 prompts from SDXL_male_fantasy_heroes_Realistic.txt",
    "created": 1765505607.6800163
  },
  {
    "level": "INFO",
    "name": "src.utils.file_io",
    "message": "Read 10 prompts from SDXL_mythical_beasts_Fantasy.txt",
    "created": 1765505607.6855237
  },
  {
    "level": "INFO",
    "name": "src.utils.file_io",
    "message": "Read 10 prompts from SDXL_mythical_beasts_Realistic.txt",
    "created": 1765505607.69153
  },
  {
    "level": "INFO",
    "name": "src.utils.diagnostics_bundle_v2",
    "message": "Crash bundle saved to reports\\diagnostics\\stablenew_diagnostics_20251212_021318_thread_exception.zip",
    "created": 1765505607.7145627
  },
  {
    "level": "INFO",
    "name": "src.utils.diagnostics_bundle_v2",
    "message": "Crash bundle saved to reports\\diagnostics\\stablenew_diagnostics_20251212_021327_thread_exception.zip",
    "created": 1765505607.981515
  },
  {
    "level": "INFO",
    "name": "src.utils.diagnostics_bundle_v2",
    "message": "Crash bundle saved to reports\\diagnostics\\stablenew_diagnostics_20251212_021327_thread_exception.zip",
    "created": 1765505608.1712997
  },
  {
    "level": "INFO",
    "name": "src.utils.diagnostics_bundle_v2",
    "message": "Crash bundle saved to reports\\diagnostics\\stablenew_diagnostics_20251212_021327_thread_exception.zip",
    "created": 1765505608.3612626
  },
  {
    "level": "INFO",
    "name": "src.utils.diagnostics_bundle_v2",
    "message": "Crash bundle saved to reports\\diagnostics\\stablenew_diagnostics_20251212_021328_thread_exception.zip",
    "created": 1765505608.553658
  },
  {
    "level": "INFO",
    "name": "src.utils.diagnostics_bundle_v2",
    "message": "Crash bundle saved to reports\\diagnostics\\stablenew_diagnostics_20251212_021328_thread_exception.zip",
    "created": 1765505608.7436428
  },
  {
    "level": "INFO",
    "name": "src.utils.diagnostics_bundle_v2",
    "message": "Crash bundle saved to reports\\diagnostics\\stablenew_diagnostics_20251212_021328_thread_exception.zip",
    "created": 1765505608.9325855
  },
  {
    "level": "INFO",
    "name": "src.utils.diagnostics_bundle_v2",
    "message": "Crash bundle saved to reports\\diagnostics\\stablenew_diagnostics_20251212_021329_thread_exception.zip",
    "created": 1765505609.4691944
  },
  {
    "level": "INFO",
    "name": "src.utils.diagnostics_bundle_v2",
    "message": "Crash bundle saved to reports\\diagnostics\\stablenew_diagnostics_20251212_021329_uncaught_exception.zip",
    "created": 1765505609.6615248
  },
  {
    "level": "INFO",
    "name": "src.utils.diagnostics_bundle_v2",
    "message": "Crash bundle saved to reports\\diagnostics\\stablenew_diagnostics_20251212_021329_uncaught_exception.zip",
    "created": 1765505609.852758
  },
  {
    "level": "WARNING",
    "name": "src.api.client",
    "message": "Request GET http://127.0.0.1:7860/sdapi/v1/sd-models attempt 1/3 failed | {\"attempt\": 1, \"error\": \"HTTPConnectionPool(host='127.0.0.1', port=7860): Max retries exceeded with url: /sdapi/v1/sd-models (Caused by NewConnectionError('<urllib3.connection.HTTPConnection object at 0x000001F33A1A8EE0>: Failed to establish a new connection: [WinError 10061] No connection could be made because the target machine actively refused it'))\", \"max_attempts\": 3, \"stage\": null, \"subsystem\": \"api\"}",
    "created": 1765505609.9082136,
    "payload": {
      "message": "Request GET http://127.0.0.1:7860/sdapi/v1/sd-models attempt 1/3 failed",
      "subsystem": "api",
      "error": "HTTPConnectionPool(host='127.0.0.1', port=7860): Max retries exceeded with url: /sdapi/v1/sd-models (Caused by NewConnectionError('<urllib3.connection.HTTPConnection object at 0x000001F33A1A8EE0>: Failed to establish a new connection: [WinError 10061] No connection could be made because the target machine actively refused it'))",
      "stage": null,
      "attempt": 1,
      "max_attempts": 3
    }
  },
  {
    "level": "INFO",
    "name": "src.utils.diagnostics_bundle_v2",
    "message": "Crash bundle saved to reports\\diagnostics\\stablenew_diagnostics_20251212_021330_thread_exception.zip",
    "created": 1765505610.7556756
  },
  {
    "level": "INFO",
    "name": "src.utils.diagnostics_bundle_v2",
    "message": "Crash bundle saved to reports\\diagnostics\\stablenew_diagnostics_20251212_021330_uncaught_exception.zip",
    "created": 1765505610.9477038
  },
  {
    "level": "INFO",
    "name": "src.utils.diagnostics_bundle_v2",
    "message": "Crash bundle saved to reports\\diagnostics\\stablenew_diagnostics_20251212_021330_uncaught_exception.zip",
    "created": 1765505611.1376054
  },
  {
    "level": "INFO",
    "name": "src.utils.diagnostics_bundle_v2",
    "message": "Crash bundle saved to reports\\diagnostics\\stablenew_diagnostics_20251212_021331_thread_exception.zip",
    "created": 1765505612.0500174
  },
  {
    "level": "INFO",
    "name": "src.utils.diagnostics_bundle_v2",
    "message": "Crash bundle saved to reports\\diagnostics\\stablenew_diagnostics_20251212_021331_uncaught_exception.zip",
    "created": 1765505612.2478216
  },
  {
    "level": "INFO",
    "name": "src.utils.diagnostics_bundle_v2",
    "message": "Crash bundle saved to reports\\diagnostics\\stablenew_diagnostics_20251212_021332_uncaught_exception.zip",
    "created": 1765505612.440125
  },
  {
    "level": "INFO",
    "name": "src.utils.diagnostics_bundle_v2",
    "message": "Crash bundle saved to reports\\diagnostics\\stablenew_diagnostics_20251212_021333_thread_exception.zip",
    "created": 1765505613.3217895
  },
  {
    "level": "WARNING",
    "name": "src.api.client",
    "message": "Request GET http://127.0.0.1:7860/sdapi/v1/sd-models attempt 2/3 failed | {\"attempt\": 2, \"error\": \"HTTPConnectionPool(host='127.0.0.1', port=7860): Max retries exceeded with url: /sdapi/v1/sd-models (Caused by NewConnectionError('<urllib3.connection.HTTPConnection object at 0x000001F33A1AAA40>: Failed to establish a new connection: [WinError 10061] No connection could be made because the target machine actively refused it'))\", \"max_attempts\": 3, \"stage\": null, \"subsystem\": \"api\"}",
    "created": 1765505613.3886416,
    "payload": {
      "message": "Request GET http://127.0.0.1:7860/sdapi/v1/sd-models attempt 2/3 failed",
      "subsystem": "api",
      "error": "HTTPConnectionPool(host='127.0.0.1', port=7860): Max retries exceeded with url: /sdapi/v1/sd-models (Caused by NewConnectionError('<urllib3.connection.HTTPConnection object at 0x000001F33A1AAA40>: Failed to establish a new connection: [WinError 10061] No connection could be made because the target machine actively refused it'))",
      "stage": null,
      "attempt": 2,
      "max_attempts": 3
    }
  },
  {
    "level": "INFO",
    "name": "src.utils.diagnostics_bundle_v2",
    "message": "Crash bundle saved to reports\\diagnostics\\stablenew_diagnostics_20251212_021333_uncaught_exception.zip",
    "created": 1765505613.515583
  },
  {
    "level": "INFO",
    "name": "src.utils.diagnostics_bundle_v2",
    "message": "Crash bundle saved to reports\\diagnostics\\stablenew_diagnostics_20251212_021333_uncaught_exception.zip",
    "created": 1765505613.7056074
  },
  {
    "level": "INFO",
    "name": "src.utils.diagnostics_bundle_v2",
    "message": "Crash bundle saved to reports\\diagnostics\\stablenew_diagnostics_20251212_021334_thread_exception.zip",
    "created": 1765505614.6186013
  },
  {
    "level": "INFO",
    "name": "src.utils.diagnostics_bundle_v2",
    "message": "Crash bundle saved to reports\\diagnostics\\stablenew_diagnostics_20251212_021334_uncaught_exception.zip",
    "created": 1765505614.810162
  },
  {
    "level": "INFO",
    "name": "src.utils.diagnostics_bundle_v2",
    "message": "Crash bundle saved to reports\\diagnostics\\stablenew_diagnostics_20251212_021334_uncaught_exception.zip",
    "created": 1765505615.0046203
  },
  {
    "level": "INFO",
    "name": "src.utils.diagnostics_bundle_v2",
    "message": "Crash bundle saved to reports\\diagnostics\\stablenew_diagnostics_20251212_021335_uncaught_exception.zip",
    "created": 1765505615.9089868
  },
  {
    "level": "INFO",
    "name": "src.utils.diagnostics_bundle_v2",
    "message": "Crash bundle saved to reports\\diagnostics\\stablenew_diagnostics_20251212_021335_uncaught_exception.zip",
    "created": 1765505616.1000912
  },
  {
    "level": "WARNING",
    "name": "src.api.client",
    "message": "Request GET http://127.0.0.1:7860/sdapi/v1/sd-models attempt 3/3 failed | {\"attempt\": 3, \"error\": \"HTTPConnectionPool(host='127.0.0.1', port=7860): Max retries exceeded with url: /sdapi/v1/sd-models (Caused by NewConnectionError('<urllib3.connection.HTTPConnection object at 0x000001F33A21BD00>: Failed to establish a new connection: [WinError 10061] No connection could be made because the target machine actively refused it'))\", \"max_attempts\": 3, \"stage\": null, \"subsystem\": \"api\"}",
    "created": 1765505617.5574536,
    "payload": {
      "message": "Request GET http://127.0.0.1:7860/sdapi/v1/sd-models attempt 3/3 failed",
      "subsystem": "api",
      "error": "HTTPConnectionPool(host='127.0.0.1', port=7860): Max retries exceeded with url: /sdapi/v1/sd-models (Caused by NewConnectionError('<urllib3.connection.HTTPConnection object at 0x000001F33A21BD00>: Failed to establish a new connection: [WinError 10061] No connection could be made because the target machine actively refused it'))",
      "stage": null,
      "attempt": 3,
      "max_attempts": 3
    }
  },
  {
    "level": "ERROR",
    "name": "src.api.client",
    "message": "Request GET http://127.0.0.1:7860/sdapi/v1/sd-models failed after 3 attempts | {\"attempts\": 3, \"error\": \"HTTPConnectionPool(host='127.0.0.1', port=7860): Max retries exceeded with url: /sdapi/v1/sd-models (Caused by NewConnectionError('<urllib3.connection.HTTPConnection object at 0x000001F33A21BD00>: Failed to establish a new connection: [WinError 10061] No connection could be made because the target machine actively refused it'))\", \"stage\": null, \"subsystem\": \"api\"}",
    "created": 1765505617.5629716,
    "payload": {
      "message": "Request GET http://127.0.0.1:7860/sdapi/v1/sd-models failed after 3 attempts",
      "subsystem": "api",
      "error": "HTTPConnectionPool(host='127.0.0.1', port=7860): Max retries exceeded with url: /sdapi/v1/sd-models (Caused by NewConnectionError('<urllib3.connection.HTTPConnection object at 0x000001F33A21BD00>: Failed to establish a new connection: [WinError 10061] No connection could be made because the target machine actively refused it'))",
      "stage": null,
      "attempts": 3
    }
  },
  {
    "level": "WARNING",
    "name": "src.api.client",
    "message": "Request GET http://127.0.0.1:7860/sdapi/v1/upscalers attempt 1/3 failed | {\"attempt\": 1, \"error\": \"HTTPConnectionPool(host='127.0.0.1', port=7860): Max retries exceeded with url: /sdapi/v1/upscalers (Caused by NewConnectionError('<urllib3.connection.HTTPConnection object at 0x000001F33A21B0D0>: Failed to establish a new connection: [WinError 10061] No connection could be made because the target machine actively refused it'))\", \"max_attempts\": 3, \"stage\": null, \"subsystem\": \"api\"}",
    "created": 1765505619.6034212,
    "payload": {
      "message": "Request GET http://127.0.0.1:7860/sdapi/v1/upscalers attempt 1/3 failed",
      "subsystem": "api",
      "error": "HTTPConnectionPool(host='127.0.0.1', port=7860): Max retries exceeded with url: /sdapi/v1/upscalers (Caused by NewConnectionError('<urllib3.connection.HTTPConnection object at 0x000001F33A21B0D0>: Failed to establish a new connection: [WinError 10061] No connection could be made because the target machine actively refused it'))",
      "stage": null,
      "attempt": 1,
      "max_attempts": 3
    }
  },
  {
    "level": "WARNING",
    "name": "src.api.client",
    "message": "Request GET http://127.0.0.1:7860/sdapi/v1/upscalers attempt 2/3 failed | {\"attempt\": 2, \"error\": \"HTTPConnectionPool(host='127.0.0.1', port=7860): Max retries exceeded with url: /sdapi/v1/upscalers (Caused by NewConnectionError('<urllib3.connection.HTTPConnection object at 0x000001F33A219180>: Failed to establish a new connection: [WinError 10061] No connection could be made because the target machine actively refused it'))\", \"max_attempts\": 3, \"stage\": null, \"subsystem\": \"api\"}",
    "created": 1765505622.9201448,
    "payload": {
      "message": "Request GET http://127.0.0.1:7860/sdapi/v1/upscalers attempt 2/3 failed",
      "subsystem": "api",
      "error": "HTTPConnectionPool(host='127.0.0.1', port=7860): Max retries exceeded with url: /sdapi/v1/upscalers (Caused by NewConnectionError('<urllib3.connection.HTTPConnection object at 0x000001F33A219180>: Failed to establish a new connection: [WinError 10061] No connection could be made because the target machine actively refused it'))",
      "stage": null,
      "attempt": 2,
      "max_attempts": 3
    }
  },
  {
    "level": "WARNING",
    "name": "src.api.client",
    "message": "Request GET http://127.0.0.1:7860/sdapi/v1/upscalers attempt 3/3 failed | {\"attempt\": 3, \"error\": \"HTTPConnectionPool(host='127.0.0.1', port=7860): Max retries exceeded with url: /sdapi/v1/upscalers (Caused by NewConnectionError('<urllib3.connection.HTTPConnection object at 0x000001F33A219150>: Failed to establish a new connection: [WinError 10061] No connection could be made because the target machine actively refused it'))\", \"max_attempts\": 3, \"stage\": null, \"subsystem\": \"api\"}",
    "created": 1765505627.3843389,
    "payload": {
      "message": "Request GET http://127.0.0.1:7860/sdapi/v1/upscalers attempt 3/3 failed",
      "subsystem": "api",
      "error": "HTTPConnectionPool(host='127.0.0.1', port=7860): Max retries exceeded with url: /sdapi/v1/upscalers (Caused by NewConnectionError('<urllib3.connection.HTTPConnection object at 0x000001F33A219150>: Failed to establish a new connection: [WinError 10061] No connection could be made because the target machine actively refused it'))",
      "stage": null,
      "attempt": 3,
      "max_attempts": 3
    }
  },
  {
    "level": "ERROR",
    "name": "src.api.client",
    "message": "Request GET http://127.0.0.1:7860/sdapi/v1/upscalers failed after 3 attempts | {\"attempts\": 3, \"error\": \"HTTPConnectionPool(host='127.0.0.1', port=7860): Max retries exceeded with url: /sdapi/v1/upscalers (Caused by NewConnectionError('<urllib3.connection.HTTPConnection object at 0x000001F33A219150>: Failed to establish a new connection: [WinError 10061] No connection could be made because the target machine actively refused it'))\", \"stage\": null, \"subsystem\": \"api\"}",
    "created": 1765505627.580185,
    "payload": {
      "message": "Request GET http://127.0.0.1:7860/sdapi/v1/upscalers failed after 3 attempts",
      "subsystem": "api",
      "error": "HTTPConnectionPool(host='127.0.0.1', port=7860): Max retries exceeded with url: /sdapi/v1/upscalers (Caused by NewConnectionError('<urllib3.connection.HTTPConnection object at 0x000001F33A219150>: Failed to establish a new connection: [WinError 10061] No connection could be made because the target machine actively refused it'))",
      "stage": null,
      "attempts": 3
    }
  },
  {
    "level": "WARNING",
    "name": "src.api.client",
    "message": "Request GET http://127.0.0.1:7860/sdapi/v1/sd-vae attempt 1/3 failed | {\"attempt\": 1, \"error\": \"HTTPConnectionPool(host='127.0.0.1', port=7860): Max retries exceeded with url: /sdapi/v1/sd-vae (Caused by NewConnectionError('<urllib3.connection.HTTPConnection object at 0x000001F33A219D50>: Failed to establish a new connection: [WinError 10061] No connection could be made because the target machine actively refused it'))\", \"max_attempts\": 3, \"stage\": null, \"subsystem\": \"api\"}",
    "created": 1765505629.648694,
    "payload": {
      "message": "Request GET http://127.0.0.1:7860/sdapi/v1/sd-vae attempt 1/3 failed",
      "subsystem": "api",
      "error": "HTTPConnectionPool(host='127.0.0.1', port=7860): Max retries exceeded with url: /sdapi/v1/sd-vae (Caused by NewConnectionError('<urllib3.connection.HTTPConnection object at 0x000001F33A219D50>: Failed to establish a new connection: [WinError 10061] No connection could be made because the target machine actively refused it'))",
      "stage": null,
      "attempt": 1,
      "max_attempts": 3
    }
  },
  {
    "level": "WARNING",
    "name": "src.api.client",
    "message": "Request GET http://127.0.0.1:7860/sdapi/v1/sd-vae attempt 2/3 failed | {\"attempt\": 2, \"error\": \"HTTPConnectionPool(host='127.0.0.1', port=7860): Max retries exceeded with url: /sdapi/v1/sd-vae (Caused by NewConnectionError('<urllib3.connection.HTTPConnection object at 0x000001F33A1A75B0>: Failed to establish a new connection: [WinError 10061] No connection could be made because the target machine actively refused it'))\", \"max_attempts\": 3, \"stage\": null, \"subsystem\": \"api\"}",
    "created": 1765505633.178421,
    "payload": {
      "message": "Request GET http://127.0.0.1:7860/sdapi/v1/sd-vae attempt 2/3 failed",
      "subsystem": "api",
      "error": "HTTPConnectionPool(host='127.0.0.1', port=7860): Max retries exceeded with url: /sdapi/v1/sd-vae (Caused by NewConnectionError('<urllib3.connection.HTTPConnection object at 0x000001F33A1A75B0>: Failed to establish a new connection: [WinError 10061] No connection could be made because the target machine actively refused it'))",
      "stage": null,
      "attempt": 2,
      "max_attempts": 3
    }
  },
  {
    "level": "WARNING",
    "name": "src.api.client",
    "message": "Request GET http://127.0.0.1:7860/sdapi/v1/sd-vae attempt 3/3 failed | {\"attempt\": 3, \"error\": \"HTTPConnectionPool(host='127.0.0.1', port=7860): Max retries exceeded with url: /sdapi/v1/sd-vae (Caused by NewConnectionError('<urllib3.connection.HTTPConnection object at 0x000001F33A1A66E0>: Failed to establish a new connection: [WinError 10061] No connection could be made because the target machine actively refused it'))\", \"max_attempts\": 3, \"stage\": null, \"subsystem\": \"api\"}",
    "created": 1765505637.7001183,
    "payload": {
      "message": "Request GET http://127.0.0.1:7860/sdapi/v1/sd-vae attempt 3/3 failed",
      "subsystem": "api",
      "error": "HTTPConnectionPool(host='127.0.0.1', port=7860): Max retries exceeded with url: /sdapi/v1/sd-vae (Caused by NewConnectionError('<urllib3.connection.HTTPConnection object at 0x000001F33A1A66E0>: Failed to establish a new connection: [WinError 10061] No connection could be made because the target machine actively refused it'))",
      "stage": null,
      "attempt": 3,
      "max_attempts": 3
    }
  },
  {
    "level": "ERROR",
    "name": "src.api.client",
    "message": "Request GET http://127.0.0.1:7860/sdapi/v1/sd-vae failed after 3 attempts | {\"attempts\": 3, \"error\": \"HTTPConnectionPool(host='127.0.0.1', port=7860): Max retries exceeded with url: /sdapi/v1/sd-vae (Caused by NewConnectionError('<urllib3.connection.HTTPConnection object at 0x000001F33A1A66E0>: Failed to establish a new connection: [WinError 10061] No connection could be made because the target machine actively refused it'))\", \"stage\": null, \"subsystem\": \"api\"}",
    "created": 1765505638.540382,
    "payload": {
      "message": "Request GET http://127.0.0.1:7860/sdapi/v1/sd-vae failed after 3 attempts",
      "subsystem": "api",
      "error": "HTTPConnectionPool(host='127.0.0.1', port=7860): Max retries exceeded with url: /sdapi/v1/sd-vae (Caused by NewConnectionError('<urllib3.connection.HTTPConnection object at 0x000001F33A1A66E0>: Failed to establish a new connection: [WinError 10061] No connection could be made because the target machine actively refused it'))",
      "stage": null,
      "attempts": 3
    }
  },
  {
    "level": "WARNING",
    "name": "src.api.client",
    "message": "Request GET http://127.0.0.1:7860/sdapi/v1/upscalers attempt 1/3 failed | {\"attempt\": 1, \"error\": \"HTTPConnectionPool(host='127.0.0.1', port=7860): Max retries exceeded with url: /sdapi/v1/upscalers (Caused by NewConnectionError('<urllib3.connection.HTTPConnection object at 0x000001F33A2377C0>: Failed to establish a new connection: [WinError 10061] No connection could be made because the target machine actively refused it'))\", \"max_attempts\": 3, \"stage\": null, \"subsystem\": \"api\"}",
    "created": 1765505640.5714345,
    "payload": {
      "message": "Request GET http://127.0.0.1:7860/sdapi/v1/upscalers attempt 1/3 failed",
      "subsystem": "api",
      "error": "HTTPConnectionPool(host='127.0.0.1', port=7860): Max retries exceeded with url: /sdapi/v1/upscalers (Caused by NewConnectionError('<urllib3.connection.HTTPConnection object at 0x000001F33A2377C0>: Failed to establish a new connection: [WinError 10061] No connection could be made because the target machine actively refused it'))",
      "stage": null,
      "attempt": 1,
      "max_attempts": 3
    }
  },
  {
    "level": "WARNING",
    "name": "src.api.client",
    "message": "Request GET http://127.0.0.1:7860/sdapi/v1/upscalers attempt 2/3 failed | {\"attempt\": 2, \"error\": \"HTTPConnectionPool(host='127.0.0.1', port=7860): Max retries exceeded with url: /sdapi/v1/upscalers (Caused by NewConnectionError('<urllib3.connection.HTTPConnection object at 0x000001F33A2368C0>: Failed to establish a new connection: [WinError 10061] No connection could be made because the target machine actively refused it'))\", \"max_attempts\": 3, \"stage\": null, \"subsystem\": \"api\"}",
    "created": 1765505643.9124467,
    "payload": {
      "message": "Request GET http://127.0.0.1:7860/sdapi/v1/upscalers attempt 2/3 failed",
      "subsystem": "api",
      "error": "HTTPConnectionPool(host='127.0.0.1', port=7860): Max retries exceeded with url: /sdapi/v1/upscalers (Caused by NewConnectionError('<urllib3.connection.HTTPConnection object at 0x000001F33A2368C0>: Failed to establish a new connection: [WinError 10061] No connection could be made because the target machine actively refused it'))",
      "stage": null,
      "attempt": 2,
      "max_attempts": 3
    }
  },
  {
    "level": "WARNING",
    "name": "src.api.client",
    "message": "Request GET http://127.0.0.1:7860/sdapi/v1/upscalers attempt 3/3 failed | {\"attempt\": 3, \"error\": \"HTTPConnectionPool(host='127.0.0.1', port=7860): Max retries exceeded with url: /sdapi/v1/upscalers (Caused by NewConnectionError('<urllib3.connection.HTTPConnection object at 0x000001F33A234C10>: Failed to establish a new connection: [WinError 10061] No connection could be made because the target machine actively refused it'))\", \"max_attempts\": 3, \"stage\": null, \"subsystem\": \"api\"}",
    "created": 1765505648.40346,
    "payload": {
      "message": "Request GET http://127.0.0.1:7860/sdapi/v1/upscalers attempt 3/3 failed",
      "subsystem": "api",
      "error": "HTTPConnectionPool(host='127.0.0.1', port=7860): Max retries exceeded with url: /sdapi/v1/upscalers (Caused by NewConnectionError('<urllib3.connection.HTTPConnection object at 0x000001F33A234C10>: Failed to establish a new connection: [WinError 10061] No connection could be made because the target machine actively refused it'))",
      "stage": null,
      "attempt": 3,
      "max_attempts": 3
    }
  },
  {
    "level": "ERROR",
    "name": "src.api.client",
    "message": "Request GET http://127.0.0.1:7860/sdapi/v1/upscalers failed after 3 attempts | {\"attempts\": 3, \"error\": \"HTTPConnectionPool(host='127.0.0.1', port=7860): Max retries exceeded with url: /sdapi/v1/upscalers (Caused by NewConnectionError('<urllib3.connection.HTTPConnection object at 0x000001F33A234C10>: Failed to establish a new connection: [WinError 10061] No connection could be made because the target machine actively refused it'))\", \"stage\": null, \"subsystem\": \"api\"}",
    "created": 1765505648.4084601,
    "payload": {
      "message": "Request GET http://127.0.0.1:7860/sdapi/v1/upscalers failed after 3 attempts",
      "subsystem": "api",
      "error": "HTTPConnectionPool(host='127.0.0.1', port=7860): Max retries exceeded with url: /sdapi/v1/upscalers (Caused by NewConnectionError('<urllib3.connection.HTTPConnection object at 0x000001F33A234C10>: Failed to establish a new connection: [WinError 10061] No connection could be made because the target machine actively refused it'))",
      "stage": null,
      "attempts": 3
    }
  },
  {
    "level": "WARNING",
    "name": "src.api.client",
    "message": "Request GET http://127.0.0.1:7860/sdapi/v1/sd-models attempt 1/3 failed | {\"attempt\": 1, \"error\": \"HTTPConnectionPool(host='127.0.0.1', port=7860): Max retries exceeded with url: /sdapi/v1/sd-models (Caused by NewConnectionError('<urllib3.connection.HTTPConnection object at 0x000001F33A235600>: Failed to establish a new connection: [WinError 10061] No connection could be made because the target machine actively refused it'))\", \"max_attempts\": 3, \"stage\": null, \"subsystem\": \"api\"}",
    "created": 1765505650.4474459,
    "payload": {
      "message": "Request GET http://127.0.0.1:7860/sdapi/v1/sd-models attempt 1/3 failed",
      "subsystem": "api",
      "error": "HTTPConnectionPool(host='127.0.0.1', port=7860): Max retries exceeded with url: /sdapi/v1/sd-models (Caused by NewConnectionError('<urllib3.connection.HTTPConnection object at 0x000001F33A235600>: Failed to establish a new connection: [WinError 10061] No connection could be made because the target machine actively refused it'))",
      "stage": null,
      "attempt": 1,
      "max_attempts": 3
    }
  },
  {
    "level": "WARNING",
    "name": "src.api.client",
    "message": "Request GET http://127.0.0.1:7860/sdapi/v1/sd-models attempt 2/3 failed | {\"attempt\": 2, \"error\": \"HTTPConnectionPool(host='127.0.0.1', port=7860): Max retries exceeded with url: /sdapi/v1/sd-models (Caused by NewConnectionError('<urllib3.connection.HTTPConnection object at 0x000001F33A1A6E00>: Failed to establish a new connection: [WinError 10061] No connection could be made because the target machine actively refused it'))\", \"max_attempts\": 3, \"stage\": null, \"subsystem\": \"api\"}",
    "created": 1765505653.7875721,
    "payload": {
      "message": "Request GET http://127.0.0.1:7860/sdapi/v1/sd-models attempt 2/3 failed",
      "subsystem": "api",
      "error": "HTTPConnectionPool(host='127.0.0.1', port=7860): Max retries exceeded with url: /sdapi/v1/sd-models (Caused by NewConnectionError('<urllib3.connection.HTTPConnection object at 0x000001F33A1A6E00>: Failed to establish a new connection: [WinError 10061] No connection could be made because the target machine actively refused it'))",
      "stage": null,
      "attempt": 2,
      "max_attempts": 3
    }
  },
  {
    "level": "INFO",
    "name": "src.utils.diagnostics_bundle_v2",
    "message": "Crash bundle saved to reports\\diagnostics\\stablenew_diagnostics_20251212_021336_uncaught_exception.zip",
    "created": 1765505660.8055873
  },
  {
    "level": "INFO",
    "name": "src.utils.diagnostics_bundle_v2",
    "message": "Crash bundle saved to reports\\diagnostics\\stablenew_diagnostics_20251212_021337_uncaught_exception.zip",
    "created": 1765505660.9688156
  }
]