[
  {
    "level": "INFO",
    "name": "src.services.queue_store_v2",
    "message": "Loaded queue state: 0 jobs, auto_run=True, paused=False",
    "created": 1765664368.0548637
  },
  {
    "level": "INFO",
    "name": "src.controller.job_execution_controller",
    "message": "Restored queue state: auto_run=True, paused=False, 0 restored job(s)",
    "created": 1765664368.0548637
  },
  {
    "level": "INFO",
    "name": "src.services.queue_store_v2",
    "message": "QUEUE_STATE_SAVED | Persisted queue state",
    "created": 1765664368.0558624
  },
  {
    "level": "INFO",
    "name": "src.services.queue_store_v2",
    "message": "Loaded queue state: 0 jobs, auto_run=True, paused=False",
    "created": 1765664368.1425703
  },
  {
    "level": "INFO",
    "name": "src.controller.app_controller",
    "message": "Restored queue state: auto_run=True, paused=False, 0 jobs (jobs not restored in V1 queue)",
    "created": 1765664368.1885064
  },
  {
    "level": "INFO",
    "name": "src.utils.diagnostics_bundle_v2",
    "message": "Crash bundle saved to reports\\diagnostics\\stablenew_diagnostics_20251213_221928_ui_heartbeat_stall.zip",
    "created": 1765664368.5115867
  }
]