{
  "reason": "ui_heartbeat_stall",
  "timestamp": "20251218_010215",
  "system": {
    "timestamp": "2025-12-18T01:02:15.450201Z",
    "hostname": "Rob-Gaming-Desk",
    "platform": {
      "system": "Windows",
      "release": "10",
      "version": "10.0.26100",
      "machine": "AMD64",
      "processor": "Intel64 Family 6 Model 183 Stepping 1, GenuineIntel"
    },
    "python": {
      "implementation": "CPython",
      "version": "3.10.6",
      "executable": "<USER_HOME>\\AppData\\Local\\Programs\\Python\\Python310\\python.exe"
    },
    "user": "rob",
    "cwd": "<USER_HOME>\\projects\\StableNew",
    "repo_root": "<USER_HOME>\\projects\\StableNew",
    "memory": {
      "total_mb": 32527.05859375,
      "available_mb": 22004.140625,
      "used_mb": 10522.91796875,
      "percent": 32.4
    },
    "cpu": {
      "percent": 2.3,
      "count_logical": 32,
      "count_physical": 24
    },
    "disk": {
      "total_mb": 1952658.99609375,
      "used_mb": 393061.15234375,
      "free_mb": 1559597.84375
    }
  }
}