{
  "reason": "ui_heartbeat_stall",
  "timestamp": "20251221_015158",
  "system": {
    "timestamp": "2025-12-21T01:51:58.674199Z",
    "hostname": "Rob-Gaming-Desk",
    "platform": {
      "system": "Windows",
      "release": "10",
      "version": "10.0.26100",
      "machine": "AMD64",
      "processor": "Intel64 Family 6 Model 183 Stepping 1, GenuineIntel"
    },
    "python": {
      "implementation": "CPython",
      "version": "3.10.6",
      "executable": "<USER_HOME>\\AppData\\Local\\Programs\\Python\\Python310\\python.exe"
    },
    "user": "rob",
    "cwd": "<USER_HOME>\\projects\\StableNew",
    "repo_root": "<USER_HOME>\\projects\\StableNew",
    "memory": {
      "total_mb": 32527.05859375,
      "available_mb": 14703.6171875,
      "used_mb": 17823.44140625,
      "percent": 54.8
    },
    "cpu": {
      "percent": 28.6,
      "count_logical": 32,
      "count_physical": 24
    },
    "disk": {
      "total_mb": 1952658.99609375,
      "used_mb": 423549.9296875,
      "free_mb": 1529109.06640625
    }
  }
}