{
  "reason": "ui_heartbeat_stall",
  "timestamp": "20251216_023723",
  "system": {
    "timestamp": "2025-12-16T02:37:23.213849Z",
    "hostname": "Rob-Gaming-Desk",
    "platform": {
      "system": "Windows",
      "release": "10",
      "version": "10.0.26100",
      "machine": "AMD64",
      "processor": "Intel64 Family 6 Model 183 Stepping 1, GenuineIntel"
    },
    "python": {
      "implementation": "CPython",
      "version": "3.10.6",
      "executable": "<USER_HOME>\\projects\\StableNew\\.venv\\Scripts\\python.exe"
    },
    "user": "rob",
    "cwd": "<USER_HOME>\\projects\\StableNew",
    "repo_root": "<USER_HOME>\\projects\\StableNew",
    "memory": {
      "total_mb": 32527.05859375,
      "available_mb": 18279.71484375,
      "used_mb": 14247.34375,
      "percent": 43.8
    },
    "cpu": {
      "percent": 0.0,
      "count_logical": 32,
      "count_physical": 24
    },
    "disk": {
      "total_mb": 1952658.99609375,
      "used_mb": 382982.3828125,
      "free_mb": 1569676.61328125
    }
  }
}