[
  {
    "level": "INFO",
    "name": "src.services.queue_store_v2",
    "message": "Loaded queue state: 0 jobs, auto_run=False, paused=False",
    "created": 1765240511.725371
  },
  {
    "level": "INFO",
    "name": "src.controller.app_controller",
    "message": "Restored queue state: auto_run=False, paused=False, 0 jobs (jobs not restored in V1 queue)",
    "created": 1765240511.7293682
  },
  {
    "level": "INFO",
    "name": "src.utils.config",
    "message": "Found 15 presets",
    "created": 1765240511.7531478
  },
  {
    "level": "INFO",
    "name": "src.utils.file_io",
    "message": "Found 12 prompt packs in packs",
    "created": 1765240511.7631402
  },
  {
    "level": "INFO",
    "name": "src.utils.file_io",
    "message": "Read 10 prompts from SDXL_angelic_warriors_Fantasy.txt",
    "created": 1765240511.76714
  },
  {
    "level": "INFO",
    "name": "src.utils.file_io",
    "message": "Read 10 prompts from SDXL_angelic_warriors_Realistic.txt",
    "created": 1765240511.7713695
  },
  {
    "level": "INFO",
    "name": "src.utils.file_io",
    "message": "Read 10 prompts from SDXL_beautiful_women_Fantasy.txt",
    "created": 1765240511.776238
  },
  {
    "level": "INFO",
    "name": "src.utils.file_io",
    "message": "Read 10 prompts from SDXL_beautiful_women_Realistic.txt",
    "created": 1765240511.7802377
  },
  {
    "level": "INFO",
    "name": "src.utils.file_io",
    "message": "Read 10 prompts from SDXL_epic_structures_Fantasy.txt",
    "created": 1765240511.7842264
  },
  {
    "level": "INFO",
    "name": "src.utils.file_io",
    "message": "Read 10 prompts from SDXL_epic_structures_Realistic.txt",
    "created": 1765240511.7882264
  },
  {
    "level": "INFO",
    "name": "src.utils.file_io",
    "message": "Read 10 prompts from SDXL_female_fantasy_heroes_Fantasy.txt",
    "created": 1765240511.7922266
  },
  {
    "level": "INFO",
    "name": "src.utils.file_io",
    "message": "Read 10 prompts from SDXL_female_fantasy_heroes_Realistic.txt",
    "created": 1765240511.796226
  },
  {
    "level": "INFO",
    "name": "src.utils.file_io",
    "message": "Read 10 prompts from SDXL_male_fantasy_heroes_Fantasy.txt",
    "created": 1765240511.801227
  },
  {
    "level": "INFO",
    "name": "src.utils.file_io",
    "message": "Read 10 prompts from SDXL_male_fantasy_heroes_Realistic.txt",
    "created": 1765240511.8052268
  },
  {
    "level": "INFO",
    "name": "src.utils.file_io",
    "message": "Read 10 prompts from SDXL_mythical_beasts_Fantasy.txt",
    "created": 1765240511.8092268
  },
  {
    "level": "INFO",
    "name": "src.utils.file_io",
    "message": "Read 10 prompts from SDXL_mythical_beasts_Realistic.txt",
    "created": 1765240511.8137906
  },
  {
    "level": "INFO",
    "name": "src.utils.file_io",
    "message": "Found 12 prompt packs in packs",
    "created": 1765240512.3876917
  },
  {
    "level": "INFO",
    "name": "src.api.healthcheck",
    "message": "Probing WebUI readiness at models/options endpoints | {\"models_endpoint\": \"/sdapi/v1/sd-models\", \"options_endpoint\": \"/sdapi/v1/options\", \"subsystem\": \"api\"}",
    "created": 1765240512.398694,
    "payload": {
      "message": "Probing WebUI readiness at models/options endpoints",
      "subsystem": "api",
      "models_endpoint": "/sdapi/v1/sd-models",
      "options_endpoint": "/sdapi/v1/options"
    }
  },
  {
    "level": "WARNING",
    "name": "src.api.healthcheck",
    "message": "WebUI did not become ready within allotted time: HTTPConnectionPool(host='127.0.0.1', port=7860): Max retries exceeded with url: /sdapi/v1/options (Caused by NewConnectionError('<urllib3.connection.HTTPConnection object at 0x000001A850104820>: Failed to establish a new connection: [WinError 10061] No connection could be made because the target machine actively refused it')) | {\"last_error\": \"HTTPConnectionPool(host='127.0.0.1', port=7860): Max retries exceeded with url: /sdapi/v1/options (Caused by NewConnectionError('<urllib3.connection.HTTPConnection object at 0x000001A850104820>: Failed to establish a new connection: [WinError 10061] No connection could be made because the target machine actively refused it'))\", \"last_error_endpoint\": \"/sdapi/v1/options\", \"subsystem\": \"api\"}",
    "created": 1765240519.516497,
    "payload": {
      "message": "WebUI did not become ready within allotted time: HTTPConnectionPool(host='127.0.0.1', port=7860): Max retries exceeded with url: /sdapi/v1/options (Caused by NewConnectionError('<urllib3.connection.HTTPConnection object at 0x000001A850104820>: Failed to establish a new connection: [WinError 10061] No connection could be made because the target machine actively refused it'))",
      "subsystem": "api",
      "last_error": "HTTPConnectionPool(host='127.0.0.1', port=7860): Max retries exceeded with url: /sdapi/v1/options (Caused by NewConnectionError('<urllib3.connection.HTTPConnection object at 0x000001A850104820>: Failed to establish a new connection: [WinError 10061] No connection could be made because the target machine actively refused it'))",
      "last_error_endpoint": "/sdapi/v1/options"
    }
  },
  {
    "level": "INFO",
    "name": "src.api.webui_process_manager",
    "message": "Starting WebUI process | {\"command\": [\"webui-user.bat\", \"--api\", \"--xformers\"], \"subsystem\": \"api\", \"working_dir\": \"C:\\\\Users\\\\rob\\\\stable-diffusion-webui\"}",
    "created": 1765240519.520498,
    "payload": {
      "message": "Starting WebUI process",
      "subsystem": "api",
      "command": [
        "webui-user.bat",
        "--api",
        "--xformers"
      ],
      "working_dir": "<USER_HOME>\\stable-diffusion-webui"
    }
  },
  {
    "level": "INFO",
    "name": "src.api.webui_process_manager",
    "message": "[PROC] launch run_session=6e3d711a pid=13124 cmd=\"webui-user.bat --api --xformers\" cwd=\"<USER_HOME>\\stable-diffusion-webui\"",
    "created": 1765240519.5254993
  },
  {
    "level": "INFO",
    "name": "root",
    "message": "WebUI stdout: Using PYTHON=<USER_HOME>\\AppData\\Local\\Programs\\Python\\Python310\\python.exe",
    "created": 1765240519.53804
  },
  {
    "level": "INFO",
    "name": "root",
    "message": "WebUI stdout: venv \"<USER_HOME>\\stable-diffusion-webui\\venv\\Scripts\\Python.exe\"",
    "created": 1765240519.750891
  },
  {
    "level": "INFO",
    "name": "root",
    "message": "WebUI stderr: <USER_HOME>\\stable-diffusion-webui\\venv\\lib\\site-packages\\timm\\models\\layers\\__init__.py:48: FutureWarning: Importing from timm.models.layers is deprecated, please import via timm.layers",
    "created": 1765240523.2791655
  },
  {
    "level": "INFO",
    "name": "root",
    "message": "WebUI stderr: warnings.warn(f\"Importing from {__name__} is deprecated, please import via timm.layers\", FutureWarning)",
    "created": 1765240524.059138
  },
  {
    "level": "INFO",
    "name": "root",
    "message": "WebUI stdout: Launching Web UI with arguments: --xformers --opt-sdp-attention --opt-channelslast --no-half-vae --api --skip-install --skip-prepare-environment",
    "created": 1765240524.4989414
  },
  {
    "level": "INFO",
    "name": "root",
    "message": "WebUI stdout: [-] ADetailer initialized. version: 25.3.0, num models: 10",
    "created": 1765240524.5029404
  },
  {
    "level": "INFO",
    "name": "root",
    "message": "WebUI stdout: Loading weights [dd08fa32f9] from <USER_HOME>\\stable-diffusion-webui\\models\\Stable-diffusion\\juggernautXL_ragnarokBy.safetensors",
    "created": 1765240525.0770535
  },
  {
    "level": "INFO",
    "name": "root",
    "message": "WebUI stdout: Creating model from config: <USER_HOME>\\stable-diffusion-webui\\repositories\\generative-models\\configs\\inference\\sd_xl_base.yaml",
    "created": 1765240525.0820527
  },
  {
    "level": "INFO",
    "name": "root",
    "message": "WebUI stderr: <USER_HOME>\\stable-diffusion-webui\\venv\\lib\\site-packages\\huggingface_hub\\file_download.py:942: FutureWarning: `resume_download` is deprecated and will be removed in version 1.0.0. Downloads always resume when possible. If you want to force a new download, use `force_download=True`.",
    "created": 1765240525.1158233
  },
  {
    "level": "INFO",
    "name": "root",
    "message": "WebUI stderr: warnings.warn(",
    "created": 1765240525.1198232
  },
  {
    "level": "INFO",
    "name": "root",
    "message": "WebUI stdout: Press any key to continue . . .",
    "created": 1765240529.097209
  },
  {
    "level": "INFO",
    "name": "src.api.healthcheck",
    "message": "Probing WebUI readiness at models/options endpoints | {\"models_endpoint\": \"/sdapi/v1/sd-models\", \"options_endpoint\": \"/sdapi/v1/options\", \"subsystem\": \"api\"}",
    "created": 1765240529.8181014,
    "payload": {
      "message": "Probing WebUI readiness at models/options endpoints",
      "subsystem": "api",
      "models_endpoint": "/sdapi/v1/sd-models",
      "options_endpoint": "/sdapi/v1/options"
    }
  },
  {
    "level": "WARNING",
    "name": "src.api.healthcheck",
    "message": "WebUI did not become ready within allotted time | {\"subsystem\": \"api\"}",
    "created": 1765240532.2248042,
    "payload": {
      "message": "WebUI did not become ready within allotted time",
      "subsystem": "api"
    }
  },
  {
    "level": "INFO",
    "name": "src.api.healthcheck",
    "message": "Probing WebUI readiness at models/options endpoints | {\"models_endpoint\": \"/sdapi/v1/sd-models\", \"options_endpoint\": \"/sdapi/v1/options\", \"subsystem\": \"api\"}",
    "created": 1765240533.233904,
    "payload": {
      "message": "Probing WebUI readiness at models/options endpoints",
      "subsystem": "api",
      "models_endpoint": "/sdapi/v1/sd-models",
      "options_endpoint": "/sdapi/v1/options"
    }
  },
  {
    "level": "WARNING",
    "name": "src.api.healthcheck",
    "message": "WebUI did not become ready within allotted time: HTTPConnectionPool(host='127.0.0.1', port=7860): Max retries exceeded with url: /sdapi/v1/options (Caused by ConnectTimeoutError(<urllib3.connection.HTTPConnection object at 0x000001A850105FC0>, 'Connection to 127.0.0.1 timed out. (connect timeout=1.0)')) | {\"last_error\": \"HTTPConnectionPool(host='127.0.0.1', port=7860): Max retries exceeded with url: /sdapi/v1/options (Caused by ConnectTimeoutError(<urllib3.connection.HTTPConnection object at 0x000001A850105FC0>, 'Connection to 127.0.0.1 timed out. (connect timeout=1.0)'))\", \"last_error_endpoint\": \"/sdapi/v1/options\", \"subsystem\": \"api\"}",
    "created": 1765240537.5927215,
    "payload": {
      "message": "WebUI did not become ready within allotted time: HTTPConnectionPool(host='127.0.0.1', port=7860): Max retries exceeded with url: /sdapi/v1/options (Caused by ConnectTimeoutError(<urllib3.connection.HTTPConnection object at 0x000001A850105FC0>, 'Connection to 127.0.0.1 timed out. (connect timeout=1.0)'))",
      "subsystem": "api",
      "last_error": "HTTPConnectionPool(host='127.0.0.1', port=7860): Max retries exceeded with url: /sdapi/v1/options (Caused by ConnectTimeoutError(<urllib3.connection.HTTPConnection object at 0x000001A850105FC0>, 'Connection to 127.0.0.1 timed out. (connect timeout=1.0)'))",
      "last_error_endpoint": "/sdapi/v1/options"
    }
  },
  {
    "level": "INFO",
    "name": "src.api.healthcheck",
    "message": "Probing WebUI readiness at models/options endpoints | {\"models_endpoint\": \"/sdapi/v1/sd-models\", \"options_endpoint\": \"/sdapi/v1/options\", \"subsystem\": \"api\"}",
    "created": 1765240538.5998595,
    "payload": {
      "message": "Probing WebUI readiness at models/options endpoints",
      "subsystem": "api",
      "models_endpoint": "/sdapi/v1/sd-models",
      "options_endpoint": "/sdapi/v1/options"
    }
  },
  {
    "level": "WARNING",
    "name": "src.api.healthcheck",
    "message": "WebUI did not become ready within allotted time: HTTPConnectionPool(host='127.0.0.1', port=7860): Max retries exceeded with url: /sdapi/v1/options (Caused by ConnectTimeoutError(<urllib3.connection.HTTPConnection object at 0x000001A850106800>, 'Connection to 127.0.0.1 timed out. (connect timeout=1.0)')) | {\"last_error\": \"HTTPConnectionPool(host='127.0.0.1', port=7860): Max retries exceeded with url: /sdapi/v1/options (Caused by ConnectTimeoutError(<urllib3.connection.HTTPConnection object at 0x000001A850106800>, 'Connection to 127.0.0.1 timed out. (connect timeout=1.0)'))\", \"last_error_endpoint\": \"/sdapi/v1/options\", \"subsystem\": \"api\"}",
    "created": 1765240543.045063,
    "payload": {
      "message": "WebUI did not become ready within allotted time: HTTPConnectionPool(host='127.0.0.1', port=7860): Max retries exceeded with url: /sdapi/v1/options (Caused by ConnectTimeoutError(<urllib3.connection.HTTPConnection object at 0x000001A850106800>, 'Connection to 127.0.0.1 timed out. (connect timeout=1.0)'))",
      "subsystem": "api",
      "last_error": "HTTPConnectionPool(host='127.0.0.1', port=7860): Max retries exceeded with url: /sdapi/v1/options (Caused by ConnectTimeoutError(<urllib3.connection.HTTPConnection object at 0x000001A850106800>, 'Connection to 127.0.0.1 timed out. (connect timeout=1.0)'))",
      "last_error_endpoint": "/sdapi/v1/options"
    }
  },
  {
    "level": "INFO",
    "name": "src.api.healthcheck",
    "message": "Probing WebUI readiness at models/options endpoints | {\"models_endpoint\": \"/sdapi/v1/sd-models\", \"options_endpoint\": \"/sdapi/v1/options\", \"subsystem\": \"api\"}",
    "created": 1765240548.3102012,
    "payload": {
      "message": "Probing WebUI readiness at models/options endpoints",
      "subsystem": "api",
      "models_endpoint": "/sdapi/v1/sd-models",
      "options_endpoint": "/sdapi/v1/options"
    }
  },
  {
    "level": "WARNING",
    "name": "src.api.healthcheck",
    "message": "WebUI did not become ready within allotted time: HTTPConnectionPool(host='127.0.0.1', port=7860): Max retries exceeded with url: /sdapi/v1/options (Caused by ConnectTimeoutError(<urllib3.connection.HTTPConnection object at 0x000001A850106620>, 'Connection to 127.0.0.1 timed out. (connect timeout=1.0)')) | {\"last_error\": \"HTTPConnectionPool(host='127.0.0.1', port=7860): Max retries exceeded with url: /sdapi/v1/options (Caused by ConnectTimeoutError(<urllib3.connection.HTTPConnection object at 0x000001A850106620>, 'Connection to 127.0.0.1 timed out. (connect timeout=1.0)'))\", \"last_error_endpoint\": \"/sdapi/v1/options\", \"subsystem\": \"api\"}",
    "created": 1765240552.627168,
    "payload": {
      "message": "WebUI did not become ready within allotted time: HTTPConnectionPool(host='127.0.0.1', port=7860): Max retries exceeded with url: /sdapi/v1/options (Caused by ConnectTimeoutError(<urllib3.connection.HTTPConnection object at 0x000001A850106620>, 'Connection to 127.0.0.1 timed out. (connect timeout=1.0)'))",
      "subsystem": "api",
      "last_error": "HTTPConnectionPool(host='127.0.0.1', port=7860): Max retries exceeded with url: /sdapi/v1/options (Caused by ConnectTimeoutError(<urllib3.connection.HTTPConnection object at 0x000001A850106620>, 'Connection to 127.0.0.1 timed out. (connect timeout=1.0)'))",
      "last_error_endpoint": "/sdapi/v1/options"
    }
  },
  {
    "level": "INFO",
    "name": "src.api.healthcheck",
    "message": "Probing WebUI readiness at models/options endpoints | {\"models_endpoint\": \"/sdapi/v1/sd-models\", \"options_endpoint\": \"/sdapi/v1/options\", \"subsystem\": \"api\"}",
    "created": 1765240554.5286639,
    "payload": {
      "message": "Probing WebUI readiness at models/options endpoints",
      "subsystem": "api",
      "models_endpoint": "/sdapi/v1/sd-models",
      "options_endpoint": "/sdapi/v1/options"
    }
  },
  {
    "level": "WARNING",
    "name": "src.api.healthcheck",
    "message": "WebUI did not become ready within allotted time: HTTPConnectionPool(host='127.0.0.1', port=7860): Max retries exceeded with url: /sdapi/v1/options (Caused by ConnectTimeoutError(<urllib3.connection.HTTPConnection object at 0x000001A850244520>, 'Connection to 127.0.0.1 timed out. (connect timeout=1.0)')) | {\"last_error\": \"HTTPConnectionPool(host='127.0.0.1', port=7860): Max retries exceeded with url: /sdapi/v1/options (Caused by ConnectTimeoutError(<urllib3.connection.HTTPConnection object at 0x000001A850244520>, 'Connection to 127.0.0.1 timed out. (connect timeout=1.0)'))\", \"last_error_endpoint\": \"/sdapi/v1/options\", \"subsystem\": \"api\"}",
    "created": 1765240558.7468803,
    "payload": {
      "message": "WebUI did not become ready within allotted time: HTTPConnectionPool(host='127.0.0.1', port=7860): Max retries exceeded with url: /sdapi/v1/options (Caused by ConnectTimeoutError(<urllib3.connection.HTTPConnection object at 0x000001A850244520>, 'Connection to 127.0.0.1 timed out. (connect timeout=1.0)'))",
      "subsystem": "api",
      "last_error": "HTTPConnectionPool(host='127.0.0.1', port=7860): Max retries exceeded with url: /sdapi/v1/options (Caused by ConnectTimeoutError(<urllib3.connection.HTTPConnection object at 0x000001A850244520>, 'Connection to 127.0.0.1 timed out. (connect timeout=1.0)'))",
      "last_error_endpoint": "/sdapi/v1/options"
    }
  },
  {
    "level": "INFO",
    "name": "src.api.healthcheck",
    "message": "Probing WebUI readiness at models/options endpoints | {\"models_endpoint\": \"/sdapi/v1/sd-models\", \"options_endpoint\": \"/sdapi/v1/options\", \"subsystem\": \"api\"}",
    "created": 1765240559.782958,
    "payload": {
      "message": "Probing WebUI readiness at models/options endpoints",
      "subsystem": "api",
      "models_endpoint": "/sdapi/v1/sd-models",
      "options_endpoint": "/sdapi/v1/options"
    }
  },
  {
    "level": "WARNING",
    "name": "src.api.healthcheck",
    "message": "WebUI did not become ready within allotted time | {\"subsystem\": \"api\"}",
    "created": 1765240560.826325,
    "payload": {
      "message": "WebUI did not become ready within allotted time",
      "subsystem": "api"
    }
  },
  {
    "level": "INFO",
    "name": "src.api.healthcheck",
    "message": "Probing WebUI readiness at models/options endpoints | {\"models_endpoint\": \"/sdapi/v1/sd-models\", \"options_endpoint\": \"/sdapi/v1/options\", \"subsystem\": \"api\"}",
    "created": 1765240561.9956992,
    "payload": {
      "message": "Probing WebUI readiness at models/options endpoints",
      "subsystem": "api",
      "models_endpoint": "/sdapi/v1/sd-models",
      "options_endpoint": "/sdapi/v1/options"
    }
  },
  {
    "level": "WARNING",
    "name": "src.api.healthcheck",
    "message": "WebUI did not become ready within allotted time | {\"subsystem\": \"api\"}",
    "created": 1765240564.1463685,
    "payload": {
      "message": "WebUI did not become ready within allotted time",
      "subsystem": "api"
    }
  },
  {
    "level": "INFO",
    "name": "src.api.healthcheck",
    "message": "Probing WebUI readiness at models/options endpoints | {\"models_endpoint\": \"/sdapi/v1/sd-models\", \"options_endpoint\": \"/sdapi/v1/options\", \"subsystem\": \"api\"}",
    "created": 1765240565.1839945,
    "payload": {
      "message": "Probing WebUI readiness at models/options endpoints",
      "subsystem": "api",
      "models_endpoint": "/sdapi/v1/sd-models",
      "options_endpoint": "/sdapi/v1/options"
    }
  },
  {
    "level": "WARNING",
    "name": "src.api.healthcheck",
    "message": "WebUI did not become ready within allotted time: HTTPConnectionPool(host='127.0.0.1', port=7860): Max retries exceeded with url: /sdapi/v1/options (Caused by ConnectTimeoutError(<urllib3.connection.HTTPConnection object at 0x000001A850244C70>, 'Connection to 127.0.0.1 timed out. (connect timeout=1.0)')) | {\"last_error\": \"HTTPConnectionPool(host='127.0.0.1', port=7860): Max retries exceeded with url: /sdapi/v1/options (Caused by ConnectTimeoutError(<urllib3.connection.HTTPConnection object at 0x000001A850244C70>, 'Connection to 127.0.0.1 timed out. (connect timeout=1.0)'))\", \"last_error_endpoint\": \"/sdapi/v1/options\", \"subsystem\": \"api\"}",
    "created": 1765240569.5062985,
    "payload": {
      "message": "WebUI did not become ready within allotted time: HTTPConnectionPool(host='127.0.0.1', port=7860): Max retries exceeded with url: /sdapi/v1/options (Caused by ConnectTimeoutError(<urllib3.connection.HTTPConnection object at 0x000001A850244C70>, 'Connection to 127.0.0.1 timed out. (connect timeout=1.0)'))",
      "subsystem": "api",
      "last_error": "HTTPConnectionPool(host='127.0.0.1', port=7860): Max retries exceeded with url: /sdapi/v1/options (Caused by ConnectTimeoutError(<urllib3.connection.HTTPConnection object at 0x000001A850244C70>, 'Connection to 127.0.0.1 timed out. (connect timeout=1.0)'))",
      "last_error_endpoint": "/sdapi/v1/options"
    }
  },
  {
    "level": "INFO",
    "name": "src.api.healthcheck",
    "message": "Probing WebUI readiness at models/options endpoints | {\"models_endpoint\": \"/sdapi/v1/sd-models\", \"options_endpoint\": \"/sdapi/v1/options\", \"subsystem\": \"api\"}",
    "created": 1765240570.5130117,
    "payload": {
      "message": "Probing WebUI readiness at models/options endpoints",
      "subsystem": "api",
      "models_endpoint": "/sdapi/v1/sd-models",
      "options_endpoint": "/sdapi/v1/options"
    }
  },
  {
    "level": "WARNING",
    "name": "src.api.healthcheck",
    "message": "WebUI did not become ready within allotted time: HTTPConnectionPool(host='127.0.0.1', port=7860): Max retries exceeded with url: /sdapi/v1/options (Caused by ConnectTimeoutError(<urllib3.connection.HTTPConnection object at 0x000001A850246080>, 'Connection to 127.0.0.1 timed out. (connect timeout=1.0)')) | {\"last_error\": \"HTTPConnectionPool(host='127.0.0.1', port=7860): Max retries exceeded with url: /sdapi/v1/options (Caused by ConnectTimeoutError(<urllib3.connection.HTTPConnection object at 0x000001A850246080>, 'Connection to 127.0.0.1 timed out. (connect timeout=1.0)'))\", \"last_error_endpoint\": \"/sdapi/v1/options\", \"subsystem\": \"api\"}",
    "created": 1765240574.6248367,
    "payload": {
      "message": "WebUI did not become ready within allotted time: HTTPConnectionPool(host='127.0.0.1', port=7860): Max retries exceeded with url: /sdapi/v1/options (Caused by ConnectTimeoutError(<urllib3.connection.HTTPConnection object at 0x000001A850246080>, 'Connection to 127.0.0.1 timed out. (connect timeout=1.0)'))",
      "subsystem": "api",
      "last_error": "HTTPConnectionPool(host='127.0.0.1', port=7860): Max retries exceeded with url: /sdapi/v1/options (Caused by ConnectTimeoutError(<urllib3.connection.HTTPConnection object at 0x000001A850246080>, 'Connection to 127.0.0.1 timed out. (connect timeout=1.0)'))",
      "last_error_endpoint": "/sdapi/v1/options"
    }
  },
  {
    "level": "INFO",
    "name": "src.api.healthcheck",
    "message": "Probing WebUI readiness at models/options endpoints | {\"models_endpoint\": \"/sdapi/v1/sd-models\", \"options_endpoint\": \"/sdapi/v1/options\", \"subsystem\": \"api\"}",
    "created": 1765240582.3871899,
    "payload": {
      "message": "Probing WebUI readiness at models/options endpoints",
      "subsystem": "api",
      "models_endpoint": "/sdapi/v1/sd-models",
      "options_endpoint": "/sdapi/v1/options"
    }
  },
  {
    "level": "WARNING",
    "name": "src.api.healthcheck",
    "message": "WebUI did not become ready within allotted time: HTTPConnectionPool(host='127.0.0.1', port=7860): Max retries exceeded with url: /sdapi/v1/options (Caused by ConnectTimeoutError(<urllib3.connection.HTTPConnection object at 0x000001A850244DF0>, 'Connection to 127.0.0.1 timed out. (connect timeout=1.0)')) | {\"last_error\": \"HTTPConnectionPool(host='127.0.0.1', port=7860): Max retries exceeded with url: /sdapi/v1/options (Caused by ConnectTimeoutError(<urllib3.connection.HTTPConnection object at 0x000001A850244DF0>, 'Connection to 127.0.0.1 timed out. (connect timeout=1.0)'))\", \"last_error_endpoint\": \"/sdapi/v1/options\", \"subsystem\": \"api\"}",
    "created": 1765240586.8740902,
    "payload": {
      "message": "WebUI did not become ready within allotted time: HTTPConnectionPool(host='127.0.0.1', port=7860): Max retries exceeded with url: /sdapi/v1/options (Caused by ConnectTimeoutError(<urllib3.connection.HTTPConnection object at 0x000001A850244DF0>, 'Connection to 127.0.0.1 timed out. (connect timeout=1.0)'))",
      "subsystem": "api",
      "last_error": "HTTPConnectionPool(host='127.0.0.1', port=7860): Max retries exceeded with url: /sdapi/v1/options (Caused by ConnectTimeoutError(<urllib3.connection.HTTPConnection object at 0x000001A850244DF0>, 'Connection to 127.0.0.1 timed out. (connect timeout=1.0)'))",
      "last_error_endpoint": "/sdapi/v1/options"
    }
  },
  {
    "level": "INFO",
    "name": "src.controller.webui_connection_controller",
    "message": "Trying to auto-detect WebUI on other ports...",
    "created": 1765240587.8908253
  },
  {
    "level": "INFO",
    "name": "src.api.healthcheck",
    "message": "Checking for WebUI API on port 7860 | {\"endpoint\": \"/sdapi/v1/progress\", \"port\": 7860, \"subsystem\": \"api\"}",
    "created": 1765240587.8948264,
    "payload": {
      "message": "Checking for WebUI API on port 7860",
      "subsystem": "api",
      "port": 7860,
      "endpoint": "/sdapi/v1/progress"
    }
  },
  {
    "level": "INFO",
    "name": "src.api.healthcheck",
    "message": "Probing WebUI readiness at models/options endpoints | {\"models_endpoint\": \"/sdapi/v1/sd-models\", \"options_endpoint\": \"/sdapi/v1/options\", \"subsystem\": \"api\"}",
    "created": 1765240587.8998268,
    "payload": {
      "message": "Probing WebUI readiness at models/options endpoints",
      "subsystem": "api",
      "models_endpoint": "/sdapi/v1/sd-models",
      "options_endpoint": "/sdapi/v1/options"
    }
  },
  {
    "level": "WARNING",
    "name": "src.api.healthcheck",
    "message": "WebUI did not become ready within allotted time: HTTPConnectionPool(host='127.0.0.1', port=7860): Max retries exceeded with url: /sdapi/v1/options (Caused by NewConnectionError('<urllib3.connection.HTTPConnection object at 0x000001A850244AF0>: Failed to establish a new connection: [WinError 10061] No connection could be made because the target machine actively refused it')) | {\"last_error\": \"HTTPConnectionPool(host='127.0.0.1', port=7860): Max retries exceeded with url: /sdapi/v1/options (Caused by NewConnectionError('<urllib3.connection.HTTPConnection object at 0x000001A850244AF0>: Failed to establish a new connection: [WinError 10061] No connection could be made because the target machine actively refused it'))\", \"last_error_endpoint\": \"/sdapi/v1/options\", \"subsystem\": \"api\"}",
    "created": 1765240595.155435,
    "payload": {
      "message": "WebUI did not become ready within allotted time: HTTPConnectionPool(host='127.0.0.1', port=7860): Max retries exceeded with url: /sdapi/v1/options (Caused by NewConnectionError('<urllib3.connection.HTTPConnection object at 0x000001A850244AF0>: Failed to establish a new connection: [WinError 10061] No connection could be made because the target machine actively refused it'))",
      "subsystem": "api",
      "last_error": "HTTPConnectionPool(host='127.0.0.1', port=7860): Max retries exceeded with url: /sdapi/v1/options (Caused by NewConnectionError('<urllib3.connection.HTTPConnection object at 0x000001A850244AF0>: Failed to establish a new connection: [WinError 10061] No connection could be made because the target machine actively refused it'))",
      "last_error_endpoint": "/sdapi/v1/options"
    }
  },
  {
    "level": "INFO",
    "name": "src.api.healthcheck",
    "message": "Checking for WebUI API on port 7861 | {\"endpoint\": \"/sdapi/v1/progress\", \"port\": 7861, \"subsystem\": \"api\"}",
    "created": 1765240596.9540422,
    "payload": {
      "message": "Checking for WebUI API on port 7861",
      "subsystem": "api",
      "port": 7861,
      "endpoint": "/sdapi/v1/progress"
    }
  },
  {
    "level": "INFO",
    "name": "src.api.healthcheck",
    "message": "Probing WebUI readiness at models/options endpoints | {\"models_endpoint\": \"/sdapi/v1/sd-models\", \"options_endpoint\": \"/sdapi/v1/options\", \"subsystem\": \"api\"}",
    "created": 1765240596.9580414,
    "payload": {
      "message": "Probing WebUI readiness at models/options endpoints",
      "subsystem": "api",
      "models_endpoint": "/sdapi/v1/sd-models",
      "options_endpoint": "/sdapi/v1/options"
    }
  },
  {
    "level": "WARNING",
    "name": "src.api.healthcheck",
    "message": "WebUI did not become ready within allotted time: HTTPConnectionPool(host='127.0.0.1', port=7861): Max retries exceeded with url: /sdapi/v1/options (Caused by NewConnectionError('<urllib3.connection.HTTPConnection object at 0x000001A850240040>: Failed to establish a new connection: [WinError 10061] No connection could be made because the target machine actively refused it')) | {\"last_error\": \"HTTPConnectionPool(host='127.0.0.1', port=7861): Max retries exceeded with url: /sdapi/v1/options (Caused by NewConnectionError('<urllib3.connection.HTTPConnection object at 0x000001A850240040>: Failed to establish a new connection: [WinError 10061] No connection could be made because the target machine actively refused it'))\", \"last_error_endpoint\": \"/sdapi/v1/options\", \"subsystem\": \"api\"}",
    "created": 1765240604.0308383,
    "payload": {
      "message": "WebUI did not become ready within allotted time: HTTPConnectionPool(host='127.0.0.1', port=7861): Max retries exceeded with url: /sdapi/v1/options (Caused by NewConnectionError('<urllib3.connection.HTTPConnection object at 0x000001A850240040>: Failed to establish a new connection: [WinError 10061] No connection could be made because the target machine actively refused it'))",
      "subsystem": "api",
      "last_error": "HTTPConnectionPool(host='127.0.0.1', port=7861): Max retries exceeded with url: /sdapi/v1/options (Caused by NewConnectionError('<urllib3.connection.HTTPConnection object at 0x000001A850240040>: Failed to establish a new connection: [WinError 10061] No connection could be made because the target machine actively refused it'))",
      "last_error_endpoint": "/sdapi/v1/options"
    }
  },
  {
    "level": "INFO",
    "name": "src.api.healthcheck",
    "message": "Checking for WebUI API on port 7862 | {\"endpoint\": \"/sdapi/v1/progress\", \"port\": 7862, \"subsystem\": \"api\"}",
    "created": 1765240604.4311955,
    "payload": {
      "message": "Checking for WebUI API on port 7862",
      "subsystem": "api",
      "port": 7862,
      "endpoint": "/sdapi/v1/progress"
    }
  },
  {
    "level": "INFO",
    "name": "src.api.healthcheck",
    "message": "Probing WebUI readiness at models/options endpoints | {\"models_endpoint\": \"/sdapi/v1/sd-models\", \"options_endpoint\": \"/sdapi/v1/options\", \"subsystem\": \"api\"}",
    "created": 1765240604.4360118,
    "payload": {
      "message": "Probing WebUI readiness at models/options endpoints",
      "subsystem": "api",
      "models_endpoint": "/sdapi/v1/sd-models",
      "options_endpoint": "/sdapi/v1/options"
    }
  },
  {
    "level": "WARNING",
    "name": "src.api.healthcheck",
    "message": "WebUI did not become ready within allotted time: HTTPConnectionPool(host='127.0.0.1', port=7862): Max retries exceeded with url: /sdapi/v1/options (Caused by NewConnectionError('<urllib3.connection.HTTPConnection object at 0x000001A850247430>: Failed to establish a new connection: [WinError 10061] No connection could be made because the target machine actively refused it')) | {\"last_error\": \"HTTPConnectionPool(host='127.0.0.1', port=7862): Max retries exceeded with url: /sdapi/v1/options (Caused by NewConnectionError('<urllib3.connection.HTTPConnection object at 0x000001A850247430>: Failed to establish a new connection: [WinError 10061] No connection could be made because the target machine actively refused it'))\", \"last_error_endpoint\": \"/sdapi/v1/options\", \"subsystem\": \"api\"}",
    "created": 1765240611.6382637,
    "payload": {
      "message": "WebUI did not become ready within allotted time: HTTPConnectionPool(host='127.0.0.1', port=7862): Max retries exceeded with url: /sdapi/v1/options (Caused by NewConnectionError('<urllib3.connection.HTTPConnection object at 0x000001A850247430>: Failed to establish a new connection: [WinError 10061] No connection could be made because the target machine actively refused it'))",
      "subsystem": "api",
      "last_error": "HTTPConnectionPool(host='127.0.0.1', port=7862): Max retries exceeded with url: /sdapi/v1/options (Caused by NewConnectionError('<urllib3.connection.HTTPConnection object at 0x000001A850247430>: Failed to establish a new connection: [WinError 10061] No connection could be made because the target machine actively refused it'))",
      "last_error_endpoint": "/sdapi/v1/options"
    }
  },
  {
    "level": "INFO",
    "name": "src.api.healthcheck",
    "message": "Checking for WebUI API on port 7863 | {\"endpoint\": \"/sdapi/v1/progress\", \"port\": 7863, \"subsystem\": \"api\"}",
    "created": 1765240615.178786,
    "payload": {
      "message": "Checking for WebUI API on port 7863",
      "subsystem": "api",
      "port": 7863,
      "endpoint": "/sdapi/v1/progress"
    }
  },
  {
    "level": "INFO",
    "name": "src.api.healthcheck",
    "message": "Probing WebUI readiness at models/options endpoints | {\"models_endpoint\": \"/sdapi/v1/sd-models\", \"options_endpoint\": \"/sdapi/v1/options\", \"subsystem\": \"api\"}",
    "created": 1765240616.0105217,
    "payload": {
      "message": "Probing WebUI readiness at models/options endpoints",
      "subsystem": "api",
      "models_endpoint": "/sdapi/v1/sd-models",
      "options_endpoint": "/sdapi/v1/options"
    }
  },
  {
    "level": "WARNING",
    "name": "src.api.healthcheck",
    "message": "WebUI did not become ready within allotted time: HTTPConnectionPool(host='127.0.0.1', port=7863): Max retries exceeded with url: /sdapi/v1/options (Caused by NewConnectionError('<urllib3.connection.HTTPConnection object at 0x000001A850241420>: Failed to establish a new connection: [WinError 10061] No connection could be made because the target machine actively refused it')) | {\"last_error\": \"HTTPConnectionPool(host='127.0.0.1', port=7863): Max retries exceeded with url: /sdapi/v1/options (Caused by NewConnectionError('<urllib3.connection.HTTPConnection object at 0x000001A850241420>: Failed to establish a new connection: [WinError 10061] No connection could be made because the target machine actively refused it'))\", \"last_error_endpoint\": \"/sdapi/v1/options\", \"subsystem\": \"api\"}",
    "created": 1765240623.1823335,
    "payload": {
      "message": "WebUI did not become ready within allotted time: HTTPConnectionPool(host='127.0.0.1', port=7863): Max retries exceeded with url: /sdapi/v1/options (Caused by NewConnectionError('<urllib3.connection.HTTPConnection object at 0x000001A850241420>: Failed to establish a new connection: [WinError 10061] No connection could be made because the target machine actively refused it'))",
      "subsystem": "api",
      "last_error": "HTTPConnectionPool(host='127.0.0.1', port=7863): Max retries exceeded with url: /sdapi/v1/options (Caused by NewConnectionError('<urllib3.connection.HTTPConnection object at 0x000001A850241420>: Failed to establish a new connection: [WinError 10061] No connection could be made because the target machine actively refused it'))",
      "last_error_endpoint": "/sdapi/v1/options"
    }
  },
  {
    "level": "INFO",
    "name": "src.api.healthcheck",
    "message": "Checking for WebUI API on port 7864 | {\"endpoint\": \"/sdapi/v1/progress\", \"port\": 7864, \"subsystem\": \"api\"}",
    "created": 1765240623.8779578,
    "payload": {
      "message": "Checking for WebUI API on port 7864",
      "subsystem": "api",
      "port": 7864,
      "endpoint": "/sdapi/v1/progress"
    }
  },
  {
    "level": "INFO",
    "name": "src.api.healthcheck",
    "message": "Probing WebUI readiness at models/options endpoints | {\"models_endpoint\": \"/sdapi/v1/sd-models\", \"options_endpoint\": \"/sdapi/v1/options\", \"subsystem\": \"api\"}",
    "created": 1765240623.8829582,
    "payload": {
      "message": "Probing WebUI readiness at models/options endpoints",
      "subsystem": "api",
      "models_endpoint": "/sdapi/v1/sd-models",
      "options_endpoint": "/sdapi/v1/options"
    }
  },
  {
    "level": "WARNING",
    "name": "src.api.healthcheck",
    "message": "WebUI did not become ready within allotted time: HTTPConnectionPool(host='127.0.0.1', port=7864): Max retries exceeded with url: /sdapi/v1/options (Caused by NewConnectionError('<urllib3.connection.HTTPConnection object at 0x000001A850242680>: Failed to establish a new connection: [WinError 10061] No connection could be made because the target machine actively refused it')) | {\"last_error\": \"HTTPConnectionPool(host='127.0.0.1', port=7864): Max retries exceeded with url: /sdapi/v1/options (Caused by NewConnectionError('<urllib3.connection.HTTPConnection object at 0x000001A850242680>: Failed to establish a new connection: [WinError 10061] No connection could be made because the target machine actively refused it'))\", \"last_error_endpoint\": \"/sdapi/v1/options\", \"subsystem\": \"api\"}",
    "created": 1765240631.1731718,
    "payload": {
      "message": "WebUI did not become ready within allotted time: HTTPConnectionPool(host='127.0.0.1', port=7864): Max retries exceeded with url: /sdapi/v1/options (Caused by NewConnectionError('<urllib3.connection.HTTPConnection object at 0x000001A850242680>: Failed to establish a new connection: [WinError 10061] No connection could be made because the target machine actively refused it'))",
      "subsystem": "api",
      "last_error": "HTTPConnectionPool(host='127.0.0.1', port=7864): Max retries exceeded with url: /sdapi/v1/options (Caused by NewConnectionError('<urllib3.connection.HTTPConnection object at 0x000001A850242680>: Failed to establish a new connection: [WinError 10061] No connection could be made because the target machine actively refused it'))",
      "last_error_endpoint": "/sdapi/v1/options"
    }
  },
  {
    "level": "INFO",
    "name": "src.api.healthcheck",
    "message": "Checking for WebUI API on port 8000 | {\"endpoint\": \"/sdapi/v1/progress\", \"port\": 8000, \"subsystem\": \"api\"}",
    "created": 1765240631.177069,
    "payload": {
      "message": "Checking for WebUI API on port 8000",
      "subsystem": "api",
      "port": 8000,
      "endpoint": "/sdapi/v1/progress"
    }
  },
  {
    "level": "INFO",
    "name": "src.api.healthcheck",
    "message": "Probing WebUI readiness at models/options endpoints | {\"models_endpoint\": \"/sdapi/v1/sd-models\", \"options_endpoint\": \"/sdapi/v1/options\", \"subsystem\": \"api\"}",
    "created": 1765240631.1820688,
    "payload": {
      "message": "Probing WebUI readiness at models/options endpoints",
      "subsystem": "api",
      "models_endpoint": "/sdapi/v1/sd-models",
      "options_endpoint": "/sdapi/v1/options"
    }
  },
  {
    "level": "WARNING",
    "name": "src.api.healthcheck",
    "message": "WebUI did not become ready within allotted time: HTTPConnectionPool(host='127.0.0.1', port=8000): Max retries exceeded with url: /sdapi/v1/options (Caused by NewConnectionError('<urllib3.connection.HTTPConnection object at 0x000001A850247100>: Failed to establish a new connection: [WinError 10061] No connection could be made because the target machine actively refused it')) | {\"last_error\": \"HTTPConnectionPool(host='127.0.0.1', port=8000): Max retries exceeded with url: /sdapi/v1/options (Caused by NewConnectionError('<urllib3.connection.HTTPConnection object at 0x000001A850247100>: Failed to establish a new connection: [WinError 10061] No connection could be made because the target machine actively refused it'))\", \"last_error_endpoint\": \"/sdapi/v1/options\", \"subsystem\": \"api\"}",
    "created": 1765240638.5093687,
    "payload": {
      "message": "WebUI did not become ready within allotted time: HTTPConnectionPool(host='127.0.0.1', port=8000): Max retries exceeded with url: /sdapi/v1/options (Caused by NewConnectionError('<urllib3.connection.HTTPConnection object at 0x000001A850247100>: Failed to establish a new connection: [WinError 10061] No connection could be made because the target machine actively refused it'))",
      "subsystem": "api",
      "last_error": "HTTPConnectionPool(host='127.0.0.1', port=8000): Max retries exceeded with url: /sdapi/v1/options (Caused by NewConnectionError('<urllib3.connection.HTTPConnection object at 0x000001A850247100>: Failed to establish a new connection: [WinError 10061] No connection could be made because the target machine actively refused it'))",
      "last_error_endpoint": "/sdapi/v1/options"
    }
  },
  {
    "level": "INFO",
    "name": "src.api.healthcheck",
    "message": "Checking for WebUI API on port 8080 | {\"endpoint\": \"/sdapi/v1/progress\", \"port\": 8080, \"subsystem\": \"api\"}",
    "created": 1765240638.5134733,
    "payload": {
      "message": "Checking for WebUI API on port 8080",
      "subsystem": "api",
      "port": 8080,
      "endpoint": "/sdapi/v1/progress"
    }
  },
  {
    "level": "INFO",
    "name": "src.api.healthcheck",
    "message": "Probing WebUI readiness at models/options endpoints | {\"models_endpoint\": \"/sdapi/v1/sd-models\", \"options_endpoint\": \"/sdapi/v1/options\", \"subsystem\": \"api\"}",
    "created": 1765240638.5188024,
    "payload": {
      "message": "Probing WebUI readiness at models/options endpoints",
      "subsystem": "api",
      "models_endpoint": "/sdapi/v1/sd-models",
      "options_endpoint": "/sdapi/v1/options"
    }
  },
  {
    "level": "WARNING",
    "name": "src.api.healthcheck",
    "message": "WebUI did not become ready within allotted time: HTTPConnectionPool(host='127.0.0.1', port=8080): Max retries exceeded with url: /sdapi/v1/options (Caused by NewConnectionError('<urllib3.connection.HTTPConnection object at 0x000001A850244340>: Failed to establish a new connection: [WinError 10061] No connection could be made because the target machine actively refused it')) | {\"last_error\": \"HTTPConnectionPool(host='127.0.0.1', port=8080): Max retries exceeded with url: /sdapi/v1/options (Caused by NewConnectionError('<urllib3.connection.HTTPConnection object at 0x000001A850244340>: Failed to establish a new connection: [WinError 10061] No connection could be made because the target machine actively refused it'))\", \"last_error_endpoint\": \"/sdapi/v1/options\", \"subsystem\": \"api\"}",
    "created": 1765240646.1297545,
    "payload": {
      "message": "WebUI did not become ready within allotted time: HTTPConnectionPool(host='127.0.0.1', port=8080): Max retries exceeded with url: /sdapi/v1/options (Caused by NewConnectionError('<urllib3.connection.HTTPConnection object at 0x000001A850244340>: Failed to establish a new connection: [WinError 10061] No connection could be made because the target machine actively refused it'))",
      "subsystem": "api",
      "last_error": "HTTPConnectionPool(host='127.0.0.1', port=8080): Max retries exceeded with url: /sdapi/v1/options (Caused by NewConnectionError('<urllib3.connection.HTTPConnection object at 0x000001A850244340>: Failed to establish a new connection: [WinError 10061] No connection could be made because the target machine actively refused it'))",
      "last_error_endpoint": "/sdapi/v1/options"
    }
  },
  {
    "level": "INFO",
    "name": "src.api.healthcheck",
    "message": "Checking for WebUI API on port 5000 | {\"endpoint\": \"/sdapi/v1/progress\", \"port\": 5000, \"subsystem\": \"api\"}",
    "created": 1765240649.519739,
    "payload": {
      "message": "Checking for WebUI API on port 5000",
      "subsystem": "api",
      "port": 5000,
      "endpoint": "/sdapi/v1/progress"
    }
  },
  {
    "level": "INFO",
    "name": "src.api.healthcheck",
    "message": "Probing WebUI readiness at models/options endpoints | {\"models_endpoint\": \"/sdapi/v1/sd-models\", \"options_endpoint\": \"/sdapi/v1/options\", \"subsystem\": \"api\"}",
    "created": 1765240649.524741,
    "payload": {
      "message": "Probing WebUI readiness at models/options endpoints",
      "subsystem": "api",
      "models_endpoint": "/sdapi/v1/sd-models",
      "options_endpoint": "/sdapi/v1/options"
    }
  },
  {
    "level": "WARNING",
    "name": "src.api.healthcheck",
    "message": "WebUI did not become ready within allotted time: HTTPConnectionPool(host='127.0.0.1', port=5000): Max retries exceeded with url: /sdapi/v1/options (Caused by NewConnectionError('<urllib3.connection.HTTPConnection object at 0x000001A84C0B7F70>: Failed to establish a new connection: [WinError 10061] No connection could be made because the target machine actively refused it')) | {\"last_error\": \"HTTPConnectionPool(host='127.0.0.1', port=5000): Max retries exceeded with url: /sdapi/v1/options (Caused by NewConnectionError('<urllib3.connection.HTTPConnection object at 0x000001A84C0B7F70>: Failed to establish a new connection: [WinError 10061] No connection could be made because the target machine actively refused it'))\", \"last_error_endpoint\": \"/sdapi/v1/options\", \"subsystem\": \"api\"}",
    "created": 1765240656.7476652,
    "payload": {
      "message": "WebUI did not become ready within allotted time: HTTPConnectionPool(host='127.0.0.1', port=5000): Max retries exceeded with url: /sdapi/v1/options (Caused by NewConnectionError('<urllib3.connection.HTTPConnection object at 0x000001A84C0B7F70>: Failed to establish a new connection: [WinError 10061] No connection could be made because the target machine actively refused it'))",
      "subsystem": "api",
      "last_error": "HTTPConnectionPool(host='127.0.0.1', port=5000): Max retries exceeded with url: /sdapi/v1/options (Caused by NewConnectionError('<urllib3.connection.HTTPConnection object at 0x000001A84C0B7F70>: Failed to establish a new connection: [WinError 10061] No connection could be made because the target machine actively refused it'))",
      "last_error_endpoint": "/sdapi/v1/options"
    }
  },
  {
    "level": "INFO",
    "name": "src.gui.state",
    "message": "State transition: IDLE -> ERROR",
    "created": 1765240656.7517877
  },
  {
    "level": "INFO",
    "name": "src.gui.state",
    "message": "Cancellation requested",
    "created": 1765240686.8338573
  },
  {
    "level": "INFO",
    "name": "src.controller.app_controller",
    "message": "[controller] shutdown_app called (destroy)",
    "created": 1765240686.866264
  }
]