[
  {
    "level": "INFO",
    "name": "src.services.queue_store_v2",
    "message": "Loaded queue state: 0 jobs, auto_run=True, paused=False",
    "created": 1765552479.5295632
  },
  {
    "level": "INFO",
    "name": "src.controller.app_controller",
    "message": "Restored queue state: auto_run=True, paused=False, 0 jobs (jobs not restored in V1 queue)",
    "created": 1765552479.5333335
  },
  {
    "level": "INFO",
    "name": "src.services.queue_store_v2",
    "message": "Loaded queue state: 0 jobs, auto_run=True, paused=False",
    "created": 1765552479.53866
  },
  {
    "level": "INFO",
    "name": "src.controller.job_execution_controller",
    "message": "Restored queue state: auto_run=True, paused=False, 0 restored job(s)",
    "created": 1765552479.5423727
  },
  {
    "level": "INFO",
    "name": "src.services.queue_store_v2",
    "message": "QUEUE_STATE_SAVED | Persisted queue state",
    "created": 1765552479.5463154
  },
  {
    "level": "INFO",
    "name": "src.services.queue_store_v2",
    "message": "Loaded queue state: 0 jobs, auto_run=True, paused=False",
    "created": 1765552479.552796
  },
  {
    "level": "INFO",
    "name": "src.controller.job_execution_controller",
    "message": "Restored queue state: auto_run=True, paused=False, 0 restored job(s)",
    "created": 1765552479.5582035
  },
  {
    "level": "INFO",
    "name": "src.services.queue_store_v2",
    "message": "QUEUE_STATE_SAVED | Persisted queue state",
    "created": 1765552479.563051
  },
  {
    "level": "INFO",
    "name": "src.services.queue_store_v2",
    "message": "Loaded queue state: 0 jobs, auto_run=True, paused=False",
    "created": 1765552479.5810544
  },
  {
    "level": "INFO",
    "name": "src.controller.job_execution_controller",
    "message": "Restored queue state: auto_run=True, paused=False, 0 restored job(s)",
    "created": 1765552479.585338
  },
  {
    "level": "INFO",
    "name": "src.services.queue_store_v2",
    "message": "QUEUE_STATE_SAVED | Persisted queue state",
    "created": 1765552479.5918136
  },
  {
    "level": "INFO",
    "name": "root",
    "message": "Using model profile preset best (source=internet_prior) for TestModel + ['TestLora'].",
    "created": 1765552479.599135
  },
  {
    "level": "INFO",
    "name": "src.services.queue_store_v2",
    "message": "Loaded queue state: 0 jobs, auto_run=True, paused=False",
    "created": 1765552479.605067
  },
  {
    "level": "INFO",
    "name": "src.controller.job_execution_controller",
    "message": "Restored queue state: auto_run=True, paused=False, 0 restored job(s)",
    "created": 1765552479.6088676
  },
  {
    "level": "INFO",
    "name": "src.services.queue_store_v2",
    "message": "QUEUE_STATE_SAVED | Persisted queue state",
    "created": 1765552479.6127188
  },
  {
    "level": "INFO",
    "name": "root",
    "message": "Using model profile preset best (source=internet_prior) for TestModel + ['TestLora'].",
    "created": 1765552479.6170187
  },
  {
    "level": "INFO",
    "name": "src.services.queue_store_v2",
    "message": "Loaded queue state: 0 jobs, auto_run=True, paused=False",
    "created": 1765552479.622324
  },
  {
    "level": "INFO",
    "name": "src.controller.job_execution_controller",
    "message": "Restored queue state: auto_run=True, paused=False, 0 restored job(s)",
    "created": 1765552479.6256106
  },
  {
    "level": "INFO",
    "name": "src.services.queue_store_v2",
    "message": "QUEUE_STATE_SAVED | Persisted queue state",
    "created": 1765552479.629928
  },
  {
    "level": "INFO",
    "name": "src.services.queue_store_v2",
    "message": "Loaded queue state: 0 jobs, auto_run=True, paused=False",
    "created": 1765552479.6373472
  },
  {
    "level": "INFO",
    "name": "src.controller.job_execution_controller",
    "message": "Restored queue state: auto_run=True, paused=False, 0 restored job(s)",
    "created": 1765552479.6423197
  },
  {
    "level": "INFO",
    "name": "src.services.queue_store_v2",
    "message": "QUEUE_STATE_SAVED | Persisted queue state",
    "created": 1765552479.6465914
  },
  {
    "level": "INFO",
    "name": "src.services.queue_store_v2",
    "message": "Loaded queue state: 0 jobs, auto_run=True, paused=False",
    "created": 1765552479.653023
  },
  {
    "level": "INFO",
    "name": "src.controller.job_execution_controller",
    "message": "Restored queue state: auto_run=True, paused=False, 0 restored job(s)",
    "created": 1765552479.6571753
  },
  {
    "level": "INFO",
    "name": "src.services.queue_store_v2",
    "message": "QUEUE_STATE_SAVED | Persisted queue state",
    "created": 1765552479.6608994
  },
  {
    "level": "INFO",
    "name": "src.services.queue_store_v2",
    "message": "Loaded queue state: 0 jobs, auto_run=True, paused=False",
    "created": 1765552479.6673205
  },
  {
    "level": "INFO",
    "name": "src.controller.job_execution_controller",
    "message": "Restored queue state: auto_run=True, paused=False, 0 restored job(s)",
    "created": 1765552479.6721354
  },
  {
    "level": "INFO",
    "name": "src.services.queue_store_v2",
    "message": "QUEUE_STATE_SAVED | Persisted queue state",
    "created": 1765552479.676384
  },
  {
    "level": "INFO",
    "name": "src.controller.job_service",
    "message": "Queuing job job-1 for background execution | {\"job_id\": \"job-1\", \"subsystem\": \"job_service\"}",
    "created": 1765552479.6972141,
    "payload": {
      "message": "Queuing job job-1 for background execution",
      "job_id": "job-1",
      "subsystem": "job_service"
    }
  },
  {
    "level": "INFO",
    "name": "src.controller.job_service",
    "message": "Queue worker starting | {\"job_id\": \"job-1\", \"runner\": \"StubRunner\", \"subsystem\": \"job_service\"}",
    "created": 1765552479.7009184,
    "payload": {
      "message": "Queue worker starting",
      "job_id": "job-1",
      "subsystem": "job_service",
      "runner": "StubRunner"
    }
  },
  {
    "level": "INFO",
    "name": "src.controller.job_service",
    "message": "Queuing job job-2 for background execution | {\"job_id\": \"job-2\", \"subsystem\": \"job_service\"}",
    "created": 1765552479.7047055,
    "payload": {
      "message": "Queuing job job-2 for background execution",
      "job_id": "job-2",
      "subsystem": "job_service"
    }
  },
  {
    "level": "INFO",
    "name": "src.controller.job_service",
    "message": "Queuing job job-fail for background execution | {\"job_id\": \"job-fail\", \"subsystem\": \"job_service\"}",
    "created": 1765552479.7116656,
    "payload": {
      "message": "Queuing job job-fail for background execution",
      "job_id": "job-fail",
      "subsystem": "job_service"
    }
  },
  {
    "level": "INFO",
    "name": "src.controller.job_service",
    "message": "Queue worker starting | {\"job_id\": \"job-fail\", \"runner\": \"FailingRunner\", \"subsystem\": \"job_service\"}",
    "created": 1765552479.7174916,
    "payload": {
      "message": "Queue worker starting",
      "job_id": "job-fail",
      "subsystem": "job_service",
      "runner": "FailingRunner"
    }
  },
  {
    "level": "ERROR",
    "name": "src.controller.job_service",
    "message": "Queue worker failed to start | {\"error\": \"worker start failed\", \"runner\": \"FailingRunner\", \"subsystem\": \"job_service\"}",
    "created": 1765552479.722929,
    "payload": {
      "message": "Queue worker failed to start",
      "subsystem": "job_service",
      "runner": "FailingRunner",
      "error": "worker start failed"
    }
  },
  {
    "level": "INFO",
    "name": "src.services.queue_store_v2",
    "message": "Loaded queue state: 0 jobs, auto_run=True, paused=False",
    "created": 1765552479.729288
  },
  {
    "level": "INFO",
    "name": "src.controller.job_execution_controller",
    "message": "Restored queue state: auto_run=True, paused=False, 0 restored job(s)",
    "created": 1765552479.7348366
  },
  {
    "level": "INFO",
    "name": "src.services.queue_store_v2",
    "message": "QUEUE_STATE_SAVED | Persisted queue state",
    "created": 1765552479.7413888
  },
  {
    "level": "INFO",
    "name": "src.services.queue_store_v2",
    "message": "Loaded queue state: 0 jobs, auto_run=True, paused=False",
    "created": 1765552479.7507184
  },
  {
    "level": "INFO",
    "name": "src.controller.app_controller",
    "message": "Restored queue state: auto_run=True, paused=False, 0 jobs (jobs not restored in V1 queue)",
    "created": 1765552479.7560527
  },
  {
    "level": "INFO",
    "name": "src.controller.app_controller",
    "message": "Resource update: 0 models, 0 vaes, 0 samplers, 0 schedulers, 0 upscalers",
    "created": 1765552479.7603033
  },
  {
    "level": "INFO",
    "name": "shutdown_inspector_threads",
    "message": "=== Shutdown inspector (thread-check) ===",
    "created": 1765552479.7658577
  },
  {
    "level": "INFO",
    "name": "shutdown_inspector_threads",
    "message": "Thread: name=MainThread daemon=False alive=True ident=8328",
    "created": 1765552479.7695758
  },
  {
    "level": "INFO",
    "name": "shutdown_inspector_threads",
    "message": "Thread: name=Thread-5 (_shutdown_watchdog) daemon=True alive=True ident=6272",
    "created": 1765552479.7728007
  },
  {
    "level": "INFO",
    "name": "shutdown_inspector_threads",
    "message": "Thread: name=Thread-6 (_shutdown_watchdog) daemon=True alive=True ident=26744",
    "created": 1765552479.7770696
  },
  {
    "level": "INFO",
    "name": "shutdown_inspector_threads",
    "message": "Thread: name=Thread-7 (_shutdown_watchdog) daemon=True alive=True ident=28088",
    "created": 1765552479.7804613
  },
  {
    "level": "INFO",
    "name": "shutdown_inspector_threads",
    "message": "Thread: name=Thread-9 (_worker_loop) daemon=True alive=True ident=18768",
    "created": 1765552479.784166
  },
  {
    "level": "INFO",
    "name": "shutdown_inspector_threads",
    "message": "Thread: name=Thread-10 (_worker_loop) daemon=True alive=True ident=32560",
    "created": 1765552479.787332
  },
  {
    "level": "INFO",
    "name": "shutdown_inspector_threads",
    "message": "Thread: name=Thread-11 (_worker_loop) daemon=True alive=True ident=2668",
    "created": 1765552479.7905352
  },
  {
    "level": "INFO",
    "name": "shutdown_inspector_threads",
    "message": "Thread: name=Thread-12 (_shutdown_watchdog) daemon=True alive=True ident=26100",
    "created": 1765552479.7939742
  },
  {
    "level": "INFO",
    "name": "shutdown_inspector_threads",
    "message": "Thread: name=Thread-13 (_shutdown_watchdog) daemon=True alive=True ident=31952",
    "created": 1765552479.7984982
  },
  {
    "level": "INFO",
    "name": "shutdown_inspector_threads",
    "message": "Thread: name=Thread-14 (_shutdown_watchdog) daemon=True alive=True ident=21360",
    "created": 1765552479.802374
  },
  {
    "level": "INFO",
    "name": "shutdown_inspector_threads",
    "message": "Thread: name=Thread-15 (_shutdown_watchdog) daemon=True alive=True ident=27616",
    "created": 1765552479.807448
  },
  {
    "level": "INFO",
    "name": "shutdown_inspector_threads",
    "message": "Shutdown inspector: no child processes attached.",
    "created": 1765552479.817633
  },
  {
    "level": "INFO",
    "name": "shutdown_inspector_children",
    "message": "=== Shutdown inspector (child-check) ===",
    "created": 1765552479.8218863
  },
  {
    "level": "INFO",
    "name": "shutdown_inspector_children",
    "message": "Thread: name=MainThread daemon=False alive=True ident=8328",
    "created": 1765552479.8250759
  },
  {
    "level": "INFO",
    "name": "shutdown_inspector_children",
    "message": "Thread: name=Thread-5 (_shutdown_watchdog) daemon=True alive=True ident=6272",
    "created": 1765552479.8289487
  },
  {
    "level": "INFO",
    "name": "shutdown_inspector_children",
    "message": "Thread: name=Thread-6 (_shutdown_watchdog) daemon=True alive=True ident=26744",
    "created": 1765552479.8322165
  },
  {
    "level": "INFO",
    "name": "shutdown_inspector_children",
    "message": "Thread: name=Thread-7 (_shutdown_watchdog) daemon=True alive=True ident=28088",
    "created": 1765552479.8354034
  },
  {
    "level": "INFO",
    "name": "shutdown_inspector_children",
    "message": "Thread: name=Thread-9 (_worker_loop) daemon=True alive=True ident=18768",
    "created": 1765552479.8385882
  },
  {
    "level": "INFO",
    "name": "shutdown_inspector_children",
    "message": "Thread: name=Thread-10 (_worker_loop) daemon=True alive=True ident=32560",
    "created": 1765552479.842356
  },
  {
    "level": "INFO",
    "name": "shutdown_inspector_children",
    "message": "Thread: name=Thread-11 (_worker_loop) daemon=True alive=True ident=2668",
    "created": 1765552479.846179
  },
  {
    "level": "INFO",
    "name": "shutdown_inspector_children",
    "message": "Thread: name=Thread-12 (_shutdown_watchdog) daemon=True alive=True ident=26100",
    "created": 1765552479.849922
  },
  {
    "level": "INFO",
    "name": "shutdown_inspector_children",
    "message": "Thread: name=Thread-13 (_shutdown_watchdog) daemon=True alive=True ident=31952",
    "created": 1765552479.853103
  },
  {
    "level": "INFO",
    "name": "shutdown_inspector_children",
    "message": "Thread: name=Thread-14 (_shutdown_watchdog) daemon=True alive=True ident=21360",
    "created": 1765552479.8568385
  },
  {
    "level": "INFO",
    "name": "shutdown_inspector_children",
    "message": "Thread: name=Thread-15 (_shutdown_watchdog) daemon=True alive=True ident=27616",
    "created": 1765552479.860645
  },
  {
    "level": "INFO",
    "name": "shutdown_inspector_children",
    "message": "Shutdown inspector: no child processes attached.",
    "created": 1765552479.864381
  },
  {
    "level": "INFO",
    "name": "src.services.queue_store_v2",
    "message": "Loaded queue state: 0 jobs, auto_run=True, paused=False",
    "created": 1765552479.8697042
  },
  {
    "level": "INFO",
    "name": "src.controller.job_execution_controller",
    "message": "Restored queue state: auto_run=True, paused=False, 0 restored job(s)",
    "created": 1765552479.8729024
  },
  {
    "level": "INFO",
    "name": "src.services.queue_store_v2",
    "message": "QUEUE_STATE_SAVED | Persisted queue state",
    "created": 1765552479.8777158
  },
  {
    "level": "INFO",
    "name": "src.controller.webui_connection_controller",
    "message": "WebUI models/options are ready at http://x",
    "created": 1765552479.8825157
  },
  {
    "level": "INFO",
    "name": "src.controller.webui_connection_controller",
    "message": "WebUI models/options are ready at http://x",
    "created": 1765552479.8874857
  },
  {
    "level": "INFO",
    "name": "src.controller.webui_connection_controller",
    "message": "Trying to auto-detect WebUI on other ports...",
    "created": 1765552479.896511
  },
  {
    "level": "INFO",
    "name": "src.api.healthcheck",
    "message": "Checking for WebUI API on port 7860 | {\"endpoint\": \"/sdapi/v1/progress\", \"port\": 7860, \"subsystem\": \"api\"}",
    "created": 1765552479.9036338,
    "payload": {
      "message": "Checking for WebUI API on port 7860",
      "subsystem": "api",
      "port": 7860,
      "endpoint": "/sdapi/v1/progress"
    }
  },
  {
    "level": "INFO",
    "name": "src.api.healthcheck",
    "message": "Probing WebUI readiness at models/options endpoints | {\"models_endpoint\": \"/sdapi/v1/sd-models\", \"options_endpoint\": \"/sdapi/v1/options\", \"subsystem\": \"api\"}",
    "created": 1765552483.1854136,
    "payload": {
      "message": "Probing WebUI readiness at models/options endpoints",
      "subsystem": "api",
      "models_endpoint": "/sdapi/v1/sd-models",
      "options_endpoint": "/sdapi/v1/options"
    }
  },
  {
    "level": "WARNING",
    "name": "src.api.healthcheck",
    "message": "WebUI did not become ready within allotted time | {\"subsystem\": \"api\"}",
    "created": 1765552486.623071,
    "payload": {
      "message": "WebUI did not become ready within allotted time",
      "subsystem": "api"
    }
  },
  {
    "level": "INFO",
    "name": "src.api.healthcheck",
    "message": "Checking for WebUI API on port 7861 | {\"endpoint\": \"/sdapi/v1/progress\", \"port\": 7861, \"subsystem\": \"api\"}",
    "created": 1765552490.3121388,
    "payload": {
      "message": "Checking for WebUI API on port 7861",
      "subsystem": "api",
      "port": 7861,
      "endpoint": "/sdapi/v1/progress"
    }
  },
  {
    "level": "INFO",
    "name": "src.api.healthcheck",
    "message": "Probing WebUI readiness at models/options endpoints | {\"models_endpoint\": \"/sdapi/v1/sd-models\", \"options_endpoint\": \"/sdapi/v1/options\", \"subsystem\": \"api\"}",
    "created": 1765552494.3280234,
    "payload": {
      "message": "Probing WebUI readiness at models/options endpoints",
      "subsystem": "api",
      "models_endpoint": "/sdapi/v1/sd-models",
      "options_endpoint": "/sdapi/v1/options"
    }
  },
  {
    "level": "WARNING",
    "name": "src.api.healthcheck",
    "message": "WebUI did not become ready within allotted time | {\"subsystem\": \"api\"}",
    "created": 1765552498.202975,
    "payload": {
      "message": "WebUI did not become ready within allotted time",
      "subsystem": "api"
    }
  },
  {
    "level": "INFO",
    "name": "src.api.healthcheck",
    "message": "Checking for WebUI API on port 7862 | {\"endpoint\": \"/sdapi/v1/progress\", \"port\": 7862, \"subsystem\": \"api\"}",
    "created": 1765552503.88928,
    "payload": {
      "message": "Checking for WebUI API on port 7862",
      "subsystem": "api",
      "port": 7862,
      "endpoint": "/sdapi/v1/progress"
    }
  },
  {
    "level": "INFO",
    "name": "src.api.healthcheck",
    "message": "Probing WebUI readiness at models/options endpoints | {\"models_endpoint\": \"/sdapi/v1/sd-models\", \"options_endpoint\": \"/sdapi/v1/options\", \"subsystem\": \"api\"}",
    "created": 1765552509.1557963,
    "payload": {
      "message": "Probing WebUI readiness at models/options endpoints",
      "subsystem": "api",
      "models_endpoint": "/sdapi/v1/sd-models",
      "options_endpoint": "/sdapi/v1/options"
    }
  },
  {
    "level": "WARNING",
    "name": "src.api.healthcheck",
    "message": "WebUI did not become ready within allotted time | {\"subsystem\": \"api\"}",
    "created": 1765552516.3742378,
    "payload": {
      "message": "WebUI did not become ready within allotted time",
      "subsystem": "api"
    }
  },
  {
    "level": "INFO",
    "name": "src.api.healthcheck",
    "message": "Checking for WebUI API on port 7863 | {\"endpoint\": \"/sdapi/v1/progress\", \"port\": 7863, \"subsystem\": \"api\"}",
    "created": 1765552521.9070075,
    "payload": {
      "message": "Checking for WebUI API on port 7863",
      "subsystem": "api",
      "port": 7863,
      "endpoint": "/sdapi/v1/progress"
    }
  },
  {
    "level": "INFO",
    "name": "src.api.healthcheck",
    "message": "Probing WebUI readiness at models/options endpoints | {\"models_endpoint\": \"/sdapi/v1/sd-models\", \"options_endpoint\": \"/sdapi/v1/options\", \"subsystem\": \"api\"}",
    "created": 1765552527.0468535,
    "payload": {
      "message": "Probing WebUI readiness at models/options endpoints",
      "subsystem": "api",
      "models_endpoint": "/sdapi/v1/sd-models",
      "options_endpoint": "/sdapi/v1/options"
    }
  },
  {
    "level": "WARNING",
    "name": "src.api.healthcheck",
    "message": "WebUI did not become ready within allotted time | {\"subsystem\": \"api\"}",
    "created": 1765552534.4064507,
    "payload": {
      "message": "WebUI did not become ready within allotted time",
      "subsystem": "api"
    }
  },
  {
    "level": "INFO",
    "name": "src.api.healthcheck",
    "message": "Checking for WebUI API on port 7864 | {\"endpoint\": \"/sdapi/v1/progress\", \"port\": 7864, \"subsystem\": \"api\"}",
    "created": 1765552541.8899648,
    "payload": {
      "message": "Checking for WebUI API on port 7864",
      "subsystem": "api",
      "port": 7864,
      "endpoint": "/sdapi/v1/progress"
    }
  },
  {
    "level": "INFO",
    "name": "src.api.healthcheck",
    "message": "Probing WebUI readiness at models/options endpoints | {\"models_endpoint\": \"/sdapi/v1/sd-models\", \"options_endpoint\": \"/sdapi/v1/options\", \"subsystem\": \"api\"}",
    "created": 1765552549.9994802,
    "payload": {
      "message": "Probing WebUI readiness at models/options endpoints",
      "subsystem": "api",
      "models_endpoint": "/sdapi/v1/sd-models",
      "options_endpoint": "/sdapi/v1/options"
    }
  },
  {
    "level": "WARNING",
    "name": "src.api.healthcheck",
    "message": "WebUI did not become ready within allotted time | {\"subsystem\": \"api\"}",
    "created": 1765552556.7960138,
    "payload": {
      "message": "WebUI did not become ready within allotted time",
      "subsystem": "api"
    }
  },
  {
    "level": "INFO",
    "name": "src.api.healthcheck",
    "message": "Checking for WebUI API on port 8000 | {\"endpoint\": \"/sdapi/v1/progress\", \"port\": 8000, \"subsystem\": \"api\"}",
    "created": 1765552561.3272448,
    "payload": {
      "message": "Checking for WebUI API on port 8000",
      "subsystem": "api",
      "port": 8000,
      "endpoint": "/sdapi/v1/progress"
    }
  },
  {
    "level": "INFO",
    "name": "src.api.healthcheck",
    "message": "Probing WebUI readiness at models/options endpoints | {\"models_endpoint\": \"/sdapi/v1/sd-models\", \"options_endpoint\": \"/sdapi/v1/options\", \"subsystem\": \"api\"}",
    "created": 1765552570.2798014,
    "payload": {
      "message": "Probing WebUI readiness at models/options endpoints",
      "subsystem": "api",
      "models_endpoint": "/sdapi/v1/sd-models",
      "options_endpoint": "/sdapi/v1/options"
    }
  },
  {
    "level": "WARNING",
    "name": "src.api.healthcheck",
    "message": "WebUI did not become ready within allotted time | {\"subsystem\": \"api\"}",
    "created": 1765552576.7642295,
    "payload": {
      "message": "WebUI did not become ready within allotted time",
      "subsystem": "api"
    }
  },
  {
    "level": "INFO",
    "name": "src.api.healthcheck",
    "message": "Checking for WebUI API on port 8080 | {\"endpoint\": \"/sdapi/v1/progress\", \"port\": 8080, \"subsystem\": \"api\"}",
    "created": 1765552582.8967383,
    "payload": {
      "message": "Checking for WebUI API on port 8080",
      "subsystem": "api",
      "port": 8080,
      "endpoint": "/sdapi/v1/progress"
    }
  },
  {
    "level": "INFO",
    "name": "src.api.healthcheck",
    "message": "Probing WebUI readiness at models/options endpoints | {\"models_endpoint\": \"/sdapi/v1/sd-models\", \"options_endpoint\": \"/sdapi/v1/options\", \"subsystem\": \"api\"}",
    "created": 1765552589.3572245,
    "payload": {
      "message": "Probing WebUI readiness at models/options endpoints",
      "subsystem": "api",
      "models_endpoint": "/sdapi/v1/sd-models",
      "options_endpoint": "/sdapi/v1/options"
    }
  },
  {
    "level": "WARNING",
    "name": "src.api.healthcheck",
    "message": "WebUI did not become ready within allotted time | {\"subsystem\": \"api\"}",
    "created": 1765552595.7642107,
    "payload": {
      "message": "WebUI did not become ready within allotted time",
      "subsystem": "api"
    }
  },
  {
    "level": "INFO",
    "name": "src.api.healthcheck",
    "message": "Checking for WebUI API on port 5000 | {\"endpoint\": \"/sdapi/v1/progress\", \"port\": 5000, \"subsystem\": \"api\"}",
    "created": 1765552601.5001833,
    "payload": {
      "message": "Checking for WebUI API on port 5000",
      "subsystem": "api",
      "port": 5000,
      "endpoint": "/sdapi/v1/progress"
    }
  },
  {
    "level": "INFO",
    "name": "src.api.healthcheck",
    "message": "Probing WebUI readiness at models/options endpoints | {\"models_endpoint\": \"/sdapi/v1/sd-models\", \"options_endpoint\": \"/sdapi/v1/options\", \"subsystem\": \"api\"}",
    "created": 1765552608.793805,
    "payload": {
      "message": "Probing WebUI readiness at models/options endpoints",
      "subsystem": "api",
      "models_endpoint": "/sdapi/v1/sd-models",
      "options_endpoint": "/sdapi/v1/options"
    }
  },
  {
    "level": "WARNING",
    "name": "src.api.healthcheck",
    "message": "WebUI did not become ready within allotted time | {\"subsystem\": \"api\"}",
    "created": 1765552615.858411,
    "payload": {
      "message": "WebUI did not become ready within allotted time",
      "subsystem": "api"
    }
  },
  {
    "level": "INFO",
    "name": "src.controller.webui_connection_controller",
    "message": "WebUI models/options are ready at http://test",
    "created": 1765552622.4064474
  },
  {
    "level": "INFO",
    "name": "src.utils.diagnostics_bundle_v2",
    "message": "Crash bundle saved to reports\\diagnostics\\stablenew_diagnostics_20251212_151702_uncaught_exception.zip",
    "created": 1765552622.8995883
  }
]