{
  "reason": "manual_request",
  "timestamp": "20251207_223810",
  "system": {
    "timestamp": "2025-12-07T22:38:10.707901Z",
    "hostname": "Rob-Gaming-Desk",
    "platform": {
      "system": "Windows",
      "release": "10",
      "version": "10.0.26100",
      "machine": "AMD64",
      "processor": "Intel64 Family 6 Model 183 Stepping 1, GenuineIntel"
    },
    "python": {
      "implementation": "CPython",
      "version": "3.10.6",
      "executable": "<USER_HOME>\\projects\\StableNew\\.venv\\Scripts\\python.exe"
    },
    "user": "rob",
    "cwd": "<USER_HOME>\\projects\\StableNew",
    "repo_root": "<USER_HOME>\\projects\\StableNew",
    "memory": null,
    "cpu": null,
    "disk": {
      "total_mb": 1952658.99609375,
      "used_mb": 391763.21875,
      "free_mb": 1560895.77734375
    }
  },
  "job_snapshot": {
    "jobs": [],
    "cached_metadata": {},
    "containers": {},
    "active_watchdogs": [],
    "watchdog_events": [],
    "cleanup_history": [],
    "process_container_config": {
      "enabled": true,
      "memory_limit_mb": null,
      "cpu_limit_percent": null,
      "max_processes": null
    }
  }
}