[
  {
    "level": "INFO",
    "name": "src.services.queue_store_v2",
    "message": "Loaded queue state: 0 jobs, auto_run=False, paused=False",
    "created": 1765132233.6425393
  },
  {
    "level": "INFO",
    "name": "src.controller.app_controller",
    "message": "Restored queue state: auto_run=False, paused=False, 0 jobs (jobs not restored in V1 queue)",
    "created": 1765132233.6425393
  },
  {
    "level": "INFO",
    "name": "src.utils.config",
    "message": "Found 15 presets",
    "created": 1765132233.688538
  },
  {
    "level": "INFO",
    "name": "src.utils.file_io",
    "message": "Found 12 prompt packs in packs",
    "created": 1765132233.6975372
  },
  {
    "level": "INFO",
    "name": "src.utils.file_io",
    "message": "Read 10 prompts from SDXL_angelic_warriors_Fantasy.txt",
    "created": 1765132233.698537
  },
  {
    "level": "INFO",
    "name": "src.utils.file_io",
    "message": "Read 10 prompts from SDXL_angelic_warriors_Realistic.txt",
    "created": 1765132233.698537
  },
  {
    "level": "INFO",
    "name": "src.utils.file_io",
    "message": "Read 10 prompts from SDXL_beautiful_women_Fantasy.txt",
    "created": 1765132233.6995375
  },
  {
    "level": "INFO",
    "name": "src.utils.file_io",
    "message": "Read 10 prompts from SDXL_beautiful_women_Realistic.txt",
    "created": 1765132233.6995375
  },
  {
    "level": "INFO",
    "name": "src.utils.file_io",
    "message": "Read 10 prompts from SDXL_epic_structures_Fantasy.txt",
    "created": 1765132233.6995375
  },
  {
    "level": "INFO",
    "name": "src.utils.file_io",
    "message": "Read 10 prompts from SDXL_epic_structures_Realistic.txt",
    "created": 1765132233.6995375
  },
  {
    "level": "INFO",
    "name": "src.utils.file_io",
    "message": "Read 10 prompts from SDXL_female_fantasy_heroes_Fantasy.txt",
    "created": 1765132233.7005377
  },
  {
    "level": "INFO",
    "name": "src.utils.file_io",
    "message": "Read 10 prompts from SDXL_female_fantasy_heroes_Realistic.txt",
    "created": 1765132233.7005377
  },
  {
    "level": "INFO",
    "name": "src.utils.file_io",
    "message": "Read 10 prompts from SDXL_male_fantasy_heroes_Fantasy.txt",
    "created": 1765132233.7005377
  },
  {
    "level": "INFO",
    "name": "src.utils.file_io",
    "message": "Read 10 prompts from SDXL_male_fantasy_heroes_Realistic.txt",
    "created": 1765132233.7005377
  },
  {
    "level": "INFO",
    "name": "src.utils.file_io",
    "message": "Read 10 prompts from SDXL_mythical_beasts_Fantasy.txt",
    "created": 1765132233.7015378
  },
  {
    "level": "INFO",
    "name": "src.utils.file_io",
    "message": "Read 10 prompts from SDXL_mythical_beasts_Realistic.txt",
    "created": 1765132233.7015378
  },
  {
    "level": "INFO",
    "name": "src.utils.file_io",
    "message": "Found 12 prompt packs in packs",
    "created": 1765132233.785539
  },
  {
    "level": "INFO",
    "name": "src.api.webui_process_manager",
    "message": "Starting WebUI process | {\"command\": [\"webui-user.bat\", \"--api\", \"--xformers\"], \"subsystem\": \"api\", \"working_dir\": \"C:\\\\Users\\\\rob\\\\stable-diffusion-webui\"}",
    "created": 1765132234.2936172,
    "payload": {
      "message": "Starting WebUI process",
      "subsystem": "api",
      "command": [
        "webui-user.bat",
        "--api",
        "--xformers"
      ],
      "working_dir": "<USER_HOME>\\stable-diffusion-webui"
    }
  },
  {
    "level": "INFO",
    "name": "src.api.webui_process_manager",
    "message": "[PROC] launch run_session=f72c1994 pid=25348 cmd=\"webui-user.bat --api --xformers\" cwd=\"<USER_HOME>\\stable-diffusion-webui\"",
    "created": 1765132234.2986166
  },
  {
    "level": "INFO",
    "name": "src.api.healthcheck",
    "message": "Probing WebUI readiness at models/options endpoints | {\"models_endpoint\": \"/sdapi/v1/sd-models\", \"options_endpoint\": \"/sdapi/v1/options\", \"subsystem\": \"api\"}",
    "created": 1765132234.2996173,
    "payload": {
      "message": "Probing WebUI readiness at models/options endpoints",
      "subsystem": "api",
      "models_endpoint": "/sdapi/v1/sd-models",
      "options_endpoint": "/sdapi/v1/options"
    }
  },
  {
    "level": "INFO",
    "name": "root",
    "message": "WebUI stdout: Using PYTHON=<USER_HOME>\\AppData\\Local\\Programs\\Python\\Python310\\python.exe",
    "created": 1765132234.310615
  },
  {
    "level": "INFO",
    "name": "src.api.healthcheck",
    "message": "WebUI API ready (models endpoint): http://127.0.0.1:7860/sdapi/v1/sd-models | {\"endpoint\": \"/sdapi/v1/sd-models\", \"subsystem\": \"api\"}",
    "created": 1765132234.3276167,
    "payload": {
      "message": "WebUI API ready (models endpoint): http://127.0.0.1:7860/sdapi/v1/sd-models",
      "subsystem": "api",
      "endpoint": "/sdapi/v1/sd-models"
    }
  },
  {
    "level": "INFO",
    "name": "root",
    "message": "WebUI bootstrap completed asynchronously",
    "created": 1765132234.3276167
  },
  {
    "level": "INFO",
    "name": "root",
    "message": "WebUI status update: state = WebUIConnectionState.DISCONNECTED",
    "created": 1765132234.3276167
  },
  {
    "level": "INFO",
    "name": "root",
    "message": "WebUI stdout: venv \"<USER_HOME>\\stable-diffusion-webui\\venv\\Scripts\\Python.exe\"",
    "created": 1765132234.574743
  },
  {
    "level": "INFO",
    "name": "root",
    "message": "WebUI stderr: <USER_HOME>\\stable-diffusion-webui\\venv\\lib\\site-packages\\timm\\models\\layers\\__init__.py:48: FutureWarning: Importing from timm.models.layers is deprecated, please import via timm.layers",
    "created": 1765132239.0684574
  },
  {
    "level": "INFO",
    "name": "root",
    "message": "WebUI stderr: warnings.warn(f\"Importing from {__name__} is deprecated, please import via timm.layers\", FutureWarning)",
    "created": 1765132239.0694578
  },
  {
    "level": "INFO",
    "name": "src.api.healthcheck",
    "message": "Probing WebUI readiness at models/options endpoints | {\"models_endpoint\": \"/sdapi/v1/sd-models\", \"options_endpoint\": \"/sdapi/v1/options\", \"subsystem\": \"api\"}",
    "created": 1765132240.342018,
    "payload": {
      "message": "Probing WebUI readiness at models/options endpoints",
      "subsystem": "api",
      "models_endpoint": "/sdapi/v1/sd-models",
      "options_endpoint": "/sdapi/v1/options"
    }
  },
  {
    "level": "INFO",
    "name": "src.api.healthcheck",
    "message": "WebUI API ready (models endpoint): http://127.0.0.1:7860/sdapi/v1/sd-models | {\"endpoint\": \"/sdapi/v1/sd-models\", \"subsystem\": \"api\"}",
    "created": 1765132240.360062,
    "payload": {
      "message": "WebUI API ready (models endpoint): http://127.0.0.1:7860/sdapi/v1/sd-models",
      "subsystem": "api",
      "endpoint": "/sdapi/v1/sd-models"
    }
  },
  {
    "level": "INFO",
    "name": "src.controller.webui_connection_controller",
    "message": "WebUI models/options are ready at http://127.0.0.1:7860",
    "created": 1765132240.360062
  },
  {
    "level": "INFO",
    "name": "src.api.client",
    "message": "Retrieved 22 models",
    "created": 1765132240.3670185
  },
  {
    "level": "INFO",
    "name": "src.api.client",
    "message": "Retrieved 10 VAE models",
    "created": 1765132240.391019
  },
  {
    "level": "INFO",
    "name": "src.api.client",
    "message": "Retrieved 20 samplers",
    "created": 1765132240.407096
  },
  {
    "level": "INFO",
    "name": "src.api.client",
    "message": "Retrieved 12 schedulers",
    "created": 1765132240.4230962
  },
  {
    "level": "INFO",
    "name": "src.api.client",
    "message": "Retrieved 14 upscalers",
    "created": 1765132240.4380956
  },
  {
    "level": "INFO",
    "name": "src.api.client",
    "message": "Retrieved 22 models",
    "created": 1765132240.443096
  },
  {
    "level": "INFO",
    "name": "src.api.client",
    "message": "Retrieved 10 VAE models",
    "created": 1765132240.4450946
  },
  {
    "level": "INFO",
    "name": "src.controller.app_controller",
    "message": "Resource update: 22 models, 10 vaes, 20 samplers, 12 schedulers, 14 upscalers",
    "created": 1765132240.448095
  },
  {
    "level": "INFO",
    "name": "src.api.client",
    "message": "Retrieved 22 models",
    "created": 1765132240.460097
  },
  {
    "level": "INFO",
    "name": "src.api.client",
    "message": "Retrieved 10 VAE models",
    "created": 1765132240.4630964
  },
  {
    "level": "INFO",
    "name": "root",
    "message": "WebUI stdout: Launching Web UI with arguments: --xformers --opt-sdp-attention --opt-channelslast --no-half-vae --api --skip-install --skip-prepare-environment",
    "created": 1765132240.4660954
  },
  {
    "level": "INFO",
    "name": "root",
    "message": "WebUI stdout: [-] ADetailer initialized. version: 25.3.0, num models: 10",
    "created": 1765132240.4670959
  },
  {
    "level": "INFO",
    "name": "root",
    "message": "WebUI stdout: Loading weights [c75622b71d] from <USER_HOME>\\stable-diffusion-webui\\models\\Stable-diffusion\\babesByStableYogiPony_xlV4.safetensors",
    "created": 1765132241.103535
  },
  {
    "level": "INFO",
    "name": "root",
    "message": "WebUI stderr: <USER_HOME>\\stable-diffusion-webui\\venv\\lib\\site-packages\\huggingface_hub\\file_download.py:942: FutureWarning: `resume_download` is deprecated and will be removed in version 1.0.0. Downloads always resume when possible. If you want to force a new download, use `force_download=True`.",
    "created": 1765132241.297355
  },
  {
    "level": "INFO",
    "name": "root",
    "message": "WebUI stderr: warnings.warn(",
    "created": 1765132241.2983546
  },
  {
    "level": "INFO",
    "name": "src.utils.file_io",
    "message": "Read 10 prompts from SDXL_beautiful_women_Fantasy.txt",
    "created": 1765132364.8659768
  },
  {
    "level": "INFO",
    "name": "src.controller.job_service",
    "message": "Submitting job 133978e1f787489dacf3df169f886cad with run_mode=queue | {\"job_id\": \"133978e1f787489dacf3df169f886cad\", \"run_mode\": \"queue\", \"subsystem\": \"job_service\"}",
    "created": 1765132369.273549,
    "payload": {
      "message": "Submitting job 133978e1f787489dacf3df169f886cad with run_mode=queue",
      "job_id": "133978e1f787489dacf3df169f886cad",
      "subsystem": "job_service",
      "run_mode": "queue"
    }
  },
  {
    "level": "INFO",
    "name": "src.controller.job_service",
    "message": "Queuing job 133978e1f787489dacf3df169f886cad for background execution | {\"job_id\": \"133978e1f787489dacf3df169f886cad\", \"subsystem\": \"job_service\"}",
    "created": 1765132369.273549,
    "payload": {
      "message": "Queuing job 133978e1f787489dacf3df169f886cad for background execution",
      "job_id": "133978e1f787489dacf3df169f886cad",
      "subsystem": "job_service"
    }
  },
  {
    "level": "INFO",
    "name": "src.pipeline.executor",
    "message": "\ud83d\udee1\ufe0f Applied global NSFW prevention (txt2img stage) - Enhanced: 'GLOBAL_BAD...'",
    "created": 1765132369.3175547
  },
  {
    "level": "INFO",
    "name": "src.pipeline.executor",
    "message": "Switching to model: juggernautXL_ragnarokBy",
    "created": 1765132369.3175547
  },
  {
    "level": "INFO",
    "name": "src.api.client",
    "message": "Set model to: juggernautXL_ragnarokBy",
    "created": 1765132392.6429777
  },
  {
    "level": "INFO",
    "name": "src.pipeline.executor",
    "message": "\ud83c\udfa8 Final txt2img negative prompt (with global + aesthetic): 'GLOBAL_BAD'",
    "created": 1765132392.6449797
  },
  {
    "level": "INFO",
    "name": "src.api.client",
    "message": "Applied WebUI upscale defaults: img_max_size_mp=16, ESRGAN_tile=1920, DAT_tile=1920",
    "created": 1765132392.6749775
  },
  {
    "level": "WARNING",
    "name": "src.api.client",
    "message": "HTTPError POST http://127.0.0.1:7860/sdapi/v1/txt2img status=500: 500 Server Error: Internal Server Error for url: http://127.0.0.1:7860/sdapi/v1/txt2img | {\"response_text\": \"Internal Server Error\", \"stage\": \"txt2img\", \"subsystem\": \"api\"}",
    "created": 1765132393.180374,
    "payload": {
      "message": "HTTPError POST http://127.0.0.1:7860/sdapi/v1/txt2img status=500: 500 Server Error: Internal Server Error for url: http://127.0.0.1:7860/sdapi/v1/txt2img",
      "stage": "txt2img",
      "subsystem": "api",
      "response_text": "Internal Server Error"
    }
  },
  {
    "level": "WARNING",
    "name": "src.api.client",
    "message": "Request POST http://127.0.0.1:7860/sdapi/v1/txt2img attempt 1/3 failed | {\"attempt\": 1, \"error\": \"500 Server Error: Internal Server Error for url: http://127.0.0.1:7860/sdapi/v1/txt2img\", \"max_attempts\": 3, \"stage\": \"txt2img\", \"subsystem\": \"api\"}",
    "created": 1765132393.1813736,
    "payload": {
      "message": "Request POST http://127.0.0.1:7860/sdapi/v1/txt2img attempt 1/3 failed",
      "stage": "txt2img",
      "subsystem": "api",
      "error": "500 Server Error: Internal Server Error for url: http://127.0.0.1:7860/sdapi/v1/txt2img",
      "attempt": 1,
      "max_attempts": 3
    }
  },
  {
    "level": "WARNING",
    "name": "src.api.client",
    "message": "HTTPError POST http://127.0.0.1:7860/sdapi/v1/txt2img status=500: 500 Server Error: Internal Server Error for url: http://127.0.0.1:7860/sdapi/v1/txt2img | {\"response_text\": \"Internal Server Error\", \"stage\": \"txt2img\", \"subsystem\": \"api\"}",
    "created": 1765132394.5568285,
    "payload": {
      "message": "HTTPError POST http://127.0.0.1:7860/sdapi/v1/txt2img status=500: 500 Server Error: Internal Server Error for url: http://127.0.0.1:7860/sdapi/v1/txt2img",
      "stage": "txt2img",
      "subsystem": "api",
      "response_text": "Internal Server Error"
    }
  },
  {
    "level": "WARNING",
    "name": "src.api.client",
    "message": "Request POST http://127.0.0.1:7860/sdapi/v1/txt2img attempt 2/3 failed | {\"attempt\": 2, \"error\": \"500 Server Error: Internal Server Error for url: http://127.0.0.1:7860/sdapi/v1/txt2img\", \"max_attempts\": 3, \"stage\": \"txt2img\", \"subsystem\": \"api\"}",
    "created": 1765132394.5568285,
    "payload": {
      "message": "Request POST http://127.0.0.1:7860/sdapi/v1/txt2img attempt 2/3 failed",
      "stage": "txt2img",
      "subsystem": "api",
      "error": "500 Server Error: Internal Server Error for url: http://127.0.0.1:7860/sdapi/v1/txt2img",
      "attempt": 2,
      "max_attempts": 3
    }
  },
  {
    "level": "WARNING",
    "name": "src.api.client",
    "message": "HTTPError POST http://127.0.0.1:7860/sdapi/v1/txt2img status=500: 500 Server Error: Internal Server Error for url: http://127.0.0.1:7860/sdapi/v1/txt2img | {\"response_text\": \"Internal Server Error\", \"stage\": \"txt2img\", \"subsystem\": \"api\"}",
    "created": 1765132396.659954,
    "payload": {
      "message": "HTTPError POST http://127.0.0.1:7860/sdapi/v1/txt2img status=500: 500 Server Error: Internal Server Error for url: http://127.0.0.1:7860/sdapi/v1/txt2img",
      "stage": "txt2img",
      "subsystem": "api",
      "response_text": "Internal Server Error"
    }
  },
  {
    "level": "WARNING",
    "name": "src.api.client",
    "message": "Request POST http://127.0.0.1:7860/sdapi/v1/txt2img attempt 3/3 failed | {\"attempt\": 3, \"error\": \"500 Server Error: Internal Server Error for url: http://127.0.0.1:7860/sdapi/v1/txt2img\", \"max_attempts\": 3, \"stage\": \"txt2img\", \"subsystem\": \"api\"}",
    "created": 1765132396.660944,
    "payload": {
      "message": "Request POST http://127.0.0.1:7860/sdapi/v1/txt2img attempt 3/3 failed",
      "stage": "txt2img",
      "subsystem": "api",
      "error": "500 Server Error: Internal Server Error for url: http://127.0.0.1:7860/sdapi/v1/txt2img",
      "attempt": 3,
      "max_attempts": 3
    }
  },
  {
    "level": "ERROR",
    "name": "src.api.client",
    "message": "Request POST http://127.0.0.1:7860/sdapi/v1/txt2img failed after 3 attempts | {\"attempts\": 3, \"error\": \"500 Server Error: Internal Server Error for url: http://127.0.0.1:7860/sdapi/v1/txt2img\", \"stage\": \"txt2img\", \"subsystem\": \"api\"}",
    "created": 1765132396.660944,
    "payload": {
      "message": "Request POST http://127.0.0.1:7860/sdapi/v1/txt2img failed after 3 attempts",
      "stage": "txt2img",
      "subsystem": "api",
      "error": "500 Server Error: Internal Server Error for url: http://127.0.0.1:7860/sdapi/v1/txt2img",
      "attempts": 3
    }
  },
  {
    "level": "ERROR",
    "name": "src.pipeline.executor",
    "message": "generate_images failed for txt2img (GenerateErrorCode.UNKNOWN): WebUI returned no data",
    "created": 1765132396.660944
  },
  {
    "level": "ERROR",
    "name": "src.pipeline.executor",
    "message": "txt2img stage failed: 'str' object has no attribute 'stage'",
    "created": 1765132396.660944
  },
  {
    "level": "ERROR",
    "name": "src.pipeline.pipeline_runner",
    "message": "Pipeline runner failed during img2img: img2img requires input image from previous stage | {\"error_envelope\": {\"context\": {}, \"error_type\": \"ValueError\", \"job_id\": null, \"message\": \"img2img requires input image from previous stage\", \"remediation\": \"Please consult the logs and retry.\", \"retry_info\": null, \"severity\": \"ERROR\", \"stack\": \"Traceback (most recent call last):\\n  File \\\"C:\\\\Users\\\\rob\\\\projects\\\\StableNew\\\\src\\\\pipeline\\\\pipeline_runner.py\\\", line 212, in run\\n    last_image_meta = self._call_stage(\\n  File \\\"C:\\\\Users\\\\rob\\\\projects\\\\StableNew\\\\src\\\\pipeline\\\\pipeline_runner.py\\\", line 362, in _call_stage\\n    raise ValueError(\\\"img2img requires input image from previous stage\\\")\\nValueError: img2img requires input image from previous stage\\n\", \"stage\": \"img2img\", \"subsystem\": \"pipeline\", \"timestamp\": 1765132396.661945}, \"subsystem\": \"pipeline\"}",
    "created": 1765132396.661945,
    "payload": {
      "message": "Pipeline runner failed during img2img: img2img requires input image from previous stage",
      "subsystem": "pipeline",
      "error_envelope": {
        "error_type": "ValueError",
        "subsystem": "pipeline",
        "severity": "ERROR",
        "message": "img2img requires input image from previous stage",
        "stack": "Traceback (most recent call last):\n  File \"<USER_HOME>\\projects\\StableNew\\src\\pipeline\\pipeline_runner.py\", line 212, in run\n    last_image_meta = self._call_stage(\n  File \"<USER_HOME>\\projects\\StableNew\\src\\pipeline\\pipeline_runner.py\", line 362, in _call_stage\n    raise ValueError(\"img2img requires input image from previous stage\")\nValueError: img2img requires input image from previous stage\n",
        "job_id": null,
        "stage": "img2img",
        "timestamp": 1765132396.661945,
        "remediation": "Please consult the logs and retry.",
        "context": {},
        "retry_info": null
      }
    }
  }
]