{
  "reason": "uncaught_exception",
  "timestamp": "20251222_215626",
  "system": {
    "timestamp": "2025-12-22T21:56:26.953939Z",
    "hostname": "Rob-Gaming-Desk",
    "platform": {
      "system": "Windows",
      "release": "10",
      "version": "10.0.26100",
      "machine": "AMD64",
      "processor": "Intel64 Family 6 Model 183 Stepping 1, GenuineIntel"
    },
    "python": {
      "implementation": "CPython",
      "version": "3.10.6",
      "executable": "<USER_HOME>\\AppData\\Local\\Programs\\Python\\Python310\\python.exe"
    },
    "user": "rob",
    "cwd": "<USER_HOME>\\projects\\StableNew",
    "repo_root": "<USER_HOME>\\projects\\StableNew",
    "memory": {
      "total_mb": 32527.05859375,
      "available_mb": 11407.06640625,
      "used_mb": 21119.9921875,
      "percent": 64.9
    },
    "cpu": {
      "percent": 11.8,
      "count_logical": 32,
      "count_physical": 24
    },
    "disk": {
      "total_mb": 1952658.99609375,
      "used_mb": 423238.65234375,
      "free_mb": 1529420.34375
    }
  },
  "context": {
    "exception": "Pipeline.__init__() got an unexpected keyword argument 'api_client'",
    "traceback": "Traceback (most recent call last):\n  File \"<USER_HOME>\\projects\\StableNew\\test_global_prompt_integration.py\", line 129, in <module>\n    test_global_prompt_integration()\n  File \"<USER_HOME>\\projects\\StableNew\\test_global_prompt_integration.py\", line 57, in test_global_prompt_integration\n    executor = Pipeline(api_client=mock_api)\nTypeError: Pipeline.__init__() got an unexpected keyword argument 'api_client'\n"
  },
  "job_snapshot": {
    "jobs": [],
    "cached_metadata": {},
    "containers": {},
    "active_watchdogs": [],
    "watchdog_events": [],
    "cleanup_history": [],
    "process_container_config": {
      "enabled": true,
      "memory_limit_mb": null,
      "cpu_limit_percent": null,
      "max_processes": null
    }
  }
}