{
  "classified_files": {
    "src/app_factory.py": "shared_core",
    "src/cli.py": "shared_core",
    "src/main.py": "shared_core",
    "src/__init__.py": "shared_core",
    "src/ai/settings_generator_adapter.py": "shared_core",
    "src/ai/settings_generator_contract.py": "shared_core",
    "src/ai/settings_generator_driver.py": "shared_core",
    "src/api/client.py": "shared_core",
    "src/api/healthcheck.py": "shared_core",
    "src/api/webui_api.py": "shared_core",
    "src/api/webui_process_manager.py": "shared_core",
    "src/api/webui_resources.py": "shared_core",
    "src/api/__init__.py": "shared_core",
    "src/cluster/worker_model.py": "shared_core",
    "src/cluster/worker_registry.py": "shared_core",
    "src/cluster/__init__.py": "shared_core",
    "src/config/app_config.py": "shared_core",
    "src/controller/app_controller.py": "shared_core",
    "src/controller/cluster_controller.py": "shared_core",
    "src/controller/job_execution_controller.py": "shared_core",
    "src/controller/job_history_service.py": "shared_core",
    "src/controller/learning_execution_controller.py": "shared_core",
    "src/controller/pipeline_config_assembler.py": "shared_core",
    "src/controller/pipeline_controller.py": "shared_core",
    "src/controller/queue_execution_controller.py": "shared_core",
    "src/controller/settings_suggestion_controller.py": "shared_core",
    "src/controller/webui_connection_controller.py": "shared_core",
    "src/controller/__init__.py": "shared_core",
    "src/gui/adetailer_config_panel.py": "shared_core",
    "src/gui/advanced_prompt_editor.py": "shared_core",
    "src/gui/api_status_panel.py": "shared_core",
    "src/gui/app_layout_v2.py": "v1_legacy",
    "src/gui/app_state_v2.py": "v2_canonical",
    "src/gui/center_panel.py": "shared_core",
    "src/gui/config_panel.py": "shared_core",
    "src/gui/controller.py": "shared_core",
    "src/gui/core_config_panel_v2.py": "v2_canonical",
    "src/gui/engine_settings_dialog.py": "shared_core",
    "src/gui/enhanced_slider.py": "shared_core",
    "src/gui/gui_invoker.py": "shared_core",
    "src/gui/img2img_stage_card.py": "shared_core",
    "src/gui/job_history_panel_v2.py": "v2_canonical",
    "src/gui/layout_v2.py": "v2_canonical",
    "src/gui/learning_review_dialog_v2.py": "v2_canonical",
    "src/gui/learning_state.py": "shared_core",
    "src/gui/log_panel.py": "shared_core",
    "src/gui/main_window.py": "v1_legacy",
    "src/gui/main_window_v2.py": "v2_canonical",
    "src/gui/model_list_adapter_v2.py": "v2_canonical",
    "src/gui/model_manager_panel_v2.py": "v2_canonical",
    "src/gui/negative_prompt_panel_v2.py": "v2_canonical",
    "src/gui/output_settings_panel_v2.py": "v2_canonical",
    "src/gui/pipeline_command_bar_v2.py": "v2_canonical",
    "src/gui/pipeline_controls_panel.py": "shared_core",
    "src/gui/pipeline_panel_v2.py": "v2_canonical",
    "src/gui/preview_panel_v2.py": "v2_canonical",
    "src/gui/prompt_pack_adapter_v2.py": "v2_canonical",
    "src/gui/prompt_pack_list_manager.py": "shared_core",
    "src/gui/prompt_pack_panel.py": "v1_legacy",
    "src/gui/prompt_pack_panel_v2.py": "v2_canonical",
    "src/gui/prompt_workspace_state.py": "shared_core",
    "src/gui/randomizer_panel_v2.py": "v2_canonical",
    "src/gui/resolution_panel_v2.py": "v2_canonical",
    "src/gui/scrolling.py": "shared_core",
    "src/gui/sidebar_panel_v2.py": "v2_canonical",
    "src/gui/stage_chooser.py": "shared_core",
    "src/gui/state.py": "shared_core",
    "src/gui/status_bar_v2.py": "v2_canonical",
    "src/gui/theme.py": "v1_legacy",
    "src/gui/theme_v2.py": "v2_canonical",
    "src/gui/tooltip.py": "shared_core",
    "src/gui/txt2img_stage_card.py": "shared_core",
    "src/gui/upscale_stage_card.py": "shared_core",
    "src/gui/__init__.py": "shared_core",
    "src/gui/controllers/learning_controller.py": "shared_core",
    "src/gui/models/prompt_metadata.py": "shared_core",
    "src/gui/models/prompt_pack_model.py": "shared_core",
    "src/gui/panels_v2/layout_manager_v2.py": "v2_canonical",
    "src/gui/panels_v2/pipeline_panel_v2.py": "v2_canonical",
    "src/gui/panels_v2/preview_panel_v2.py": "v2_canonical",
    "src/gui/panels_v2/randomizer_panel_v2.py": "v2_canonical",
    "src/gui/panels_v2/sidebar_panel_v2.py": "v2_canonical",
    "src/gui/panels_v2/status_bar_v2.py": "v2_canonical",
    "src/gui/panels_v2/__init__.py": "shared_core",
    "src/gui/stage_cards_v2/advanced_img2img_stage_card_v2.py": "v2_canonical",
    "src/gui/stage_cards_v2/advanced_txt2img_stage_card_v2.py": "v2_canonical",
    "src/gui/stage_cards_v2/advanced_upscale_stage_card_v2.py": "v2_canonical",
    "src/gui/stage_cards_v2/base_stage_card_v2.py": "v2_canonical",
    "src/gui/stage_cards_v2/components.py": "shared_core",
    "src/gui/stage_cards_v2/validation_result.py": "shared_core",
    "src/gui/utils/lora_embedding_parser.py": "shared_core",
    "src/gui/views/experiment_design_panel.py": "shared_core",
    "src/gui/views/learning_plan_table.py": "shared_core",
    "src/gui/views/learning_review_panel.py": "shared_core",
    "src/gui/views/learning_tab_frame.py": "shared_core",
    "src/gui/views/pipeline_config_panel.py": "shared_core",
    "src/gui/views/pipeline_tab_frame.py": "shared_core",
    "src/gui/views/prompt_tab_frame.py": "shared_core",
    "src/gui/views/run_control_bar.py": "shared_core",
    "src/gui/views/stage_cards_panel.py": "shared_core",
    "src/gui/views/__init__.py": "shared_core",
    "src/gui/widgets/matrix_helper_widget.py": "shared_core",
    "src/gui/widgets/scrollable_frame_v2.py": "v2_canonical",
    "src/gui_v2/randomizer_adapter.py": "shared_core",
    "src/gui_v2/adapters/learning_adapter_v2.py": "v2_canonical",
    "src/gui_v2/adapters/pipeline_adapter_v2.py": "v2_canonical",
    "src/gui_v2/adapters/randomizer_adapter_v2.py": "v2_canonical",
    "src/gui_v2/adapters/status_adapter_v2.py": "v2_canonical",
    "src/gui_v2/adapters/__init__.py": "shared_core",
    "src/gui_v2/validation/pipeline_txt2img_validator.py": "shared_core",
    "src/gui_v2/validation/__init__.py": "shared_core",
    "src/learning/dataset_builder.py": "shared_core",
    "src/learning/feedback_manager.py": "shared_core",
    "src/learning/learning_adapter.py": "shared_core",
    "src/learning/learning_contract.py": "shared_core",
    "src/learning/learning_execution.py": "shared_core",
    "src/learning/learning_feedback.py": "shared_core",
    "src/learning/learning_plan.py": "shared_core",
    "src/learning/learning_profile_sidecar.py": "shared_core",
    "src/learning/learning_record.py": "shared_core",
    "src/learning/learning_record_builder.py": "shared_core",
    "src/learning/learning_runner.py": "shared_core",
    "src/learning/model_profiles.py": "shared_core",
    "src/learning/recommendation_engine.py": "shared_core",
    "src/learning/run_metadata.py": "shared_core",
    "src/pipeline/executor.py": "shared_core",
    "src/pipeline/last_run_store_v2_5.py": "v2_canonical",
    "src/pipeline/pipeline_runner.py": "shared_core",
    "src/pipeline/randomizer_v2.py": "v2_canonical",
    "src/pipeline/run_plan.py": "shared_core",
    "src/pipeline/stage_sequencer.py": "shared_core",
    "src/pipeline/variant_planner.py": "shared_core",
    "src/pipeline/video.py": "shared_core",
    "src/pipeline/__init__.py": "shared_core",
    "src/queue/job_history_store.py": "shared_core",
    "src/queue/job_model.py": "shared_core",
    "src/queue/job_queue.py": "shared_core",
    "src/queue/single_node_runner.py": "shared_core",
    "src/queue/__init__.py": "shared_core",
    "src/services/config_service.py": "shared_core",
    "src/utils/aesthetic.py": "shared_core",
    "src/utils/aesthetic_detection.py": "shared_core",
    "src/utils/config.py": "shared_core",
    "src/utils/file_access_log_v2_5_2025_11_26.py": "v2_canonical",
    "src/utils/file_io.py": "shared_core",
    "src/utils/logger.py": "shared_core",
    "src/utils/preferences.py": "shared_core",
    "src/utils/prompt_pack.py": "shared_core",
    "src/utils/prompt_packs.py": "shared_core",
    "src/utils/randomizer.py": "shared_core",
    "src/utils/state.py": "shared_core",
    "src/utils/webui_discovery.py": "shared_core",
    "src/utils/webui_launcher.py": "shared_core",
    "src/utils/_extract_name_prefix.py": "shared_core",
    "src/utils/__init__.py": "shared_core",
    "tests/conftest.py": "neutral_test",
    "tests/test_api_client.py": "neutral_test",
    "tests/test_cancel_token.py": "neutral_test",
    "tests/test_config_passthrough.py": "neutral_test",
    "tests/test_main_single_instance.py": "neutral_test",
    "tests/__init__.py": "neutral_test",
    "tests/ai_v2/test_local_stub_settings_generator_behavior.py": "neutral_test",
    "tests/ai_v2/test_settings_generator_adapter_from_learning.py": "neutral_test",
    "tests/ai_v2/test_settings_generator_contract_roundtrip.py": "neutral_test",
    "tests/ai_v2/test_settings_suggestion_controller_apply.py": "neutral_test",
    "tests/api/test_webui_healthcheck.py": "neutral_test",
    "tests/api/test_webui_process_manager.py": "neutral_test",
    "tests/api/test_webui_resources.py": "neutral_test",
    "tests/app/test_bootstrap_webui_autostart.py": "neutral_test",
    "tests/cluster/test_worker_model_and_registry.py": "neutral_test",
    "tests/controller/test_app_controller_config.py": "neutral_test",
    "tests/controller/test_app_controller_packs.py": "neutral_test",
    "tests/controller/test_app_controller_pipeline_flow_pr0.py": "neutral_test",
    "tests/controller/test_app_controller_pipeline_integration.py": "neutral_test",
    "tests/controller/test_cluster_controller.py": "neutral_test",
    "tests/controller/test_controller_job_lifecycle.py": "neutral_test",
    "tests/controller/test_controller_learning_toggle.py": "neutral_test",
    "tests/controller/test_controller_queue_execution.py": "neutral_test",
    "tests/controller/test_job_history_service.py": "neutral_test",
    "tests/controller/test_learning_execution_controller_gui_contract.py": "neutral_test",
    "tests/controller/test_pipeline_config_assembler.py": "neutral_test",
    "tests/controller/test_pipeline_config_assembler_core_fields.py": "neutral_test",
    "tests/controller/test_pipeline_config_assembler_model_fields.py": "neutral_test",
    "tests/controller/test_pipeline_config_assembler_negative_prompt.py": "neutral_test",
    "tests/controller/test_pipeline_config_assembler_output_settings.py": "neutral_test",
    "tests/controller/test_pipeline_config_assembler_resolution.py": "neutral_test",
    "tests/controller/test_pipeline_controller_config_path.py": "neutral_test",
    "tests/controller/test_pipeline_controller_queue_mode.py": "neutral_test",
    "tests/controller/test_pipeline_controller_webui_gating.py": "neutral_test",
    "tests/controller/test_profile_integration.py": "neutral_test",
    "tests/controller/test_queue_execution_controller.py": "neutral_test",
    "tests/controller/test_stage_sequencer_controller_integration.py": "neutral_test",
    "tests/controller/test_webui_connection_controller.py": "neutral_test",
    "tests/gui_v2/conftest.py": "v2_canonical_test",
    "tests/gui_v2/test_advanced_prompt_editor_v2.py": "v2_canonical_test",
    "tests/gui_v2/test_api_status_panel_webui_states_v2.py": "v2_canonical_test",
    "tests/gui_v2/test_command_bar_v2.py": "v2_canonical_test",
    "tests/gui_v2/test_core_config_panel_v2.py": "v2_canonical_test",
    "tests/gui_v2/test_entrypoint_uses_v2_gui.py": "v2_canonical_test",
    "tests/gui_v2/test_gui_v2_advanced_stage_cards_layout.py": "v2_canonical_test",
    "tests/gui_v2/test_gui_v2_advanced_stage_cards_roundtrip.py": "v2_canonical_test",
    "tests/gui_v2/test_gui_v2_advanced_stage_cards_validation.py": "v2_canonical_test",
    "tests/gui_v2/test_gui_v2_ai_settings_button_guarded.py": "v2_canonical_test",
    "tests/gui_v2/test_gui_v2_layout_skeleton.py": "v2_canonical_test",
    "tests/gui_v2/test_gui_v2_mainwindow_split_structure.py": "v2_canonical_test",
    "tests/gui_v2/test_gui_v2_panel_wiring.py": "v2_canonical_test",
    "tests/gui_v2/test_gui_v2_pipeline_adapter.py": "v2_canonical_test",
    "tests/gui_v2/test_gui_v2_pipeline_button_wiring.py": "v2_canonical_test",
    "tests/gui_v2/test_gui_v2_pipeline_config_roundtrip.py": "v2_canonical_test",
    "tests/gui_v2/test_gui_v2_pipeline_txt2img_validation.py": "v2_canonical_test",
    "tests/gui_v2/test_gui_v2_randomizer_adapter_integration.py": "v2_canonical_test",
    "tests/gui_v2/test_gui_v2_randomizer_integration.py": "v2_canonical_test",
    "tests/gui_v2/test_gui_v2_randomizer_matrix_ui.py": "v2_canonical_test",
    "tests/gui_v2/test_gui_v2_randomizer_matrix_ux.py": "v2_canonical_test",
    "tests/gui_v2/test_gui_v2_randomizer_preview_list.py": "v2_canonical_test",
    "tests/gui_v2/test_gui_v2_randomizer_variant_count_banner.py": "v2_canonical_test",
    "tests/gui_v2/test_gui_v2_randomizer_variant_count_preview.py": "v2_canonical_test",
    "tests/gui_v2/test_gui_v2_stage_cards_layout.py": "v2_canonical_test",
    "tests/gui_v2/test_gui_v2_stage_cards_roundtrip.py": "v2_canonical_test",
    "tests/gui_v2/test_gui_v2_startup.py": "v2_canonical_test",
    "tests/gui_v2/test_gui_v2_status_adapter_progress_eta.py": "v2_canonical_test",
    "tests/gui_v2/test_gui_v2_status_bar_progress_eta.py": "v2_canonical_test",
    "tests/gui_v2/test_job_history_panel_v2.py": "v2_canonical_test",
    "tests/gui_v2/test_learning_review_dialog.py": "v2_canonical_test",
    "tests/gui_v2/test_learning_toggle.py": "v2_canonical_test",
    "tests/gui_v2/test_learning_toggle_and_dialog.py": "v2_canonical_test",
    "tests/gui_v2/test_main_window_tabs_v2.py": "v2_canonical_test",
    "tests/gui_v2/test_model_manager_panel_v2.py": "v2_canonical_test",
    "tests/gui_v2/test_negative_prompt_panel_v2.py": "v2_canonical_test",
    "tests/gui_v2/test_output_settings_panel_v2.py": "v2_canonical_test",
    "tests/gui_v2/test_pipeline_prompt_integration_v2.py": "v2_canonical_test",
    "tests/gui_v2/test_pipeline_stage_cards_v2.py": "v2_canonical_test",
    "tests/gui_v2/test_pipeline_tab_layout_v2.py": "v2_canonical_test",
    "tests/gui_v2/test_pipeline_tab_stage_cards.py": "v2_canonical_test",
    "tests/gui_v2/test_preview_panel_v2.py": "v2_canonical_test",
    "tests/gui_v2/test_prompt_pack_panel_v2.py": "v2_canonical_test",
    "tests/gui_v2/test_prompt_pack_to_prompt_roundtrip_v2.py": "v2_canonical_test",
    "tests/gui_v2/test_resolution_panel_v2.py": "v2_canonical_test",
    "tests/gui_v2/test_run_button_queue_mode_toggle.py": "v2_canonical_test",
    "tests/gui_v2/test_run_button_queue_smoke.py": "v2_canonical_test",
    "tests/gui_v2/test_scrollable_pipeline_panel_v2.py": "v2_canonical_test",
    "tests/gui_v2/test_stagecard_base_v2.py": "v2_canonical_test",
    "tests/gui_v2/test_status_bar_v2_composite.py": "v2_canonical_test",
    "tests/gui_v2/test_theme_v2.py": "v2_canonical_test",
    "tests/integration/__init__.py": "neutral_test",
    "tests/journeys/test_jt01_prompt_pack_authoring.py": "neutral_test",
    "tests/journeys/test_jt02_lora_embedding_integration.py": "neutral_test",
    "tests/journeys/test_jt03_txt2img_pipeline_run.py": "neutral_test",
    "tests/journeys/test_jt04_img2img_adetailer_run.py": "neutral_test",
    "tests/journeys/test_jt05_upscale_stage_run.py": "neutral_test",
    "tests/journeys/test_v2_full_pipeline_journey.py": "neutral_test",
    "tests/journeys/fakes/fake_pipeline_runner.py": "neutral_test",
    "tests/learning/test_learning_adapter_stub.py": "neutral_test",
    "tests/learning/test_learning_adapter_v2.py": "neutral_test",
    "tests/learning/test_learning_feedback_packaging.py": "neutral_test",
    "tests/learning/test_learning_hooks_controller.py": "neutral_test",
    "tests/learning/test_learning_hooks_pipeline_runner.py": "neutral_test",
    "tests/learning/test_learning_plan_factory.py": "neutral_test",
    "tests/learning/test_learning_record_builder.py": "neutral_test",
    "tests/learning/test_learning_record_serialization.py": "neutral_test",
    "tests/learning/test_learning_record_writer_integration.py": "neutral_test",
    "tests/learning/test_learning_runner_stubs.py": "neutral_test",
    "tests/learning/test_model_profiles.py": "neutral_test",
    "tests/learning_v2/smoke_test_learning_workflow.py": "v2_canonical_test",
    "tests/learning_v2/test_dataset_builder.py": "v2_canonical_test",
    "tests/learning_v2/test_learning_contract.py": "v2_canonical_test",
    "tests/learning_v2/test_learning_execution_controller_integration.py": "v2_canonical_test",
    "tests/learning_v2/test_learning_execution_runner_happy_path.py": "v2_canonical_test",
    "tests/learning_v2/test_recommendation_engine.py": "v2_canonical_test",
    "tests/learning_v2/test_run_metadata_and_feedback.py": "v2_canonical_test",
    "tests/legacy/test_advanced_features.py": "v1_legacy_test",
    "tests/legacy/test_advanced_prompt_editor_regressions.py": "v1_legacy_test",
    "tests/legacy/test_aesthetic_detection.py": "v1_legacy_test",
    "tests/legacy/test_aesthetic_integration.py": "v1_legacy_test",
    "tests/legacy/test_api.py": "v1_legacy_test",
    "tests/legacy/test_api_client_backoff.py": "v1_legacy_test",
    "tests/legacy/test_api_status_panel.py": "v1_legacy_test",
    "tests/legacy/test_archive_unused.py": "v1_legacy_test",
    "tests/legacy/test_complete_workflow.py": "v1_legacy_test",
    "tests/legacy/test_config.py": "v1_legacy_test",
    "tests/legacy/test_config_manager_defaults.py": "v1_legacy_test",
    "tests/legacy/test_config_panel.py": "v1_legacy_test",
    "tests/legacy/test_controller.py": "v1_legacy_test",
    "tests/legacy/test_default_preset.py": "v1_legacy_test",
    "tests/legacy/test_file_io.py": "v1_legacy_test",
    "tests/legacy/test_global_negative_stage_flags.py": "v1_legacy_test",
    "tests/legacy/test_gui_enhancements.py": "v1_legacy_test",
    "tests/legacy/test_gui_system.py": "v1_legacy_test",
    "tests/legacy/test_gui_visibility.py": "v1_legacy_test",
    "tests/legacy/test_logger.py": "v1_legacy_test",
    "tests/legacy/test_log_panel.py": "v1_legacy_test",
    "tests/legacy/test_matrix_base_prompt_fix.py": "v1_legacy_test",
    "tests/legacy/test_matrix_prompt_mode_examples.py": "v1_legacy_test",
    "tests/legacy/test_new_features.py": "v1_legacy_test",
    "tests/legacy/test_pack_config.py": "v1_legacy_test",
    "tests/legacy/test_pipeline_controls_panel.py": "v1_legacy_test",
    "tests/legacy/test_pipeline_journey.py": "v1_legacy_test",
    "tests/legacy/test_pipeline_throughput.py": "v1_legacy_test",
    "tests/legacy/test_preferences_manager.py": "v1_legacy_test",
    "tests/legacy/test_prompt_editor.py": "v1_legacy_test",
    "tests/legacy/test_prompt_pack_list_manager.py": "v1_legacy_test",
    "tests/legacy/test_prompt_pack_panel.py": "v1_legacy_test",
    "tests/legacy/test_randomization_pipeline.py": "v1_legacy_test",
    "tests/legacy/test_refiner_compare_mode.py": "v1_legacy_test",
    "tests/legacy/test_refiner_support.py": "v1_legacy_test",
    "tests/legacy/test_refiner_switch_math.py": "v1_legacy_test",
    "tests/legacy/test_stage_chooser.py": "v1_legacy_test",
    "tests/legacy/test_state.py": "v1_legacy_test",
    "tests/legacy/test_structured_logger.py": "v1_legacy_test",
    "tests/legacy/test_txt2img_stage.py": "v1_legacy_test",
    "tests/legacy/test_upscale_stage.py": "v1_legacy_test",
    "tests/legacy/test_variant_planner.py": "v1_legacy_test",
    "tests/legacy/test_video.py": "v1_legacy_test",
    "tests/pipeline/test_executor_cancellation.py": "neutral_test",
    "tests/pipeline/test_last_run_store_v2_5.py": "neutral_test",
    "tests/pipeline/test_pipeline_io_contracts.py": "neutral_test",
    "tests/pipeline/test_pipeline_learning_hooks.py": "neutral_test",
    "tests/pipeline/test_pipeline_runner_cancel_token.py": "neutral_test",
    "tests/pipeline/test_pipeline_runner_variants.py": "neutral_test",
    "tests/pipeline/test_stage_sequencer_plan_builder.py": "neutral_test",
    "tests/pipeline/test_stage_sequencer_runner_integration.py": "neutral_test",
    "tests/pipeline/test_upscale_hang_diag.py": "neutral_test",
    "tests/pipeline/__init__.py": "neutral_test",
    "tests/queue/test_jobrunner_integration.py": "neutral_test",
    "tests/queue/test_job_history_store.py": "neutral_test",
    "tests/queue/test_job_model.py": "neutral_test",
    "tests/queue/test_job_queue_basic.py": "neutral_test",
    "tests/queue/test_single_node_runner_loopback.py": "neutral_test",
    "tests/safety/test_advanced_stage_cards_import_safety.py": "neutral_test",
    "tests/safety/test_ai_settings_generator_no_tk_imports.py": "neutral_test",
    "tests/safety/test_gui_v2_adapters_no_tk_imports.py": "neutral_test",
    "tests/safety/test_gui_v2_randomizer_ux_no_tk_imports.py": "neutral_test",
    "tests/safety/test_learning_execution_no_tk_imports.py": "neutral_test",
    "tests/safety/test_no_gui_imports_in_utils_safety.py": "neutral_test",
    "tests/safety/test_randomizer_import_isolation_safety.py": "neutral_test",
    "tests/state/test_prompt_workspace_state.py": "neutral_test",
    "tests/utils/test_lora_embedding_parser.py": "neutral_test",
    "tests/utils/test_no_gui_imports_in_utils.py": "neutral_test",
    "tests/utils/test_prompt_packs.py": "neutral_test",
    "tests/utils/test_prompt_randomizer.py": "neutral_test",
    "tests/utils/test_randomizer_import_isolation.py": "neutral_test",
    "tests/utils/test_randomizer_matrix_base_prompt.py": "neutral_test",
    "tests/utils/test_randomizer_matrix_prompt_modes.py": "neutral_test",
    "tests/utils/test_randomizer_parity.py": "neutral_test",
    "tests/utils/test_randomizer_sanitization.py": "neutral_test",
    ".pre-commit-config.yaml": "other",
    "AGENTS.md": "other",
    "CHANGELOG.md": "other",
    "custom_pack_lists.json": "other",
    "package-lock.json": "other",
    "README.md": "other",
    "repo_inventory.json": "other",
    "StableNew_Roadmap_v2.1.md": "other",
    ".github/co-pilot documentation and best practices.md": "other",
    ".github/CODEX_SOP.md": "other",
    ".github/copilot-instructions.md": "other",
    ".github/PULL_REQUEST_TEMPLATE.md": "other",
    ".github/agents/AGENTS.md": "other",
    ".github/agents/CODEX_5_1_MAX_instructions.md": "other",
    ".github/agents/controller_lead_engineer.md": "other",
    ".github/agents/docs.md": "other",
    ".github/agents/docs_changelog_specialist.md": "other",
    ".github/agents/gui.md": "other",
    ".github/agents/gui_revamp_archiver_agent.md": "other",
    ".github/agents/gui_ux_specialist.md": "other",
    ".github/agents/implementer.md": "other",
    ".github/agents/implementer_feature_bugfix.md": "other",
    ".github/agents/refactor.md": "other",
    ".github/agents/refactor_python_best_practices.md": "other",
    ".github/agents/tester.md": "other",
    ".github/agents/tester_tdd_ci.md": "other",
    ".github/agents/ui_polish_agent_20251105.md": "other",
    ".github/instructions/archive.instructions.md": "other",
    ".github/instructions/controller.instructions.md": "other",
    ".github/instructions/gui.instructions.md": "other",
    ".github/instructions/learning.instructions.md": "other",
    ".github/instructions/pipeline.instructions.md": "other",
    ".github/instructions/tests.instructions.md": "other",
    ".github/instructions/tools.instructions.md": "other",
    ".github/instructions/utils.instructions.md": "other",
    ".github/ISSUE_TEMPLATE/01_s1_a_prompt_pack_panel.md": "other",
    ".github/ISSUE_TEMPLATE/02_s1_b_pipeline_controls_panel.md": "other",
    ".github/ISSUE_TEMPLATE/03_s1_c_config_panel_basic.md": "other",
    ".github/ISSUE_TEMPLATE/04_s1_d_api_status_and_log_panels.md": "other",
    ".github/ISSUE_TEMPLATE/05_s1_e_coordinator_stop_wiring.md": "other",
    ".github/ISSUE_TEMPLATE/06_s2_a_hr_hires_steps.md": "other",
    ".github/ISSUE_TEMPLATE/07_s2_b_max_dimensions_2260.md": "other",
    ".github/ISSUE_TEMPLATE/08_s2_c_face_restoration.md": "other",
    ".github/ISSUE_TEMPLATE/09_s2_d_adetailer_stage.md": "other",
    ".github/ISSUE_TEMPLATE/10_s2_e_stage_chooser.md": "other",
    ".github/ISSUE_TEMPLATE/11_s2_f_editor_fixes.md": "other",
    ".github/ISSUE_TEMPLATE/12_s3_a_fix_legacy_tests.md": "other",
    ".github/ISSUE_TEMPLATE/13_s3_b_progress_status_eta.md": "other",
    ".github/ISSUE_TEMPLATE/14_s3_c_ci_pipeline.md": "other",
    ".github/workflows/ci.yml": "other",
    ".github/workflows/codex-autofix.yml": "other",
    ".github/workflows/copilot-setup-steps.yml": "other",
    "archive/ARCHIVE_MAP.md": "other",
    "archive/GUI_IMPROVEMENTS_SUMMARY_OLD.md": "other",
    "archive/HEROES_JOURNEY_RESULTS_OLD.md": "other",
    "archive/IMPROVEMENTS_COMPLETE_OLD.md": "other",
    "archive/README.md": "other",
    "archive/READMEV2.md": "other",
    "archive/README_agent_block.md": "other",
    "archive/RESOLUTION_SUMMARY_OLD.md": "other",
    "archive/snapshot_tree.md": "other",
    "archive/src_contents.md": "other",
    "archive/src_directory.md": "other",
    "archive/old_packs_old/Abethkara.json": "other",
    "archive/old_packs_old/combo.json": "other",
    "archive/old_packs_old/CPT_Moroni.json": "other",
    "archive/old_packs_old/embeddings_lora_multiline.json": "other",
    "archive/old_packs_old/embeddings_lora_test.json": "other",
    "archive/old_packs_old/embeddings_lora_test_fixed.json": "other",
    "archive/old_packs_old/heroeHers_sdxl_pack.json": "other",
    "archive/old_packs_old/heroes.json": "other",
    "archive/old_packs_old/heroes_sdxl_pack.json": "other",
    "archive/old_packs_old/international_test.json": "other",
    "archive/old_packs_old/Juggernaut_SDXL_MedievalRealism_Pack_Hybrid.json": "other",
    "archive/old_packs_old/Juggernaut_SDXL_MedievalRealism_Pack_V1.json": "other",
    "archive/old_packs_old/Juggernaut_SDXL_MedievalRealism_Pack_V2.json": "other",
    "archive/old_packs_old/Juggernaut_SDXL_MedievalRealism_Pack_V3.json": "other",
    "archive/old_packs_old/Juggernaut_SDXL_MedievalRealism_Pack_V3_Fantasy.json": "other",
    "archive/old_packs_old/Juggernaut_SDXL_MedievalRealism_Pack_V3_Realistic.json": "other",
    "archive/old_packs_old/Juggernaut_SDXL_MedievalRealism_Pack_V4.json": "other",
    "archive/old_packs_old/Juggernaut_SDXL_MedievalRealism_Pack_V4_Fantasy.json": "other",
    "archive/old_packs_old/Juggernaut_SDXL_MedievalRealism_Pack_V4_Realistic.json": "other",
    "archive/old_packs_old/Juggernaut_SDXL_MedievalRealism_Pack_V5.json": "other",
    "archive/old_packs_old/Juggernaut_SDXL_MedievalRealism_Pack_V5_Fantasy.json": "other",
    "archive/old_packs_old/Juggernaut_SDXL_MedievalRealism_Pack_V5_Realistic.json": "other",
    "archive/old_packs_old/landscapes.json": "other",
    "archive/old_packs_old/portraits.json": "other",
    "archive/old_packs_old/README_RandomizationGuide.md": "other",
    "archive/old_packs_old/SDXL_batch_prompts_characters_ALT_FIXED.json": "other",
    "archive/old_packs_old/SDXL_batch_prompts_characters_FIXED.json": "other",
    "archive/old_packs_old/SDXL_batch_prompts_heroes.json": "other",
    "archive/old_packs_old/SDXL_batch_prompts_heroes_ALT.json": "other",
    "archive/old_packs_old/SDXL_batch_prompts_heroes_Fantasy.json": "other",
    "archive/old_packs_old/SDXL_batch_prompts_heroes_Realistic.json": "other",
    "archive/old_packs_old/SDXL_batch_prompts_heroes_vs_villains.json": "other",
    "archive/old_packs_old/SDXL_batch_prompts_heroes_vs_villains_ALT.json": "other",
    "archive/old_packs_old/SDXL_batch_prompts_heroes_vs_villains_ALT_Fantasy.json": "other",
    "archive/old_packs_old/SDXL_batch_prompts_heroes_vs_villains_ALT_Realistic.json": "other",
    "archive/old_packs_old/SDXL_batch_prompts_heroes_vs_villains_DUEL.json": "other",
    "archive/old_packs_old/SDXL_batch_prompts_heroes_vs_villains_DUEL_Fantasy.json": "other",
    "archive/old_packs_old/SDXL_batch_prompts_heroes_vs_villains_DUEL_Realistic.json": "other",
    "archive/old_packs_old/SDXL_batch_prompts_heroes_vs_villains_Fantasy.json": "other",
    "archive/old_packs_old/SDXL_batch_prompts_heroes_vs_villains_Realistic.json": "other",
    "archive/old_packs_old/SDXL_batch_prompts_npc_characters.json": "other",
    "archive/old_packs_old/SDXL_batch_prompts_npc_characters_ALT.json": "other",
    "archive/old_packs_old/SDXL_batch_prompts_villains.json": "other",
    "archive/old_packs_old/SDXL_batch_prompts_villains_ALT.json": "other",
    "archive/old_packs_old/SDXL_characters_10.json": "other",
    "archive/old_packs_old/SDXL_characters_10_ALT.json": "other",
    "archive/old_packs_old/SDXL_heroes_10.json": "other",
    "archive/old_packs_old/SDXL_heroes_10_ALT.json": "other",
    "archive/old_packs_old/SDXL_heroes_10_ALT_Fantasy.json": "other",
    "archive/old_packs_old/SDXL_heroes_10_ALT_MOD.json": "other",
    "archive/old_packs_old/SDXL_heroes_10_ALT_MOD_Fantasy.json": "other",
    "archive/old_packs_old/SDXL_heroes_10_ALT_MOD_Realistic.json": "other",
    "archive/old_packs_old/SDXL_heroes_10_ALT_Realistic.json": "other",
    "archive/old_packs_old/SDXL_heroes_13_ChatGPTAdjusted.json": "other",
    "archive/old_packs_old/test_gui_pack.json": "other",
    "archive/old_packs_old/Test_Hero_Portrait.json": "other",
    "archive/old_packs_old/test_pack.json": "other",
    "archive/old_presets_old/AllPeoplePacksWithChatGPT.json": "other",
    "archive/old_presets_old/architecture.json": "other",
    "archive/old_presets_old/close_up_macro.json": "other",
    "archive/old_presets_old/complex_cinematic.json": "other",
    "archive/old_presets_old/default.json": "other",
    "archive/old_presets_old/GPT-Portraits.json": "other",
    "archive/old_presets_old/Heroes13.json": "other",
    "archive/old_presets_old/HeroesPreset.json": "other",
    "archive/old_presets_old/heroes_sdxl.json": "other",
    "archive/old_presets_old/high_quality.json": "other",
    "archive/old_presets_old/landscape_nature.json": "other",
    "archive/old_presets_old/last_settings.json": "other",
    "archive/old_presets_old/medium_distance.json": "other",
    "archive/old_presets_old/People  Presets Close Up.json": "other",
    "archive/old_presets_old/People.json": "other",
    "archive/old_presets_old/people_portrait.json": "other",
    "archive/old_presets_old/PickMeRandomizer.json": "other",
    "archive/old_presets_old/randomization_example.json": "other",
    "archive/old_presets_old/RANDOMIZATION_EXAMPLE_README.md": "other",
    "archive/old_presets_old/RandomizerOptimized.json": "other",
    "archive/old_presets_old/wide_panoramic.json": "other",
    "archive/packs_didn't work/SDXL_angelic_warriors_fantasy_v1.json": "other",
    "archive/packs_didn't work/SDXL_angelic_warriors_realistic_v1.json": "other",
    "archive/packs_didn't work/SDXL_beautiful_women_fantasy_v1.json": "other",
    "archive/packs_didn't work/SDXL_beautiful_women_realistic_v1.json": "other",
    "archive/packs_didn't work/SDXL_epic_structures_fantasy_v1.json": "other",
    "archive/packs_didn't work/SDXL_epic_structures_realistic_v1.json": "other",
    "archive/packs_didn't work/SDXL_female_heroes_aligned_fantasy_v1b.json": "other",
    "archive/packs_didn't work/SDXL_female_heroes_aligned_realistic_v1b.json": "other",
    "archive/packs_didn't work/SDXL_female_heroes_fantasy_v1.json": "other",
    "archive/packs_didn't work/SDXL_female_heroes_realistic_v1.json": "other",
    "archive/packs_didn't work/SDXL_male_heroes_fantasy_v1.json": "other",
    "archive/packs_didn't work/SDXL_male_heroes_realistic_v1.json": "other",
    "archive/packs_didn't work/SDXL_myth_beasts_fantasy_v1.json": "other",
    "archive/packs_didn't work/SDXL_myth_beasts_realistic_v1.json": "other",
    "data/webui_cache.json": "other",
    "docs/ACTIVE_MODULES.md": "other",
    "docs/AI_Development_Mode_Checklist.md": "other",
    "docs/AllPlanFilesCombined(11-24-2025).md": "other",
    "docs/ARCHITECTURE_v2.md": "other",
    "docs/ARCHITECTURE_v2_COMBINED.md": "other",
    "docs/Cluster_Compute_Vision_v2.md": "other",
    "docs/Codex Safety Briefing (11-27-25).md": "other",
    "docs/Coding_Best_Practices.md": "other",
    "docs/Context_Optimization_Guide.md": "other",
    "docs/Future_Learning_Roadmap_2025-11-26_1115.md": "other",
    "docs/GUI-V2-DOCS-DIFF-GUIDE.md": "other",
    "docs/GUI-V2-THREE-TAB-SUMMARY.md": "other",
    "docs/GUI_V2_Progress_Summary_PR1_to_PR2.md": "other",
    "docs/High-Level-Reasoning-and-Plan(ChatGPT-11-27-25).md": "other",
    "docs/Journey_Test_Plan_2025-11-26_1115.md": "other",
    "docs/LAUNCHERS.md": "other",
    "docs/LearningSystem_MasterIndex_2025-11-26_0512.md": "other",
    "docs/Learning_System_Spec_v2.md": "other",
    "docs/LEGACY_CANDIDATES.md": "other",
    "docs/MATRIX_PROMPT_MODE.md": "other",
    "docs/NewPlan.md": "other",
    "docs/Next_Features_Backlog.md": "other",
    "docs/packs_and_presets.md": "other",
    "docs/PHASE1-1-ConceptualPlanV2_5_P2(11-28-25).md": "other",
    "docs/PIPELINE_RULES.md": "other",
    "docs/PROJECT_CONTEXT.md": "other",
    "docs/RANDOMIZATION_AND_MATRIX_UI_SUMMARY.md": "other",
    "docs/ROLLING_SUMMARY_FINAL.md": "other",
    "docs/StabeNewV2-SUPER-CurrentProjectInstructions.md": "other",
    "docs/STABLE-DIFFUSION-README.md": "other",
    "docs/StableNew AI Self-Discipline Protocol (11-27-25).md": "other",
    "docs/StableNew Interactive AI Development Checklist-11-27-25-v2.md": "other",
    "docs/StableNewV2 \u2014 High-Stability Request Format v4.0.md": "other",
    "docs/StableNewV2 \u2014 Test Runner Plan.md": "other",
    "docs/StableNewV2_5P2-ROADMAP-2025-11-27.md": "other",
    "docs/StableNewV2_Coding_Best_Practices_AI_Optimized.md": "other",
    "docs/StableNew_Development_Doctrine.md": "other",
    "docs/StableNew_PR_Template_Guardrails.md": "other",
    "docs/StableNew_Roadmap_v2.0.md": "other",
    "docs/StableNew_V2_Rescue_Summary_and_Plan(24NOV-2154).md": "other",
    "docs/Unified GUI V2 Redesign Summary(11-25-2025-1611).md": "other",
    "docs/WIRING_V2_5_ReachableFromMain_2025-11-26.md": "other",
    "docs/archive/Agents_and_Automation_v2.md": "other",
    "docs/archive/ARCHITECTURE_v2.md": "other",
    "docs/archive/CHANGELOG.md": "other",
    "docs/archive/Migration_Notes_V1_to_V2.md": "other",
    "docs/archive/Post_Merge_Smoke_Test_SAFE_RAND_THEME.md": "other",
    "docs/archive/Randomizer_System_Spec_v2.md": "other",
    "docs/archive/refactor_plan_main_window_gui_20251102_postAgent_OLD.md": "other",
    "docs/archive/ROADMAP_v2.md": "other",
    "docs/archive/StableNew_Roadmap_v2.0.md": "other",
    "docs/archive/Testing_Strategy_v2.md": "other",
    "docs/archive/_toc.md": "other",
    "docs/archive/agents/AGENTS_AND_AI_WORKFLOW.md": "other",
    "docs/archive/agents/CODEX_5_1_MAX_Instructions.md": "other",
    "docs/archive/agents/CODEX_PR_Usage_SOP.md": "other",
    "docs/archive/agents/engineering_standards.md": "other",
    "docs/archive/architecture/ARCHITECTURE_v2.md": "other",
    "docs/archive/architecture/ARCHITECTURE_v2_Translation_Plan.md": "other",
    "docs/archive/dev/snapshots.md": "other",
    "docs/archive/gui/GUI_V2_Status_2025-11-19.md": "other",
    "docs/archive/history/BUG_FIX_GUI_HANG_SECOND_RUN.md": "other",
    "docs/archive/history/CHANGELOG.md": "other",
    "docs/archive/history/gui_overview.md": "other",
    "docs/archive/history/gui_theming.md": "other",
    "docs/archive/history/Known_Bugs_And_Issues_Summary.md": "other",
    "docs/archive/history/PROJECT_REORGANIZATION_SUMMARY.md": "other",
    "docs/archive/history/RECENT_BUGS_AND_LESSONS.md": "other",
    "docs/archive/history/ROLLING_SUMMARY.md": "other",
    "docs/archive/history/SPRINT_SUMMARY.md": "other",
    "docs/archive/history/SPRINT_SUMMARY_PR_F-H.md": "other",
    "docs/archive/history/StableNew_diff_2025-11-20.md": "other",
    "docs/archive/history/StableNew_History_Summary.md": "other",
    "docs/archive/history/THREADING_FIX.md": "other",
    "docs/archive/history/roadmap/StableNew_Roadmap_v1.0.md": "other",
    "docs/archive/legacy/ARCHITECTURE.md": "other",
    "docs/archive/legacy/AUDIT_REPORT_S3_S4_READINESS.md": "other",
    "docs/archive/legacy/GUI_ENHANCEMENTS.md": "other",
    "docs/archive/legacy/ISSUE_ANALYSIS.md": "other",
    "docs/archive/legacy/OPEN_ISSUES_RECOMMENDATIONS.md": "other",
    "docs/archive/README_CHANGELOG_V2_PACKAGE/PR-README-CHANGELOG-V2-001.md": "other",
    "docs/archive/schemas/CONFIGURATION_TESTING_GUIDE.md": "other",
    "docs/archive/schemas/journey_test_coverage_checklist.md": "other",
    "docs/archive/schemas/temp_prefs.json": "other",
    "docs/archive/schemas/temp_prefs2.json": "other",
    "docs/archive/schemas/temp_prefs3.json": "other",
    "docs/codex_context/ARCHITECTURE_v2_COMBINED.md": "other",
    "docs/codex_context/CODEX_5_1_MAX_Instructions.md": "other",
    "docs/codex_context/CODEX_PR_Usage_SOP_COMBINED.md": "other",
    "docs/codex_context/CODING_STANDARDS.md": "other",
    "docs/codex_context/Integrated Request Format v4.0.md": "other",
    "docs/codex_context/LEARNING_SYSTEM_SPEC.md": "other",
    "docs/codex_context/PIPELINE_RULES.md": "other",
    "docs/codex_context/PROJECT_CONTEXT.md": "other",
    "docs/codex_context/PR_TEMPLATE_StableNewV2.md": "other",
    "docs/codex_context/Thinking about PR for moving Run tab to Pipeline Tab.md": "other",
    "docs/pr_templates/Codex_Safety_Wrapper_Template.md": "other",
    "docs/pr_templates/ExamplePR-CTRL-LC-001_gui_example PR.md": "other",
    "docs/pr_templates/index.yaml": "other",
    "docs/pr_templates/Potential_work/COD-PR-GUI-V2-DROPDOWN-PAYLOAD-LASTRUN-V2_5-001(P1V3)(11-28).md": "other",
    "docs/pr_templates/Potential_work/CODEX-PROMPT-PR-CORE-V2-CLASSIFY-ARCHIVE(P1V3)-11-28-25-001.md": "other",
    "docs/pr_templates/Potential_work/FutureRoadmap-PR-3S-PR-3W-V2.md": "other",
    "docs/pr_templates/Potential_work/PR-06D_StageCard_Prototype_Cleanup(Optional).md": "other",
    "docs/pr_templates/Potential_work/PR-CLEAN-01-V2.5-FileAccessLogger-2025-11-26.md": "other",
    "docs/pr_templates/Potential_work/PR-CORE-V2-CLASSIFY-ARCHIVE(P1V3)(11-28-2025)-001.md": "other",
    "docs/pr_templates/Potential_work/PR-GUI-V2-DROPDOWN-PAYLOAD-LASTRUN-V2_5-001(P1V3)(11-28-25).md": "other",
    "docs/pr_templates/Potential_work/PR-GUI-V2-LEARNING-3L.md": "other",
    "docs/pr_templates/Potential_work/PR-GUI-V2-LEARNING-3M_VISUAL-CHARTS_2025-11-26_0450.md": "other",
    "docs/pr_templates/Potential_work/PR-GUI-V2-LEARNING-3N_CACHE-PERSISTENCE_2025-11-26_0450.md": "other",
    "docs/pr_templates/Potential_work/PR-GUI-V2-LEARNING-3O_PIPELINE-AUTO-TUNE_2025-11-26_0450.md": "other",
    "docs/pr_templates/Potential_work/PR-GUI-V2-LEARNING-3P_LEARNING-MODULE-DOCS_2025-11-26_0450.md": "other",
    "docs/pr_templates/Potential_work/PR-GUI-V2-LEARNING-3Q_XY-EXPERIMENTS_2025-11-26_0507.md": "other",
    "docs/pr_templates/Potential_work/PR-GUI-V2-LEARNING-3R_XY-UX-REFINEMENTS_2025-11-26_0512.md": "other",
    "docs/pr_templates/Potential_work/PR-GUI-V2-SCAFFOLD-ZONEMAP-FIXES-001(P1V3)(11-28-25).md": "other",
    "docs/pr_templates/PriorWork_complete/Codex_Execution_Guide_PR-0.1.md": "other",
    "docs/pr_templates/PriorWork_complete/Codex_Execution_Guide_PR-GUI-01.md": "other",
    "docs/pr_templates/PriorWork_complete/Codex_Run_Sheet_PR-GUI-V2-LEARNING-RUNNER-STUB-001.md": "other",
    "docs/pr_templates/PriorWork_complete/Codex_Run_Sheet_PR-GUI-V2-MIGRATION-001.md": "other",
    "docs/pr_templates/PriorWork_complete/Codex_Run_Sheet_PR-GUI-V2-MIGRATION-002.md": "other",
    "docs/pr_templates/PriorWork_complete/Codex_Run_Sheet_PR-GUI-V2-MIGRATION-003.md": "other",
    "docs/pr_templates/PriorWork_complete/Codex_Run_Sheet_PR-GUI-V2-RANDOMIZER-UI-EXPANSION-002.md": "other",
    "docs/pr_templates/PriorWork_complete/Codex_Run_Sheet_PR-PIPE-DIAG-001_and_PR-CTRL-LC-001.md": "other",
    "docs/pr_templates/PriorWork_complete/Codex_Run_Sheet_PR-PIPE-V2-LEARNING-HOOKS-002.md": "other",
    "docs/pr_templates/PriorWork_complete/Dark-Mode-GlobalNeg-11-26-25.md": "other",
    "docs/pr_templates/PriorWork_complete/DEFAULT_PRESET_IMPLEMENTATION.md": "other",
    "docs/pr_templates/PriorWork_complete/ExamplePR-CTRL-LC-001_gui_example PR.md": "other",
    "docs/pr_templates/PriorWork_complete/Execution Script for PR-#53 \u2013 Advanced Resolution Controls.md": "other",
    "docs/pr_templates/PriorWork_complete/GUI_REVAMP_SUMMARY.md": "other",
    "docs/pr_templates/PriorWork_complete/JT-01-PromptPack-Authoring-and-Randomization-2025-11-26_1133.md": "other",
    "docs/pr_templates/PriorWork_complete/JT-02-LoRA-Embedding-Integration-2025-11-26_1133.md": "other",
    "docs/pr_templates/PriorWork_complete/JT-03-txt2img-Pipeline-Run-2025-11-26_1133.md": "other",
    "docs/pr_templates/PriorWork_complete/JT-04-img2img-ADetailer-Run-2025-11-26_1133.md": "other",
    "docs/pr_templates/PriorWork_complete/JT-05-Upscale-Stage-Run-2025-11-26_1134.md": "other",
    "docs/pr_templates/PriorWork_complete/JT-06-Video-Pipeline-Run-Placeholder-2025-11-26_1134.md": "other",
    "docs/pr_templates/PriorWork_complete/JT-07-Startup-Async-WebUI-Bootstrap-2025-11-26_1134.md": "other",
    "docs/pr_templates/PriorWork_complete/JT-08-Single-Variable-Learning-Plan-2025-11-26_1134.md": "other",
    "docs/pr_templates/PriorWork_complete/JT-09-X-Y-Learning-Experiment-2025-11-26_1136.md": "other",
    "docs/pr_templates/PriorWork_complete/JT-10-Ratings-and-Review-2025-11-26_1136.md": "other",
    "docs/pr_templates/PriorWork_complete/JT-11-Presets-and-Styles-2025-11-26_1136.md": "other",
    "docs/pr_templates/PriorWork_complete/JT-12-Run-Stop-Run-Lifecycle-2025-11-26_1136.md": "other",
    "docs/pr_templates/PriorWork_complete/JT-13-Logging-and-Error-Surfacing-2025-11-26_1136.md": "other",
    "docs/pr_templates/PriorWork_complete/Main_Entry_Design_Notes_PR-0.1.md": "other",
    "docs/pr_templates/PriorWork_complete/PR-#33-LEARNING-V2-RecordWriterIntegration-001.md": "other",
    "docs/pr_templates/PriorWork_complete/PR-#34-GUI-V2-LearningToggleAndReviewDialog-001.md": "other",
    "docs/pr_templates/PriorWork_complete/PR-#35-QUEUE-V2-JobQueueAndRunnerFoundation-001.md": "other",
    "docs/pr_templates/PriorWork_complete/PR-#36-CONTROLLER-V2-QueueExecutionBridge-001.md": "other",
    "docs/pr_templates/PriorWork_complete/PR-#37-API-V2-WebUIProcessAndHealthCheck-001.md": "other",
    "docs/pr_templates/PriorWork_complete/PR-#38-PIPELINE-V2-GUIConfigToPipelineConfig-001.md": "other",
    "docs/pr_templates/PriorWork_complete/PR-#39-GUI-V2-RunButtonQueueSmoke-001 (1).md": "other",
    "docs/pr_templates/PriorWork_complete/PR-#40-CONTROLLER-V2-QueueExecutionController-001.md": "other",
    "docs/pr_templates/PriorWork_complete/PR-#41-QUEUE-V2-JobPersistenceAndHistory-001 (1).md": "other",
    "docs/pr_templates/PriorWork_complete/PR-#42-GUI-V2-JobHistoryPanel-001.md": "other",
    "docs/pr_templates/PriorWork_complete/PR-#43-GUI-V2-JobActions-QueueControl-001.md": "other",
    "docs/pr_templates/PriorWork_complete/PR-#44-CLUSTER-V2-WorkerRegistryAndLocalWorker-001.md": "other",
    "docs/pr_templates/PriorWork_complete/PR-#45-CONTROLLER-V2-QueueBackedRunIntegration-001.md": "other",
    "docs/pr_templates/PriorWork_complete/PR-#46-PIPELINE-V2-PipelineConfigAssemblerEnforcement-001.md": "other",
    "docs/pr_templates/PriorWork_complete/PR-#47-PIPELINE-V2-AssemblerEnforcement-Finish-001.md": "other",
    "docs/pr_templates/PriorWork_complete/PR-#47B-PIPELINE-V2-AssemblerEnforcement-Hotfix-001.md": "other",
    "docs/pr_templates/PriorWork_complete/PR-#48-GUI-V2-CommandBar-RunStopQueue-001.md": "other",
    "docs/pr_templates/PriorWork_complete/PR-#49-GUI-V2-AdvancedPromptEditor-001.md": "other",
    "docs/pr_templates/PriorWork_complete/PR-#50-GUI-V2-PromptPackManager-Integration-001.md": "other",
    "docs/pr_templates/PriorWork_complete/PR-#51-GUI-V2-CoreConfigPanel-001.md": "other",
    "docs/pr_templates/PriorWork_complete/PR-#52-GUI-V2-NegativePromptPanel-001.md": "other",
    "docs/pr_templates/PriorWork_complete/PR-#53-GUI-V2-ResolutionAdvancedControls-001.md": "other",
    "docs/pr_templates/PriorWork_complete/PR-#54-GUI-V2-OutputSettingsPanel-001.md": "other",
    "docs/pr_templates/PriorWork_complete/PR-#55-GUI-V2-ModelManagerPanel-001.md": "other",
    "docs/pr_templates/PriorWork_complete/PR-#56-CTRL-WEBUI-BOOTSTRAP-GUIHEALTH-001.md": "other",
    "docs/pr_templates/PriorWork_complete/PR-#57-CTRL-API-WEBUI-AUTODETECT-AUTOLAUNCH-001_webui_autostart_and_gui_controls.md": "other",
    "docs/pr_templates/PriorWork_complete/PR-#58-MAIN-GUI-WEBUI-BOOTSTRAP-ALIGN-001_webui_startup_and_status_panel_alignment.md": "other",
    "docs/pr_templates/PriorWork_complete/PR-#59-GUI-V2-STATUSBAR-COMPOSITE-001_webui_statusbar_combine_api_controls.md": "other",
    "docs/pr_templates/PriorWork_complete/PR-#60-WEBUI-CONNECTION-HARDFIX-001_webui_autostart_and_gating_hardening.md": "other",
    "docs/pr_templates/PriorWork_complete/PR-0.1_Runtime_Entry_Alignment.md": "other",
    "docs/pr_templates/PriorWork_complete/PR-00A_WebUI_GUI_Controls.md": "other",
    "docs/pr_templates/PriorWork_complete/PR-00_WebUI_Process_Manager_and_Autostart_Separation.md": "other",
    "docs/pr_templates/PriorWork_complete/PR-01 Repo Inventory & Source of Truth(NOV24).md": "other",
    "docs/pr_templates/PriorWork_complete/PR-02 \u2014 Move LegacyV1Files to Archive(NOV24).md": "other",
    "docs/pr_templates/PriorWork_complete/PR-02a_Move_GUI_V1_Tests_To_Archive.md": "other",
    "docs/pr_templates/PriorWork_complete/PR-02_Move_Legacy_V1_to_Archive.md": "other",
    "docs/pr_templates/PriorWork_complete/PR-03 Create V2 App Spine(NOV24).md": "other",
    "docs/pr_templates/PriorWork_complete/PR-03_Create_V2_App_Spine(24NOV).md": "other",
    "docs/pr_templates/PriorWork_complete/PR-04_Theme_Engine_V2.md": "other",
    "docs/pr_templates/PriorWork_complete/PR-05A_Scrollable_Areas_V2.md": "other",
    "docs/pr_templates/PriorWork_complete/PR-05_Layout_and_Resizing_V2.md": "other",
    "docs/pr_templates/PriorWork_complete/PR-06A_BaseStageCardV2_and_Components.md": "other",
    "docs/pr_templates/PriorWork_complete/PR-06B_Migrate_Txt2Img_To_BaseStageCardV2.md": "other",
    "docs/pr_templates/PriorWork_complete/PR-06C_Migrate_Img2Img_and_Upscale_To_BaseStageCardV2.md": "other",
    "docs/pr_templates/PriorWork_complete/PR-07A_Test_Safe_GUI_Threading_and_Teardown.md": "other",
    "docs/pr_templates/PriorWork_complete/PR-07_Wire_V2_Panels_and_Controllers_into_MainWindowV2.md": "other",
    "docs/pr_templates/PriorWork_complete/PR-3A_Learning_Tab_Scaffold.md": "other",
    "docs/pr_templates/PriorWork_complete/PR-3B_Learning_Tab_Layout_Skeleton.md": "other",
    "docs/pr_templates/PriorWork_complete/PR-3C_Learning_State_Controller_Skeleton.md": "other",
    "docs/pr_templates/PriorWork_complete/PR-AI-V2-SETTINGS-GENERATOR-001_ai_settings_generator_groundwork.md": "other",
    "docs/pr_templates/PriorWork_complete/PR-CTRL-LC-001_gui_lifecycle_run_stop_run_hardening - Copy.md": "other",
    "docs/pr_templates/PriorWork_complete/PR-CTRL-LC-001_gui_lifecycle_run_stop_run_hardening.md": "other",
    "docs/pr_templates/PriorWork_complete/PR-DOCS-GUI-V2-UPDATE-001.md": "other",
    "docs/pr_templates/PriorWork_complete/PR-GUI-01_Theme_Foundations.md": "other",
    "docs/pr_templates/PriorWork_complete/PR-GUI-031_adetailer_scheduler_persistence_PRD.md": "other",
    "docs/pr_templates/PriorWork_complete/PR-GUI-032_gui_test_noninteractive_PRD.md": "other",
    "docs/pr_templates/PriorWork_complete/PR-GUI-033_thread_safety_and_state_PRD.md": "other",
    "docs/pr_templates/PriorWork_complete/PR-GUI-THEME-FIX-001_restore_theme_constants_and_theme_class.md": "other",
    "docs/pr_templates/PriorWork_complete/PR-GUI-V2-ADAPTERS-001_gui_v2_adapters_consolidation.md": "other",
    "docs/pr_templates/PriorWork_complete/PR-GUI-V2-ADVANCED-PROMPT-TAB-001.md": "other",
    "docs/pr_templates/PriorWork_complete/PR-GUI-V2-LEARNING-3A.md": "other",
    "docs/pr_templates/PriorWork_complete/PR-GUI-V2-LEARNING-3B.md": "other",
    "docs/pr_templates/PriorWork_complete/PR-GUI-V2-LEARNING-3C.md": "other",
    "docs/pr_templates/PriorWork_complete/PR-GUI-V2-LEARNING-3D.md": "other",
    "docs/pr_templates/PriorWork_complete/PR-GUI-V2-LEARNING-3E.md": "other",
    "docs/pr_templates/PriorWork_complete/PR-GUI-V2-LEARNING-3F.md": "other",
    "docs/pr_templates/PriorWork_complete/PR-GUI-V2-LEARNING-3G.md": "other",
    "docs/pr_templates/PriorWork_complete/PR-GUI-V2-LEARNING-3H.md": "other",
    "docs/pr_templates/PriorWork_complete/PR-GUI-V2-LEARNING-3I.md": "other",
    "docs/pr_templates/PriorWork_complete/PR-GUI-V2-LEARNING-3J.md": "other",
    "docs/pr_templates/PriorWork_complete/PR-GUI-V2-LEARNING-3K.md": "other",
    "docs/pr_templates/PriorWork_complete/PR-GUI-V2-LEARNING-ENTRYPOINT-001_gui_learning_mode_and_review_dialog.md": "other",
    "docs/pr_templates/PriorWork_complete/PR-GUI-V2-LEARNING-GROUNDWORK-001.md": "other",
    "docs/pr_templates/PriorWork_complete/PR-GUI-V2-LEARNING-HOOKS-002.md": "other",
    "docs/pr_templates/PriorWork_complete/PR-GUI-V2-LEARNING-RUNNER-STUB-001.md": "other",
    "docs/pr_templates/PriorWork_complete/PR-GUI-V2-LEARNING-TAB-003.md": "other",
    "docs/pr_templates/PriorWork_complete/PR-GUI-V2-MAINWINDOW-REDUX-001.md": "other",
    "docs/pr_templates/PriorWork_complete/PR-GUI-V2-MAINWINDOW-SPLIT-001 (1).md": "other",
    "docs/pr_templates/PriorWork_complete/PR-GUI-V2-MAINWINDOW-SPLIT-001.md": "other",
    "docs/pr_templates/PriorWork_complete/PR-GUI-V2-MIGRATION-001_Archive_Legacy_GUI_Tests_And_Introduce_GUI_V2_Harness.md": "other",
    "docs/pr_templates/PriorWork_complete/PR-GUI-V2-MIGRATION-002_Introduce_Modular_GUI_V2_Panels.md": "other",
    "docs/pr_templates/PriorWork_complete/PR-GUI-V2-MIGRATION-003_Real_Pipeline_Config_Behavior.md": "other",
    "docs/pr_templates/PriorWork_complete/PR-GUI-V2-MIGRATION-004_StatusBarV2_Progress_ETA.md": "other",
    "docs/pr_templates/PriorWork_complete/PR-GUI-V2-MIGRATION-005.md": "other",
    "docs/pr_templates/PriorWork_complete/PR-GUI-V2-MIGRATION-006.md": "other",
    "docs/pr_templates/PriorWork_complete/PR-GUI-V2-PIPECards into Pipeline Center Panel (2025-11-26).md": "other",
    "docs/pr_templates/PriorWork_complete/PR-GUI-V2-PIPELINE-CONFIG-WIRING-002-(2025-11-26).md": "other",
    "docs/pr_templates/PriorWork_complete/PR-GUI-V2-PIPELINE-IO-001_pipeline_io_contracts.md": "other",
    "docs/pr_templates/PriorWork_complete/PR-GUI-V2-PIPELINE-PREVIEW-001-2025-11-26.md": "other",
    "docs/pr_templates/PriorWork_complete/PR-GUI-V2-PIPELINE-RUNTAB-001A_stage_cards_center_2025-11-26.md": "other",
    "docs/pr_templates/PriorWork_complete/PR-GUI-V2-PIPELINE-RUNTAB-001B_remove_run_tab_2025-11-26.md": "other",
    "docs/pr_templates/PriorWork_complete/PR-GUI-V2-PIPELINE-RUNTAB-001C_tests_runtab_merge_2025-11-26.md": "other",
    "docs/pr_templates/PriorWork_complete/PR-GUI-V2-PIPELINE-STAGECARDS-001-Wire Cards-11-26-2025-0816.md": "other",
    "docs/pr_templates/PriorWork_complete/PR-GUI-V2-PIPELINE-TAB-002.md": "other",
    "docs/pr_templates/PriorWork_complete/PR-GUI-V2-RANDOMIZER-INTEGRATION-001.md": "other",
    "docs/pr_templates/PriorWork_complete/PR-GUI-V2-RANDOMIZER-UI-EXPANSION-002.md": "other",
    "docs/pr_templates/PriorWork_complete/PR-GUI-V2-RANDOMIZER-UX-002_randomizer_experience_deepening.md": "other",
    "docs/pr_templates/PriorWork_complete/PR-GUI-V2-STAGE-PANELS-ADVANCED-001.md": "other",
    "docs/pr_templates/PriorWork_complete/PR-LEARN-PROFILES-001-Model & LoRA Profile Sidecars as Priors for Learning.md": "other",
    "docs/pr_templates/PriorWork_complete/PR-LEARN-V2-RECORDWRITER-001_pipeline_learningrecord_integration.md": "other",
    "docs/pr_templates/PriorWork_complete/PR-LEARNING-V2-EXECUTION-001.md": "other",
    "docs/pr_templates/PriorWork_complete/PR-PIPE-023_adetailer_scheduler_PRD.md": "other",
    "docs/pr_templates/PriorWork_complete/PR-PIPE-024_sampler_scheduler_PRD.md": "other",
    "docs/pr_templates/PriorWork_complete/PR-PIPE-025_tests_sampler_scheduler_PRD.md": "other",
    "docs/pr_templates/PriorWork_complete/PR-PIPE-026_cancel_token_PRD.md": "other",
    "docs/pr_templates/PriorWork_complete/PR-PIPE-027_pipeline_logging_PRD.md": "other",
    "docs/pr_templates/PriorWork_complete/PR-PIPE-DIAG-001_upscale_hang_repro_and_telemetry.md": "other",
    "docs/pr_templates/PriorWork_complete/PR-PIPE-V2-LEARNING-HOOKS-002.md": "other",
    "docs/pr_templates/PriorWork_complete/PR-PIPELINE-V2-EXECUTOR-STAGEEVENTS-003.md": "other",
    "docs/pr_templates/PriorWork_complete/PR-QUEUE-V2-JOBMODEL-001_queue_model_and_single_node_runner_skeleton.md": "other",
    "docs/pr_templates/PriorWork_complete/PR-RAND-SAN-001_randomizer_matrix_sanitization_and_parity.md": "other",
    "docs/pr_templates/PriorWork_complete/PR-SAFE-ISOLATION-001_codex_safety_wrapper_and_gui_utils_isolation.md": "other",
    "docs/pr_templates/PriorWork_complete/PR-V2-PIPELINE-STAGE-SEQUENCER-002.md": "other",
    "docs/pr_templates/PriorWork_complete/repo_cleanup_plan.md": "other",
    "docs/pr_templates/PriorWork_complete/Script for PR-#51 \u2013 Core Config Panel V2.md": "other",
    "docs/pr_templates/PriorWork_complete/Script for PR-#52 \u2013 Negative Prompt Panel V2.md": "other",
    "docs/pr_templates/PriorWork_complete/Script for PR-#54 \u2013 Output Settings Panel V2.md": "other",
    "docs/pr_templates/PriorWork_complete/Script for PR-#55 \u2013 Model Manager Panel V2.md": "other",
    "docs/pr_templates/PriorWork_complete/Theme_Design_Notes_PR-GUI-01.md": "other",
    "docs/pr_templates/PriorWork_complete/batch_1_10_Complete/PR10_SINGLE_INSTANCE_AND_EXIT.md": "other",
    "docs/pr_templates/PriorWork_complete/batch_1_10_Complete/PR1_CONFIG_BANNER_IMPLEMENTATION.md": "other",
    "docs/pr_templates/PriorWork_complete/batch_1_10_Complete/PR2_CONFIG_SERVICE_IMPLEMENTATION.md": "other",
    "docs/pr_templates/PriorWork_complete/batch_1_10_Complete/PR3_LOAD_CONTROLS_IMPLEMENTATION.md": "other",
    "docs/pr_templates/PriorWork_complete/batch_1_10_Complete/PR4_CONFIG_LOCK_IMPLEMENTATION.md": "other",
    "docs/pr_templates/PriorWork_complete/batch_1_10_Complete/PR5_APPLY_TO_PACKS_IMPLEMENTATION.md": "other",
    "docs/pr_templates/PriorWork_complete/batch_1_10_Complete/PR6_PRESET_CRUD_IMPLEMENTATION.md": "other",
    "docs/pr_templates/PriorWork_complete/batch_1_10_Complete/PR7_LIST_MANAGEMENT_IMPLEMENTATION.md": "other",
    "docs/pr_templates/PriorWork_complete/batch_1_10_Complete/PR8_PREVIEW_PAYLOAD_IMPLEMENTATION.md": "other",
    "docs/pr_templates/PriorWork_complete/batch_1_10_Complete/PR9_RANDOMIZATION_REFINEMENT.md": "other",
    "docs/pr_templates/PriorWork_complete/PR-0_Pipeline_Execution_Hotfix_Bundle/Codex_Execution_Guide_PR-0.md": "other",
    "docs/pr_templates/PriorWork_complete/PR-0_Pipeline_Execution_Hotfix_Bundle/PipelineRunner_Design_Notes.md": "other",
    "docs/pr_templates/PriorWork_complete/PR-0_Pipeline_Execution_Hotfix_Bundle/PR-0_Pipeline_Execution_Hotfix.md": "other",
    "docs/pr_templates/PriorWork_complete/PR-GUI-01b_Theme_Contrast_Touchup_Bundle/Codex_Execution_Guide_PR-GUI-01b.md": "other",
    "docs/pr_templates/PriorWork_complete/PR-GUI-01b_Theme_Contrast_Touchup_Bundle/PR-GUI-01b_Theme_Contrast_Touchup.md": "other",
    "docs/pr_templates/PriorWork_complete/PR-GUI-01b_Theme_Contrast_Touchup_Bundle/Theme_Contrast_Notes_PR-GUI-01b.md": "other",
    "docs/pr_templates/PriorWork_complete/PR-GUI-02_LeftZone_Layout_Polish_Bundle/Codex_Execution_Guide_PR-GUI-02.md": "other",
    "docs/pr_templates/PriorWork_complete/PR-GUI-02_LeftZone_Layout_Polish_Bundle/LeftZone_Layout_Notes_PR-GUI-02.md": "other",
    "docs/pr_templates/PriorWork_complete/PR-GUI-02_LeftZone_Layout_Polish_Bundle/PR-GUI-02_LeftZone_Layout_Polish.md": "other",
    "docs/pr_templates/PriorWork_complete/PR-GUI-CENTER-01_ConfigPanel_Skeleton_Bundle/Codex_Execution_Guide_PR-GUI-CENTER-01.md": "other",
    "docs/pr_templates/PriorWork_complete/PR-GUI-CENTER-01_ConfigPanel_Skeleton_Bundle/ConfigPanel_Design_Notes_PR-GUI-CENTER-01.md": "other",
    "docs/pr_templates/PriorWork_complete/PR-GUI-CENTER-01_ConfigPanel_Skeleton_Bundle/PR-GUI-CENTER-01_ConfigPanel_Skeleton.md": "other",
    "docs/pr_templates/PriorWork_complete/PR-GUI-LEFT-01_PacksPanel_Wiring_Bundle/Codex_Execution_Guide_PR-GUI-LEFT-01.md": "other",
    "docs/pr_templates/PriorWork_complete/PR-GUI-LEFT-01_PacksPanel_Wiring_Bundle/PacksPanel_Design_Notes_PR-GUI-LEFT-01.md": "other",
    "docs/pr_templates/PriorWork_complete/PR-GUI-LEFT-01_PacksPanel_Wiring_Bundle/PR-GUI-LEFT-01_PacksPanel_Wiring.md": "other",
    "docs/pr_templates/PriorWork_complete/PR-GUI-LEFT-01_PacksPanel_Wiring_Bundle/PR-GUI-LEFT-01_Packs_Presets_Panel.md": "other",
    "docs/pr_templates/PriorWork_complete/PR-GUI-WINDOW-01_Default_Window_Geometry_Bundle/Codex_Execution_Guide_PR-GUI-WINDOW-01.md": "other",
    "docs/pr_templates/PriorWork_complete/PR-GUI-WINDOW-01_Default_Window_Geometry_Bundle/PR-GUI-WINDOW-01_Default_Window_Geometry.md": "other",
    "docs/pr_templates/PriorWork_complete/PR-PIPE-CORE-01_Addendum_Bundle/Codex_Clarification_Notes_PR-PIPE-CORE-01.md": "other",
    "docs/pr_templates/PriorWork_complete/PR-PIPE-CORE-01_Addendum_Bundle/PR-PIPE-CORE-01_Addendum_PipelineRunner_Location_and_Construction.md": "other",
    "docs/pr_templates/PriorWork_complete/PR-PIPE-CORE-01_ControllerToPipeline_ConfigIntegration_Bundle/Codex_Execution_Guide_PR-PIPE-CORE-01.md": "other",
    "docs/pr_templates/PriorWork_complete/PR-PIPE-CORE-01_ControllerToPipeline_ConfigIntegration_Bundle/PipelineIntegration_Design_Notes_PR-PIPE-CORE-01.md": "other",
    "docs/pr_templates/PriorWork_complete/PR-PIPE-CORE-01_ControllerToPipeline_ConfigIntegration_Bundle/PR-PIPE-CORE-01_ControllerToPipeline_ConfigIntegration.md": "other",
    "docs/pr_templates/PriorWork_complete/PR14_complete/PR-PIPE-014_upscale_tiling.md": "other",
    "docs/pr_templates/Unknown Status/PR-08_V2_Journey_Test_Full_Pipeline.md": "other",
    "docs/pr_templates/Unknown Status/PR-WIRE-00-V2.5-11-26-2025.md": "other",
    "docs/pr_templates/Unknown Status/PR-WIRE-01-V2.5 \u2013 \u201cMinimal Happy Path\u201d-11-26-2025-1918.md": "other",
    "docs/pr_templates/Unknown Status/PR-WIRE-02-V2.5 \u2013 Entrypoint Contracts (11-26-2025-1916).md": "other",
    "docs/pr_templates/Work_aborted/PR-06_StageCard_Componentization_V2.md": "other",
    "lists/Full List.json": "other",
    "lists/RandomizerList.json": "other",
    "packs/heroes.json": "other",
    "packs/SDXL_angelic_warriors_Fantasy.json": "other",
    "packs/SDXL_angelic_warriors_Realistic.json": "other",
    "packs/SDXL_beautiful_women_Fantasy.json": "other",
    "packs/SDXL_beautiful_women_Realistic.json": "other",
    "packs/SDXL_epic_structures_Fantasy.json": "other",
    "packs/SDXL_epic_structures_Realistic.json": "other",
    "packs/SDXL_female_fantasy_heroes_Fantasy.json": "other",
    "packs/SDXL_female_fantasy_heroes_Realistic.json": "other",
    "packs/SDXL_male_fantasy_heroes_Fantasy.json": "other",
    "packs/SDXL_male_fantasy_heroes_Realistic.json": "other",
    "packs/SDXL_mythical_beasts_Fantasy.json": "other",
    "packs/SDXL_mythical_beasts_Realistic.json": "other",
    "packs/somethingNew_test_v2.5.json": "other",
    "packs/test_pack.json": "other",
    "presets/Beast_Boss_Juggernaut_SDXL.json": "other",
    "presets/default.json": "other",
    "presets/Group_Scene_Juggernaut_SDXL.json": "other",
    "presets/Heroe13.json": "other",
    "presets/Juggernaut_MedievalHeroes_RandomizerAligned_v1b.json": "other",
    "presets/Landscape_Scenery_Juggernaut_SDXL.json": "other",
    "presets/last_settings.json": "other",
    "presets/medieval_heroes_master_fantasy_v1.json": "other",
    "presets/medieval_heroes_master_realistic_v1.json": "other",
    "presets/Photoreal_Character_Juggernaut_SDXL.json": "other",
    "presets/Portrait_CloseUp_Juggernaut_SDXL.json": "other",
    "presets/randomizedMAX.json": "other",
    "reports/file_access/CLEANHOUSE_REPORT_V2_5_2025_11_26.md": "other",
    "tests/Journey Test Suite \u2013 Comprehensive Plan.md": "other",
    "tests/StableNewV2 \u2014 Test Runner Plan.md": "other"
  }
}