{
  "reason": "thread_exception",
  "timestamp": "20251224_200801",
  "system": {
    "timestamp": "2025-12-24T20:08:01.163889Z",
    "hostname": "Rob-Gaming-Desk",
    "platform": {
      "system": "Windows",
      "release": "10",
      "version": "10.0.26100",
      "machine": "AMD64",
      "processor": "Intel64 Family 6 Model 183 Stepping 1, GenuineIntel"
    },
    "python": {
      "implementation": "CPython",
      "version": "3.10.6",
      "executable": "<USER_HOME>\\AppData\\Local\\Programs\\Python\\Python310\\python.exe"
    },
    "user": "rob",
    "cwd": "<USER_HOME>\\projects\\StableNew",
    "repo_root": "<USER_HOME>\\projects\\StableNew",
    "memory": {
      "total_mb": 32527.05859375,
      "available_mb": 13738.8125,
      "used_mb": 18788.24609375,
      "percent": 57.8
    },
    "cpu": {
      "percent": 37.5,
      "count_logical": 32,
      "count_physical": 24
    },
    "disk": {
      "total_mb": 1952658.99609375,
      "used_mb": 428751.921875,
      "free_mb": 1523907.07421875
    }
  },
  "context": {
    "thread": "Thread-1 (_load)",
    "traceback": "Traceback (most recent call last):\n  File \"<USER_HOME>\\AppData\\Local\\Programs\\Python\\Python310\\lib\\threading.py\", line 1016, in _bootstrap_inner\n    self.run()\n  File \"<USER_HOME>\\AppData\\Local\\Programs\\Python\\Python310\\lib\\threading.py\", line 953, in run\n    self._target(*self._args, **self._kwargs)\n  File \"<USER_HOME>\\projects\\StableNew\\src\\gui\\widgets\\thumbnail_widget_v2.py\", line 98, in _load\n    if self.winfo_exists():\n  File \"<USER_HOME>\\AppData\\Local\\Programs\\Python\\Python310\\lib\\tkinter\\__init__.py\", line 1112, in winfo_exists\n    self.tk.call('winfo', 'exists', self._w))\nRuntimeError: main thread is not in main loop\n"
  },
  "job_snapshot": {
    "jobs": [],
    "cached_metadata": {},
    "containers": {},
    "active_watchdogs": [],
    "watchdog_events": [],
    "cleanup_history": [],
    "process_container_config": {
      "enabled": true,
      "memory_limit_mb": null,
      "cpu_limit_percent": null,
      "max_processes": null
    }
  }
}