{
  "reason": "uncaught_exception",
  "timestamp": "20251209_033630",
  "system": {
    "timestamp": "2025-12-09T03:36:30.591732Z",
    "hostname": "Rob-Gaming-Desk",
    "platform": {
      "system": "Windows",
      "release": "10",
      "version": "10.0.26100",
      "machine": "AMD64",
      "processor": "Intel64 Family 6 Model 183 Stepping 1, GenuineIntel"
    },
    "python": {
      "implementation": "CPython",
      "version": "3.10.6",
      "executable": "<USER_HOME>\\AppData\\Local\\Programs\\Python\\Python310\\python.exe"
    },
    "user": "rob",
    "cwd": "<USER_HOME>\\projects\\StableNew",
    "repo_root": "<USER_HOME>\\projects\\StableNew",
    "memory": {
      "total_mb": 32527.05859375,
      "available_mb": 18322.09375,
      "used_mb": 14204.96484375,
      "percent": 43.7
    },
    "cpu": {
      "percent": 5.5,
      "count_logical": 32,
      "count_physical": 24
    },
    "disk": {
      "total_mb": 1952658.99609375,
      "used_mb": 389324.9921875,
      "free_mb": 1563334.00390625
    }
  },
  "context": {
    "exception": "'QueuePanelV2' object has no attribute '_on_queue_summaries_changed'",
    "traceback": "Traceback (most recent call last):\n  File \"<USER_HOME>\\AppData\\Local\\Programs\\Python\\Python310\\lib\\runpy.py\", line 196, in _run_module_as_main\n    return _run_code(code, main_globals, None,\n  File \"<USER_HOME>\\AppData\\Local\\Programs\\Python\\Python310\\lib\\runpy.py\", line 86, in _run_code\n    exec(code, run_globals)\n  File \"<USER_HOME>\\projects\\StableNew\\src\\main.py\", line 459, in <module>\n    main()\n  File \"<USER_HOME>\\projects\\StableNew\\src\\main.py\", line 427, in main\n    root, app_state, app_controller, window = build_v2_app(root=tk.Tk(), webui_manager=webui_manager)\n  File \"<USER_HOME>\\projects\\StableNew\\src\\app_factory.py\", line 61, in build_v2_app\n    window = MainWindowV2(\n  File \"<USER_HOME>\\projects\\StableNew\\src\\gui\\main_window_v2.py\", line 153, in __init__\n    self.layout_manager_v2.attach_panels()\n  File \"<USER_HOME>\\projects\\StableNew\\src\\gui\\panels_v2\\layout_manager_v2.py\", line 37, in attach_panels\n    mw.pipeline_tab = PipelineTabFrame(\n  File \"<USER_HOME>\\projects\\StableNew\\src\\gui\\views\\pipeline_tab_frame_v2.py\", line 134, in __init__\n    self.queue_panel = QueuePanelV2(\n  File \"<USER_HOME>\\projects\\StableNew\\src\\gui\\panels_v2\\queue_panel_v2.py\", line 187, in __init__\n    self._on_queue_summaries_changed()\nAttributeError: 'QueuePanelV2' object has no attribute '_on_queue_summaries_changed'\n"
  },
  "job_snapshot": {
    "jobs": [],
    "cached_metadata": {},
    "containers": {},
    "active_watchdogs": [],
    "watchdog_events": [],
    "cleanup_history": [],
    "process_container_config": {
      "enabled": true,
      "memory_limit_mb": null,
      "cpu_limit_percent": null,
      "max_processes": null
    }
  }
}