[
  {
    "level": "INFO",
    "name": "src.services.queue_store_v2",
    "message": "Loaded queue state: 0 jobs, auto_run=False, paused=False",
    "created": 1765164777.31959
  },
  {
    "level": "INFO",
    "name": "src.controller.app_controller",
    "message": "Restored queue state: auto_run=False, paused=False, 0 jobs (jobs not restored in V1 queue)",
    "created": 1765164777.3245897
  },
  {
    "level": "INFO",
    "name": "src.utils.config",
    "message": "Found 15 presets",
    "created": 1765164777.3425896
  },
  {
    "level": "INFO",
    "name": "root",
    "message": "WebUI stdout: Total progress:  13%|#3        | 4/30 [00:01<00:08,  2.90it/s]\u001b[A",
    "created": 1765164777.3505902
  },
  {
    "level": "INFO",
    "name": "src.utils.file_io",
    "message": "Found 12 prompt packs in packs",
    "created": 1765164777.3556876
  },
  {
    "level": "INFO",
    "name": "src.utils.file_io",
    "message": "Read 10 prompts from SDXL_angelic_warriors_Fantasy.txt",
    "created": 1765164777.3607578
  },
  {
    "level": "INFO",
    "name": "src.utils.file_io",
    "message": "Read 10 prompts from SDXL_angelic_warriors_Realistic.txt",
    "created": 1765164777.3667574
  },
  {
    "level": "INFO",
    "name": "src.utils.file_io",
    "message": "Read 10 prompts from SDXL_beautiful_women_Fantasy.txt",
    "created": 1765164777.3727558
  },
  {
    "level": "INFO",
    "name": "src.utils.file_io",
    "message": "Read 10 prompts from SDXL_beautiful_women_Realistic.txt",
    "created": 1765164777.3767552
  },
  {
    "level": "INFO",
    "name": "src.utils.file_io",
    "message": "Read 10 prompts from SDXL_epic_structures_Fantasy.txt",
    "created": 1765164777.3807557
  },
  {
    "level": "INFO",
    "name": "src.utils.file_io",
    "message": "Read 10 prompts from SDXL_epic_structures_Realistic.txt",
    "created": 1765164777.384755
  },
  {
    "level": "INFO",
    "name": "src.utils.file_io",
    "message": "Read 10 prompts from SDXL_female_fantasy_heroes_Fantasy.txt",
    "created": 1765164777.3887558
  },
  {
    "level": "INFO",
    "name": "src.utils.file_io",
    "message": "Read 10 prompts from SDXL_female_fantasy_heroes_Realistic.txt",
    "created": 1765164777.3937564
  },
  {
    "level": "INFO",
    "name": "src.utils.file_io",
    "message": "Read 10 prompts from SDXL_male_fantasy_heroes_Fantasy.txt",
    "created": 1765164777.3997557
  },
  {
    "level": "INFO",
    "name": "src.utils.file_io",
    "message": "Read 10 prompts from SDXL_male_fantasy_heroes_Realistic.txt",
    "created": 1765164777.4037561
  },
  {
    "level": "INFO",
    "name": "src.utils.file_io",
    "message": "Read 10 prompts from SDXL_mythical_beasts_Fantasy.txt",
    "created": 1765164777.4077563
  },
  {
    "level": "INFO",
    "name": "src.utils.file_io",
    "message": "Read 10 prompts from SDXL_mythical_beasts_Realistic.txt",
    "created": 1765164777.4117558
  },
  {
    "level": "INFO",
    "name": "src.api.client",
    "message": "Retrieved 22 models",
    "created": 1765164777.5769637
  },
  {
    "level": "INFO",
    "name": "src.api.client",
    "message": "Retrieved 14 upscalers",
    "created": 1765164777.5890691
  },
  {
    "level": "INFO",
    "name": "src.api.client",
    "message": "Retrieved 10 VAE models",
    "created": 1765164777.618069
  },
  {
    "level": "INFO",
    "name": "src.api.client",
    "message": "Retrieved 14 upscalers",
    "created": 1765164777.6641755
  },
  {
    "level": "INFO",
    "name": "src.api.client",
    "message": "Retrieved 22 models",
    "created": 1765164777.6851752
  },
  {
    "level": "INFO",
    "name": "root",
    "message": "Last-run config file not found: state\\last_run_v2_5.json",
    "created": 1765164777.7421758
  },
  {
    "level": "INFO",
    "name": "root",
    "message": "WebUI stdout: Total progress:  17%|#6        | 5/30 [00:01<00:09,  2.68it/s]\u001b[A",
    "created": 1765164777.7731757
  },
  {
    "level": "INFO",
    "name": "src.controller.app_controller",
    "message": "[controller] shutdown_app called (destroy)",
    "created": 1765164777.9004176
  },
  {
    "level": "INFO",
    "name": "src.utils.config",
    "message": "Found 15 presets",
    "created": 1765164777.949416
  },
  {
    "level": "INFO",
    "name": "src.utils.file_io",
    "message": "Found 12 prompt packs in packs",
    "created": 1765164777.9744947
  },
  {
    "level": "INFO",
    "name": "src.utils.file_io",
    "message": "Read 10 prompts from SDXL_angelic_warriors_Fantasy.txt",
    "created": 1765164777.9794953
  },
  {
    "level": "INFO",
    "name": "src.utils.file_io",
    "message": "Read 10 prompts from SDXL_angelic_warriors_Realistic.txt",
    "created": 1765164777.9834943
  },
  {
    "level": "INFO",
    "name": "src.utils.file_io",
    "message": "Read 10 prompts from SDXL_beautiful_women_Fantasy.txt",
    "created": 1765164777.9904954
  },
  {
    "level": "INFO",
    "name": "src.utils.file_io",
    "message": "Read 10 prompts from SDXL_beautiful_women_Realistic.txt",
    "created": 1765164777.9964948
  },
  {
    "level": "INFO",
    "name": "src.utils.file_io",
    "message": "Read 10 prompts from SDXL_epic_structures_Fantasy.txt",
    "created": 1765164778.0004945
  },
  {
    "level": "INFO",
    "name": "src.utils.file_io",
    "message": "Read 10 prompts from SDXL_epic_structures_Realistic.txt",
    "created": 1765164778.005496
  },
  {
    "level": "INFO",
    "name": "src.utils.file_io",
    "message": "Read 10 prompts from SDXL_female_fantasy_heroes_Fantasy.txt",
    "created": 1765164778.0094953
  },
  {
    "level": "INFO",
    "name": "src.utils.file_io",
    "message": "Read 10 prompts from SDXL_female_fantasy_heroes_Realistic.txt",
    "created": 1765164778.0134947
  },
  {
    "level": "INFO",
    "name": "src.utils.file_io",
    "message": "Read 10 prompts from SDXL_male_fantasy_heroes_Fantasy.txt",
    "created": 1765164778.0186071
  },
  {
    "level": "INFO",
    "name": "src.utils.file_io",
    "message": "Read 10 prompts from SDXL_male_fantasy_heroes_Realistic.txt",
    "created": 1765164778.0226076
  },
  {
    "level": "INFO",
    "name": "src.utils.file_io",
    "message": "Read 10 prompts from SDXL_mythical_beasts_Fantasy.txt",
    "created": 1765164778.0266082
  },
  {
    "level": "INFO",
    "name": "src.utils.file_io",
    "message": "Read 10 prompts from SDXL_mythical_beasts_Realistic.txt",
    "created": 1765164778.0316072
  },
  {
    "level": "INFO",
    "name": "root",
    "message": "WebUI stdout: Total progress:  20%|##        | 6/30 [00:02<00:09,  2.57it/s]\u001b[A",
    "created": 1765164778.2063441
  },
  {
    "level": "INFO",
    "name": "root",
    "message": "WebUI stdout: Total progress:  23%|##3       | 7/30 [00:02<00:09,  2.48it/s]\u001b[A",
    "created": 1765164778.6886566
  },
  {
    "level": "INFO",
    "name": "src.utils.config",
    "message": "Found 15 presets",
    "created": 1765164778.6939504
  },
  {
    "level": "INFO",
    "name": "src.utils.file_io",
    "message": "Found 12 prompt packs in packs",
    "created": 1765164778.7189496
  },
  {
    "level": "INFO",
    "name": "src.utils.file_io",
    "message": "Read 10 prompts from SDXL_angelic_warriors_Fantasy.txt",
    "created": 1765164778.7249508
  },
  {
    "level": "INFO",
    "name": "src.utils.file_io",
    "message": "Read 10 prompts from SDXL_angelic_warriors_Realistic.txt",
    "created": 1765164778.7289503
  },
  {
    "level": "INFO",
    "name": "src.utils.file_io",
    "message": "Read 10 prompts from SDXL_beautiful_women_Fantasy.txt",
    "created": 1765164778.7339494
  },
  {
    "level": "INFO",
    "name": "src.utils.file_io",
    "message": "Read 10 prompts from SDXL_beautiful_women_Realistic.txt",
    "created": 1765164778.74195
  },
  {
    "level": "INFO",
    "name": "src.utils.file_io",
    "message": "Read 10 prompts from SDXL_epic_structures_Fantasy.txt",
    "created": 1765164778.7489502
  },
  {
    "level": "INFO",
    "name": "src.utils.file_io",
    "message": "Read 10 prompts from SDXL_epic_structures_Realistic.txt",
    "created": 1765164778.7579496
  },
  {
    "level": "INFO",
    "name": "src.utils.file_io",
    "message": "Read 10 prompts from SDXL_female_fantasy_heroes_Fantasy.txt",
    "created": 1765164778.7649496
  },
  {
    "level": "INFO",
    "name": "src.utils.file_io",
    "message": "Read 10 prompts from SDXL_female_fantasy_heroes_Realistic.txt",
    "created": 1765164778.7759507
  },
  {
    "level": "INFO",
    "name": "src.utils.file_io",
    "message": "Read 10 prompts from SDXL_male_fantasy_heroes_Fantasy.txt",
    "created": 1765164778.7839851
  },
  {
    "level": "INFO",
    "name": "src.utils.file_io",
    "message": "Read 10 prompts from SDXL_male_fantasy_heroes_Realistic.txt",
    "created": 1765164778.7890458
  },
  {
    "level": "INFO",
    "name": "src.utils.file_io",
    "message": "Read 10 prompts from SDXL_mythical_beasts_Fantasy.txt",
    "created": 1765164778.7951066
  },
  {
    "level": "INFO",
    "name": "src.utils.file_io",
    "message": "Read 10 prompts from SDXL_mythical_beasts_Realistic.txt",
    "created": 1765164778.8001823
  },
  {
    "level": "INFO",
    "name": "root",
    "message": "WebUI stdout: Total progress:  27%|##6       | 8/30 [00:02<00:09,  2.38it/s]\u001b[A",
    "created": 1765164779.10661
  },
  {
    "level": "INFO",
    "name": "src.services.queue_store_v2",
    "message": "Loaded queue state: 0 jobs, auto_run=False, paused=False",
    "created": 1765164779.2731178
  },
  {
    "level": "INFO",
    "name": "src.controller.app_controller",
    "message": "Restored queue state: auto_run=False, paused=False, 0 jobs (jobs not restored in V1 queue)",
    "created": 1765164779.2844765
  },
  {
    "level": "INFO",
    "name": "src.utils.config",
    "message": "Found 15 presets",
    "created": 1765164779.3422382
  },
  {
    "level": "INFO",
    "name": "src.utils.file_io",
    "message": "Found 12 prompt packs in packs",
    "created": 1765164779.3713713
  },
  {
    "level": "INFO",
    "name": "src.utils.file_io",
    "message": "Read 10 prompts from SDXL_angelic_warriors_Fantasy.txt",
    "created": 1765164779.3803709
  },
  {
    "level": "INFO",
    "name": "src.utils.file_io",
    "message": "Read 10 prompts from SDXL_angelic_warriors_Realistic.txt",
    "created": 1765164779.3924024
  },
  {
    "level": "INFO",
    "name": "src.utils.file_io",
    "message": "Read 10 prompts from SDXL_beautiful_women_Fantasy.txt",
    "created": 1765164779.4044023
  },
  {
    "level": "INFO",
    "name": "root",
    "message": "WebUI stdout: Total progress:  30%|###       | 9/30 [00:03<00:08,  2.34it/s]\u001b[A",
    "created": 1765164779.5885832
  },
  {
    "level": "INFO",
    "name": "src.utils.file_io",
    "message": "Read 10 prompts from SDXL_beautiful_women_Realistic.txt",
    "created": 1765164780.3609488
  },
  {
    "level": "WARNING",
    "name": "src.api.client",
    "message": "Request POST http://127.0.0.1:7860/sdapi/v1/txt2img attempt 1/3 failed | {\"attempt\": 1, \"error\": \"('Connection aborted.', ConnectionResetError(10054, 'An existing connection was forcibly closed by the remote host', None, 10054, None))\", \"max_attempts\": 3, \"stage\": \"txt2img\", \"subsystem\": \"api\"}",
    "created": 1765164783.2411652,
    "payload": {
      "message": "Request POST http://127.0.0.1:7860/sdapi/v1/txt2img attempt 1/3 failed",
      "stage": "txt2img",
      "subsystem": "api",
      "error": "('Connection aborted.', ConnectionResetError(10054, 'An existing connection was forcibly closed by the remote host', None, 10054, None))",
      "attempt": 1,
      "max_attempts": 3
    }
  },
  {
    "level": "WARNING",
    "name": "src.api.client",
    "message": "Request POST http://127.0.0.1:7860/sdapi/v1/txt2img attempt 1/3 failed | {\"attempt\": 1, \"error\": \"('Connection aborted.', ConnectionResetError(10054, 'An existing connection was forcibly closed by the remote host', None, 10054, None))\", \"max_attempts\": 3, \"stage\": \"txt2img\", \"subsystem\": \"api\"}",
    "created": 1765164783.2581646,
    "payload": {
      "message": "Request POST http://127.0.0.1:7860/sdapi/v1/txt2img attempt 1/3 failed",
      "stage": "txt2img",
      "subsystem": "api",
      "error": "('Connection aborted.', ConnectionResetError(10054, 'An existing connection was forcibly closed by the remote host', None, 10054, None))",
      "attempt": 1,
      "max_attempts": 3
    }
  },
  {
    "level": "WARNING",
    "name": "src.api.client",
    "message": "Request POST http://127.0.0.1:7860/sdapi/v1/txt2img attempt 1/3 failed | {\"attempt\": 1, \"error\": \"('Connection aborted.', ConnectionResetError(10054, 'An existing connection was forcibly closed by the remote host', None, 10054, None))\", \"max_attempts\": 3, \"stage\": \"txt2img\", \"subsystem\": \"api\"}",
    "created": 1765164783.2761645,
    "payload": {
      "message": "Request POST http://127.0.0.1:7860/sdapi/v1/txt2img attempt 1/3 failed",
      "stage": "txt2img",
      "subsystem": "api",
      "error": "('Connection aborted.', ConnectionResetError(10054, 'An existing connection was forcibly closed by the remote host', None, 10054, None))",
      "attempt": 1,
      "max_attempts": 3
    }
  },
  {
    "level": "WARNING",
    "name": "src.api.client",
    "message": "Request POST http://127.0.0.1:7860/sdapi/v1/txt2img attempt 1/3 failed | {\"attempt\": 1, \"error\": \"('Connection aborted.', ConnectionResetError(10054, 'An existing connection was forcibly closed by the remote host', None, 10054, None))\", \"max_attempts\": 3, \"stage\": \"txt2img\", \"subsystem\": \"api\"}",
    "created": 1765164783.2761645,
    "payload": {
      "message": "Request POST http://127.0.0.1:7860/sdapi/v1/txt2img attempt 1/3 failed",
      "stage": "txt2img",
      "subsystem": "api",
      "error": "('Connection aborted.', ConnectionResetError(10054, 'An existing connection was forcibly closed by the remote host', None, 10054, None))",
      "attempt": 1,
      "max_attempts": 3
    }
  },
  {
    "level": "INFO",
    "name": "root",
    "message": "WebUI stderr: 0%|          | 0/30 [00:00<?, ?it/s]\r  3%|3         | 1/30 [00:00<00:19,  1.49it/s]\r  7%|6         | 2/30 [00:00<00:12,  2.26it/s]\r 10%|#         | 3/30 [00:01<00:12,  2.22it/s]\r 13%|#3        | 4/30 [00:01<00:11,  2.19it/s]\r 17%|#6        | 5/30 [00:02<00:11,  2.25it/s]\r 20%|##        | 6/30 [00:02<00:10,  2.29it/s]\r 23%|##3       | 7/30 [00:03<00:10,  2.29it/s]\r 27%|##6       | 8/30 [00:03<00:09,  2.26it/s]\r 30%|###       | 9/30 [00:04<00:09,  2.26it/s]\r 33%|###3      | 10/30 [00:04<00:08,  2.25it/s]\r 37%|###6      | 11/30 [00:04<00:08,  2.27it/s]\r 40%|####      | 12/30 [00:05<00:07,  2.27it/s]\r 43%|####3     | 13/30 [00:05<00:07,  2.33it/s]\r 47%|####6     | 14/30 [00:06<00:06,  2.37it/s]\r 50%|#####     | 15/30 [00:06<00:06,  2.41it/s]\r 53%|#####3    | 16/30 [00:07<00:05,  2.39it/s]\r 57%|#####6    | 17/30 [00:07<00:05,  2.39it/s]\r 60%|######    | 18/30 [00:07<00:04,  2.41it/s]",
    "created": 1765164783.3819606
  },
  {
    "level": "INFO",
    "name": "root",
    "message": "WebUI stdout: Total progress:  33%|###3      | 10/30 [00:03<00:08,  2.30it/s]\u001b[A",
    "created": 1765164786.211564
  },
  {
    "level": "INFO",
    "name": "src.utils.file_io",
    "message": "Read 10 prompts from SDXL_epic_structures_Fantasy.txt",
    "created": 1765164788.905952
  },
  {
    "level": "INFO",
    "name": "root",
    "message": "WebUI stdout: Total progress:  37%|###6      | 11/30 [00:04<00:08,  2.30it/s]\u001b[A",
    "created": 1765164788.9251387
  },
  {
    "level": "INFO",
    "name": "src.utils.file_io",
    "message": "Read 10 prompts from SDXL_epic_structures_Realistic.txt",
    "created": 1765164788.9272223
  },
  {
    "level": "INFO",
    "name": "root",
    "message": "WebUI stdout: Total progress:  40%|####      | 12/30 [00:04<00:07,  2.29it/s]\u001b[A",
    "created": 1765164788.9344735
  },
  {
    "level": "INFO",
    "name": "src.utils.file_io",
    "message": "Read 10 prompts from SDXL_female_fantasy_heroes_Fantasy.txt",
    "created": 1765164788.936982
  },
  {
    "level": "INFO",
    "name": "root",
    "message": "WebUI stdout: Total progress:  43%|####3     | 13/30 [00:05<00:07,  2.35it/s]\u001b[A",
    "created": 1765164788.942981
  },
  {
    "level": "INFO",
    "name": "src.utils.file_io",
    "message": "Read 10 prompts from SDXL_female_fantasy_heroes_Realistic.txt",
    "created": 1765164788.945981
  },
  {
    "level": "INFO",
    "name": "root",
    "message": "WebUI stdout: Total progress:  47%|####6     | 14/30 [00:05<00:06,  2.39it/s]\u001b[A",
    "created": 1765164788.951981
  },
  {
    "level": "INFO",
    "name": "src.utils.file_io",
    "message": "Read 10 prompts from SDXL_male_fantasy_heroes_Fantasy.txt",
    "created": 1765164788.9549813
  },
  {
    "level": "INFO",
    "name": "root",
    "message": "WebUI stdout: Total progress:  50%|#####     | 15/30 [00:05<00:06,  2.42it/s]\u001b[A",
    "created": 1765164788.9604077
  },
  {
    "level": "INFO",
    "name": "src.utils.file_io",
    "message": "Read 10 prompts from SDXL_male_fantasy_heroes_Realistic.txt",
    "created": 1765164788.9634511
  },
  {
    "level": "INFO",
    "name": "root",
    "message": "WebUI stdout: Total progress:  53%|#####3    | 16/30 [00:06<00:05,  2.40it/s]\u001b[A",
    "created": 1765164788.9689884
  },
  {
    "level": "INFO",
    "name": "src.utils.file_io",
    "message": "Read 10 prompts from SDXL_mythical_beasts_Fantasy.txt",
    "created": 1765164788.972574
  },
  {
    "level": "INFO",
    "name": "root",
    "message": "WebUI stdout: Total progress:  57%|#####6    | 17/30 [00:06<00:05,  2.39it/s]\u001b[A",
    "created": 1765164788.9765742
  },
  {
    "level": "INFO",
    "name": "src.utils.diagnostics_bundle_v2",
    "message": "Crash bundle saved to reports\\diagnostics\\stablenew_diagnostics_20251208_033300_thread_exception.zip",
    "created": 1765164788.9801693
  }
]