[
  {
    "level": "INFO",
    "name": "root",
    "message": "WebUI stderr: File \"<USER_HOME>\\stable-diffusion-webui\\venv\\lib\\site-packages\\starlette\\concurrency.py\", line 41, in run_in_threadpool",
    "created": 1765164988.060158
  },
  {
    "level": "INFO",
    "name": "src.services.queue_store_v2",
    "message": "Loaded queue state: 0 jobs, auto_run=False, paused=False",
    "created": 1765164988.0621574
  },
  {
    "level": "INFO",
    "name": "root",
    "message": "WebUI stderr: return await anyio.to_thread.run_sync(func, *args)",
    "created": 1765164988.0671577
  },
  {
    "level": "INFO",
    "name": "src.controller.app_controller",
    "message": "Restored queue state: auto_run=False, paused=False, 0 jobs (jobs not restored in V1 queue)",
    "created": 1765164988.0691574
  },
  {
    "level": "INFO",
    "name": "root",
    "message": "WebUI stderr: File \"<USER_HOME>\\stable-diffusion-webui\\venv\\lib\\site-packages\\anyio\\to_thread.py\", line 33, in run_sync",
    "created": 1765164988.0731578
  },
  {
    "level": "INFO",
    "name": "src.controller.app_controller",
    "message": "Resource update: 0 models, 0 vaes, 0 samplers, 0 schedulers, 0 upscalers",
    "created": 1765164988.0751574
  },
  {
    "level": "INFO",
    "name": "root",
    "message": "WebUI stderr: return await get_asynclib().run_sync_in_worker_thread(",
    "created": 1765164988.0791576
  },
  {
    "level": "INFO",
    "name": "shutdown_inspector_threads",
    "message": "=== Shutdown inspector (thread-check) ===",
    "created": 1765164988.0831578
  },
  {
    "level": "INFO",
    "name": "root",
    "message": "WebUI stderr: File \"<USER_HOME>\\stable-diffusion-webui\\venv\\lib\\site-packages\\anyio\\_backends\\_asyncio.py\", line 877, in run_sync_in_worker_thread",
    "created": 1765164988.0871575
  },
  {
    "level": "INFO",
    "name": "shutdown_inspector_threads",
    "message": "Thread: name=MainThread daemon=False alive=True ident=5676",
    "created": 1765164988.0891578
  },
  {
    "level": "INFO",
    "name": "root",
    "message": "WebUI stderr: return await future",
    "created": 1765164988.093157
  },
  {
    "level": "INFO",
    "name": "shutdown_inspector_threads",
    "message": "Thread: name=ProcessAutoScanner daemon=True alive=True ident=26464",
    "created": 1765164988.0951571
  },
  {
    "level": "INFO",
    "name": "root",
    "message": "WebUI stderr: File \"<USER_HOME>\\stable-diffusion-webui\\venv\\lib\\site-packages\\anyio\\_backends\\_asyncio.py\", line 807, in run",
    "created": 1765164988.0981574
  },
  {
    "level": "INFO",
    "name": "shutdown_inspector_threads",
    "message": "Thread: name=ProcessAutoScanner daemon=True alive=True ident=15880",
    "created": 1765164988.100157
  },
  {
    "level": "INFO",
    "name": "root",
    "message": "WebUI stderr: result = context.run(func, *args)",
    "created": 1765164988.1041577
  },
  {
    "level": "INFO",
    "name": "shutdown_inspector_threads",
    "message": "Thread: name=ProcessAutoScanner daemon=True alive=True ident=6480",
    "created": 1765164988.1071582
  },
  {
    "level": "INFO",
    "name": "root",
    "message": "WebUI stderr: File \"<USER_HOME>\\stable-diffusion-webui\\modules\\api\\api.py\", line 681, in set_config",
    "created": 1765164988.1111572
  },
  {
    "level": "INFO",
    "name": "shutdown_inspector_threads",
    "message": "Thread: name=ProcessAutoScanner daemon=True alive=True ident=16568",
    "created": 1765164988.1121583
  },
  {
    "level": "INFO",
    "name": "root",
    "message": "WebUI stderr: raise RuntimeError(f\"model {checkpoint_name!r} not found\")",
    "created": 1765164988.1171978
  },
  {
    "level": "INFO",
    "name": "shutdown_inspector_threads",
    "message": "Thread: name=ProcessAutoScanner daemon=True alive=True ident=40688",
    "created": 1765164988.118198
  },
  {
    "level": "INFO",
    "name": "root",
    "message": "WebUI stderr: RuntimeError: model 'StableNew-XL' not found",
    "created": 1765164988.122198
  },
  {
    "level": "INFO",
    "name": "shutdown_inspector_threads",
    "message": "Thread: name=ProcessAutoScanner daemon=True alive=True ident=15972",
    "created": 1765164988.1241977
  },
  {
    "level": "INFO",
    "name": "root",
    "message": "WebUI stderr: ",
    "created": 1765164988.128198
  },
  {
    "level": "WARNING",
    "name": "src.api.client",
    "message": "HTTPError POST http://127.0.0.1:7860/sdapi/v1/options status=500: 500 Server Error: Internal Server Error for url: http://127.0.0.1:7860/sdapi/v1/options | {\"response_text\": \"{\\\"error\\\":\\\"RuntimeError\\\",\\\"detail\\\":\\\"\\\",\\\"body\\\":\\\"\\\",\\\"errors\\\":\\\"model 'StableNew-XL' not found\\\"}\", \"subsystem\": \"api\"}",
    "created": 1765164988.1291978,
    "payload": {
      "message": "HTTPError POST http://127.0.0.1:7860/sdapi/v1/options status=500: 500 Server Error: Internal Server Error for url: http://127.0.0.1:7860/sdapi/v1/options",
      "subsystem": "api",
      "response_text": "{\"error\":\"RuntimeError\",\"detail\":\"\",\"body\":\"\",\"errors\":\"model 'StableNew-XL' not found\"}"
    }
  },
  {
    "level": "INFO",
    "name": "shutdown_inspector_threads",
    "message": "Thread: name=ProcessAutoScanner daemon=True alive=True ident=38956",
    "created": 1765164988.1311982
  },
  {
    "level": "INFO",
    "name": "root",
    "message": "WebUI stderr: ---",
    "created": 1765164988.1381984
  },
  {
    "level": "WARNING",
    "name": "src.api.client",
    "message": "Request POST http://127.0.0.1:7860/sdapi/v1/options attempt 2/3 failed | {\"attempt\": 2, \"error\": \"500 Server Error: Internal Server Error for url: http://127.0.0.1:7860/sdapi/v1/options\", \"max_attempts\": 3, \"stage\": null, \"subsystem\": \"api\"}",
    "created": 1765164988.139198,
    "payload": {
      "message": "Request POST http://127.0.0.1:7860/sdapi/v1/options attempt 2/3 failed",
      "subsystem": "api",
      "error": "500 Server Error: Internal Server Error for url: http://127.0.0.1:7860/sdapi/v1/options",
      "stage": null,
      "attempt": 2,
      "max_attempts": 3
    }
  },
  {
    "level": "INFO",
    "name": "shutdown_inspector_threads",
    "message": "Thread: name=ProcessAutoScanner daemon=True alive=True ident=35640",
    "created": 1765164988.1401982
  },
  {
    "level": "INFO",
    "name": "root",
    "message": "WebUI stderr: *** API error: POST: http://127.0.0.1:7860/sdapi/v1/options {'error': 'RuntimeError', 'detail': '', 'body': '', 'errors': \"model 'StableNew-XL' not found\"}",
    "created": 1765164988.1471987
  },
  {
    "level": "INFO",
    "name": "shutdown_inspector_threads",
    "message": "Thread: name=ProcessAutoScanner daemon=True alive=True ident=26756",
    "created": 1765164988.148198
  },
  {
    "level": "INFO",
    "name": "root",
    "message": "WebUI stderr: Traceback (most recent call last):",
    "created": 1765164988.1531978
  },
  {
    "level": "INFO",
    "name": "shutdown_inspector_threads",
    "message": "Thread: name=ProcessAutoScanner daemon=True alive=True ident=5856",
    "created": 1765164988.154198
  },
  {
    "level": "INFO",
    "name": "root",
    "message": "WebUI stderr: File \"<USER_HOME>\\stable-diffusion-webui\\venv\\lib\\site-packages\\anyio\\streams\\memory.py\", line 98, in receive",
    "created": 1765164988.1591978
  },
  {
    "level": "INFO",
    "name": "shutdown_inspector_threads",
    "message": "Thread: name=ProcessAutoScanner daemon=True alive=True ident=39148",
    "created": 1765164988.160199
  },
  {
    "level": "INFO",
    "name": "root",
    "message": "WebUI stderr: return self.receive_nowait()",
    "created": 1765164988.1651978
  },
  {
    "level": "INFO",
    "name": "shutdown_inspector_threads",
    "message": "Thread: name=ProcessAutoScanner daemon=True alive=True ident=33720",
    "created": 1765164988.166198
  },
  {
    "level": "INFO",
    "name": "root",
    "message": "WebUI stderr: File \"<USER_HOME>\\stable-diffusion-webui\\venv\\lib\\site-packages\\anyio\\streams\\memory.py\", line 93, in receive_nowait",
    "created": 1765164988.1711977
  },
  {
    "level": "INFO",
    "name": "shutdown_inspector_threads",
    "message": "Thread: name=ProcessAutoScanner daemon=True alive=True ident=21204",
    "created": 1765164988.1721978
  },
  {
    "level": "INFO",
    "name": "root",
    "message": "WebUI stderr: raise WouldBlock",
    "created": 1765164988.176199
  },
  {
    "level": "INFO",
    "name": "shutdown_inspector_threads",
    "message": "Thread: name=ProcessAutoScanner daemon=True alive=True ident=30136",
    "created": 1765164988.1771982
  },
  {
    "level": "INFO",
    "name": "root",
    "message": "WebUI stderr: anyio.WouldBlock",
    "created": 1765164988.182198
  },
  {
    "level": "INFO",
    "name": "shutdown_inspector_threads",
    "message": "Thread: name=ProcessAutoScanner daemon=True alive=True ident=25780",
    "created": 1765164988.1831982
  },
  {
    "level": "INFO",
    "name": "root",
    "message": "WebUI stderr: ",
    "created": 1765164988.1881979
  },
  {
    "level": "INFO",
    "name": "shutdown_inspector_threads",
    "message": "Thread: name=ProcessAutoScanner daemon=True alive=True ident=25784",
    "created": 1765164988.1891983
  },
  {
    "level": "INFO",
    "name": "root",
    "message": "WebUI stderr: During handling of the above exception, another exception occurred:",
    "created": 1765164988.1941977
  },
  {
    "level": "INFO",
    "name": "shutdown_inspector_threads",
    "message": "Thread: name=ProcessAutoScanner daemon=True alive=True ident=2912",
    "created": 1765164988.195198
  },
  {
    "level": "INFO",
    "name": "root",
    "message": "WebUI stderr: ",
    "created": 1765164988.1991978
  },
  {
    "level": "INFO",
    "name": "shutdown_inspector_threads",
    "message": "Thread: name=Thread-8 (log_output) daemon=True alive=True ident=40604",
    "created": 1765164988.2001977
  },
  {
    "level": "INFO",
    "name": "root",
    "message": "WebUI stderr: Traceback (most recent call last):",
    "created": 1765164988.2052417
  },
  {
    "level": "INFO",
    "name": "shutdown_inspector_threads",
    "message": "Thread: name=Thread-9 (log_output) daemon=True alive=True ident=37152",
    "created": 1765164988.2062416
  },
  {
    "level": "INFO",
    "name": "root",
    "message": "WebUI stderr: File \"<USER_HOME>\\stable-diffusion-webui\\venv\\lib\\site-packages\\starlette\\middleware\\base.py\", line 78, in call_next",
    "created": 1765164988.2112439
  },
  {
    "level": "INFO",
    "name": "shutdown_inspector_threads",
    "message": "Thread: name=Thread-10 (_worker_loop) daemon=True alive=True ident=14208",
    "created": 1765164988.2122414
  },
  {
    "level": "INFO",
    "name": "root",
    "message": "WebUI stderr: message = await recv_stream.receive()",
    "created": 1765164988.217242
  },
  {
    "level": "INFO",
    "name": "shutdown_inspector_threads",
    "message": "Thread: name=ProcessAutoScanner daemon=True alive=True ident=10888",
    "created": 1765164988.2182431
  },
  {
    "level": "INFO",
    "name": "root",
    "message": "WebUI stderr: File \"<USER_HOME>\\stable-diffusion-webui\\venv\\lib\\site-packages\\anyio\\streams\\memory.py\", line 118, in receive",
    "created": 1765164988.2232416
  },
  {
    "level": "INFO",
    "name": "shutdown_inspector_threads",
    "message": "Thread: name=ProcessAutoScanner daemon=True alive=True ident=32648",
    "created": 1765164988.2242415
  },
  {
    "level": "INFO",
    "name": "root",
    "message": "WebUI stderr: raise EndOfStream",
    "created": 1765164988.2292924
  },
  {
    "level": "INFO",
    "name": "shutdown_inspector_threads",
    "message": "Thread: name=Thread-11 (_worker_loop) daemon=True alive=True ident=6444",
    "created": 1765164988.2292924
  },
  {
    "level": "INFO",
    "name": "root",
    "message": "WebUI stderr: anyio.EndOfStream",
    "created": 1765164988.2342918
  },
  {
    "level": "INFO",
    "name": "shutdown_inspector_threads",
    "message": "Thread: name=ProcessAutoScanner daemon=True alive=True ident=4816",
    "created": 1765164988.2352924
  },
  {
    "level": "INFO",
    "name": "root",
    "message": "WebUI stderr: ",
    "created": 1765164988.2402918
  },
  {
    "level": "INFO",
    "name": "shutdown_inspector_threads",
    "message": "Thread: name=ProcessAutoScanner daemon=True alive=True ident=4088",
    "created": 1765164988.2412927
  },
  {
    "level": "INFO",
    "name": "root",
    "message": "WebUI stderr: During handling of the above exception, another exception occurred:",
    "created": 1765164988.2462916
  },
  {
    "level": "INFO",
    "name": "shutdown_inspector_threads",
    "message": "Thread: name=ProcessAutoScanner daemon=True alive=True ident=17828",
    "created": 1765164988.2462916
  },
  {
    "level": "INFO",
    "name": "root",
    "message": "WebUI stderr: ",
    "created": 1765164988.251292
  },
  {
    "level": "INFO",
    "name": "shutdown_inspector_threads",
    "message": "Thread: name=Thread-12 (_worker_loop) daemon=True alive=True ident=20228",
    "created": 1765164988.2522924
  },
  {
    "level": "INFO",
    "name": "root",
    "message": "WebUI stderr: Traceback (most recent call last):",
    "created": 1765164988.2582922
  },
  {
    "level": "INFO",
    "name": "shutdown_inspector_threads",
    "message": "Thread: name=ProcessAutoScanner daemon=True alive=True ident=30512",
    "created": 1765164988.2582922
  },
  {
    "level": "INFO",
    "name": "root",
    "message": "WebUI stderr: File \"<USER_HOME>\\stable-diffusion-webui\\modules\\api\\api.py\", line 186, in exception_handling",
    "created": 1765164988.2632918
  },
  {
    "level": "INFO",
    "name": "shutdown_inspector_threads",
    "message": "Thread: name=Thread-13 (_worker_loop) daemon=True alive=True ident=7540",
    "created": 1765164988.2642932
  },
  {
    "level": "INFO",
    "name": "root",
    "message": "WebUI stderr: return await call_next(request)",
    "created": 1765164988.2702925
  },
  {
    "level": "INFO",
    "name": "shutdown_inspector_threads",
    "message": "Thread: name=ProcessAutoScanner daemon=True alive=True ident=32316",
    "created": 1765164988.2702925
  },
  {
    "level": "INFO",
    "name": "root",
    "message": "WebUI stderr: File \"<USER_HOME>\\stable-diffusion-webui\\venv\\lib\\site-packages\\starlette\\middleware\\base.py\", line 84, in call_next",
    "created": 1765164988.2762926
  },
  {
    "level": "INFO",
    "name": "shutdown_inspector_threads",
    "message": "Thread: name=Thread-14 (_worker_loop) daemon=True alive=True ident=35860",
    "created": 1765164988.2762926
  },
  {
    "level": "INFO",
    "name": "root",
    "message": "WebUI stderr: raise app_exc",
    "created": 1765164988.281292
  },
  {
    "level": "INFO",
    "name": "shutdown_inspector_threads",
    "message": "Thread: name=ProcessAutoScanner daemon=True alive=True ident=37980",
    "created": 1765164988.282292
  },
  {
    "level": "INFO",
    "name": "root",
    "message": "WebUI stderr: File \"<USER_HOME>\\stable-diffusion-webui\\venv\\lib\\site-packages\\starlette\\middleware\\base.py\", line 70, in coro",
    "created": 1765164988.287292
  },
  {
    "level": "INFO",
    "name": "shutdown_inspector_threads",
    "message": "Thread: name=ProcessAutoScanner daemon=True alive=True ident=39212",
    "created": 1765164988.287292
  },
  {
    "level": "INFO",
    "name": "root",
    "message": "WebUI stderr: await self.app(scope, receive_or_disconnect, send_no_error)",
    "created": 1765164988.2932918
  },
  {
    "level": "INFO",
    "name": "shutdown_inspector_threads",
    "message": "Thread: name=ProcessAutoScanner daemon=True alive=True ident=10556",
    "created": 1765164988.2932918
  },
  {
    "level": "INFO",
    "name": "root",
    "message": "WebUI stderr: File \"<USER_HOME>\\stable-diffusion-webui\\venv\\lib\\site-packages\\starlette\\middleware\\base.py\", line 108, in __call__",
    "created": 1765164988.298292
  },
  {
    "level": "INFO",
    "name": "shutdown_inspector_threads",
    "message": "Thread: name=Thread-15 (_shutdown_watchdog) daemon=True alive=True ident=17072",
    "created": 1765164988.2992938
  },
  {
    "level": "INFO",
    "name": "root",
    "message": "WebUI stderr: response = await self.dispatch_func(request, call_next)",
    "created": 1765164988.3042922
  },
  {
    "level": "INFO",
    "name": "shutdown_inspector_threads",
    "message": "Thread: name=Thread-17 (_shutdown_watchdog) daemon=True alive=True ident=36340",
    "created": 1765164988.3042922
  },
  {
    "level": "INFO",
    "name": "root",
    "message": "WebUI stderr: File \"<USER_HOME>\\stable-diffusion-webui\\modules\\api\\api.py\", line 150, in log_and_time",
    "created": 1765164988.315341
  },
  {
    "level": "INFO",
    "name": "shutdown_inspector_threads",
    "message": "Thread: name=Thread-19 (_shutdown_watchdog) daemon=True alive=True ident=11792",
    "created": 1765164988.316341
  },
  {
    "level": "INFO",
    "name": "root",
    "message": "WebUI stderr: res: Response = await call_next(req)",
    "created": 1765164988.322341
  },
  {
    "level": "INFO",
    "name": "shutdown_inspector_threads",
    "message": "Thread: name=Thread-20 (_shutdown_watchdog) daemon=True alive=True ident=14660",
    "created": 1765164988.322341
  },
  {
    "level": "INFO",
    "name": "root",
    "message": "WebUI stderr: File \"<USER_HOME>\\stable-diffusion-webui\\venv\\lib\\site-packages\\starlette\\middleware\\base.py\", line 84, in call_next",
    "created": 1765164988.3283408
  },
  {
    "level": "INFO",
    "name": "shutdown_inspector_threads",
    "message": "Thread: name=ProcessAutoScanner daemon=True alive=True ident=17652",
    "created": 1765164988.3283408
  },
  {
    "level": "INFO",
    "name": "root",
    "message": "WebUI stderr: raise app_exc",
    "created": 1765164988.3333406
  },
  {
    "level": "INFO",
    "name": "shutdown_inspector_threads",
    "message": "Thread: name=ProcessAutoScanner daemon=True alive=True ident=25716",
    "created": 1765164988.334341
  },
  {
    "level": "INFO",
    "name": "root",
    "message": "WebUI stderr: File \"<USER_HOME>\\stable-diffusion-webui\\venv\\lib\\site-packages\\starlette\\middleware\\base.py\", line 70, in coro",
    "created": 1765164988.3393404
  },
  {
    "level": "INFO",
    "name": "shutdown_inspector_threads",
    "message": "Thread: name=ProcessAutoScanner daemon=True alive=True ident=33500",
    "created": 1765164988.3403409
  },
  {
    "level": "INFO",
    "name": "root",
    "message": "WebUI stderr: await self.app(scope, receive_or_disconnect, send_no_error)",
    "created": 1765164988.345341
  },
  {
    "level": "INFO",
    "name": "shutdown_inspector_threads",
    "message": "Thread: name=ProcessAutoScanner daemon=True alive=True ident=22328",
    "created": 1765164988.345341
  },
  {
    "level": "INFO",
    "name": "root",
    "message": "WebUI stderr: File \"<USER_HOME>\\stable-diffusion-webui\\venv\\lib\\site-packages\\starlette\\middleware\\cors.py\", line 84, in __call__",
    "created": 1765164988.3513408
  },
  {
    "level": "INFO",
    "name": "shutdown_inspector_threads",
    "message": "Thread: name=ProcessAutoScanner daemon=True alive=True ident=26600",
    "created": 1765164988.3513408
  },
  {
    "level": "INFO",
    "name": "root",
    "message": "WebUI stderr: await self.app(scope, receive, send)",
    "created": 1765164988.3563406
  },
  {
    "level": "INFO",
    "name": "shutdown_inspector_threads",
    "message": "Thread: name=ProcessAutoScanner daemon=True alive=True ident=3088",
    "created": 1765164988.357342
  },
  {
    "level": "INFO",
    "name": "root",
    "message": "WebUI stderr: File \"<USER_HOME>\\stable-diffusion-webui\\venv\\lib\\site-packages\\starlette\\middleware\\gzip.py\", line 24, in __call__",
    "created": 1765164988.3623407
  },
  {
    "level": "INFO",
    "name": "shutdown_inspector_threads",
    "message": "Thread: name=Thread-21 daemon=True alive=True ident=32608",
    "created": 1765164988.3623407
  },
  {
    "level": "INFO",
    "name": "root",
    "message": "WebUI stderr: await responder(scope, receive, send)",
    "created": 1765164988.3683407
  },
  {
    "level": "INFO",
    "name": "shutdown_inspector_threads",
    "message": "Thread: name=ProcessAutoScanner daemon=True alive=True ident=26168",
    "created": 1765164988.3693433
  },
  {
    "level": "INFO",
    "name": "root",
    "message": "WebUI stderr: File \"<USER_HOME>\\stable-diffusion-webui\\venv\\lib\\site-packages\\starlette\\middleware\\gzip.py\", line 44, in __call__",
    "created": 1765164988.3743405
  },
  {
    "level": "INFO",
    "name": "shutdown_inspector_threads",
    "message": "Thread: name=Thread-24 (_worker_loop) daemon=True alive=True ident=20372",
    "created": 1765164988.375343
  },
  {
    "level": "INFO",
    "name": "root",
    "message": "WebUI stderr: await self.app(scope, receive, self.send_with_gzip)",
    "created": 1765164988.380341
  },
  {
    "level": "INFO",
    "name": "shutdown_inspector_threads",
    "message": "Thread: name=ProcessAutoScanner daemon=True alive=True ident=7060",
    "created": 1765164988.381343
  },
  {
    "level": "INFO",
    "name": "root",
    "message": "WebUI stderr: File \"<USER_HOME>\\stable-diffusion-webui\\venv\\lib\\site-packages\\starlette\\middleware\\exceptions.py\", line 79, in __call__",
    "created": 1765164988.3863406
  },
  {
    "level": "INFO",
    "name": "shutdown_inspector_threads",
    "message": "Thread: name=ProcessAutoScanner daemon=True alive=True ident=16980",
    "created": 1765164988.387341
  },
  {
    "level": "INFO",
    "name": "root",
    "message": "WebUI stderr: raise exc",
    "created": 1765164988.3923411
  },
  {
    "level": "INFO",
    "name": "shutdown_inspector_threads",
    "message": "Thread: name=ProcessAutoScanner daemon=True alive=True ident=3048",
    "created": 1765164988.3933408
  },
  {
    "level": "INFO",
    "name": "root",
    "message": "WebUI stderr: File \"<USER_HOME>\\stable-diffusion-webui\\venv\\lib\\site-packages\\starlette\\middleware\\exceptions.py\", line 68, in __call__",
    "created": 1765164988.3983405
  },
  {
    "level": "INFO",
    "name": "shutdown_inspector_threads",
    "message": "Thread: name=ProcessAutoScanner daemon=True alive=True ident=2700",
    "created": 1765164988.3983405
  },
  {
    "level": "INFO",
    "name": "root",
    "message": "WebUI stderr: await self.app(scope, receive, sender)",
    "created": 1765164988.4033408
  },
  {
    "level": "INFO",
    "name": "shutdown_inspector_threads",
    "message": "Thread: name=ProcessAutoScanner daemon=True alive=True ident=14892",
    "created": 1765164988.4043405
  },
  {
    "level": "INFO",
    "name": "root",
    "message": "WebUI stderr: File \"<USER_HOME>\\stable-diffusion-webui\\venv\\lib\\site-packages\\fastapi\\middleware\\asyncexitstack.py\", line 21, in __call__",
    "created": 1765164988.4093409
  },
  {
    "level": "INFO",
    "name": "shutdown_inspector_threads",
    "message": "Thread: name=ProcessAutoScanner daemon=True alive=True ident=3128",
    "created": 1765164988.4103422
  },
  {
    "level": "INFO",
    "name": "root",
    "message": "WebUI stderr: raise e",
    "created": 1765164988.4153402
  },
  {
    "level": "INFO",
    "name": "shutdown_inspector_threads",
    "message": "Child process: pid=16668 name=cmd.exe cmdline=C:\\WINDOWS\\system32\\cmd.exe /c webui-user.bat --api --xformers",
    "created": 1765164988.4213405
  },
  {
    "level": "INFO",
    "name": "root",
    "message": "WebUI stderr: File \"<USER_HOME>\\stable-diffusion-webui\\venv\\lib\\site-packages\\fastapi\\middleware\\asyncexitstack.py\", line 18, in __call__",
    "created": 1765164988.4273407
  },
  {
    "level": "INFO",
    "name": "shutdown_inspector_threads",
    "message": "Child process: pid=36256 name=python.exe cmdline=<USER_HOME>\\stable-diffusion-webui\\venv\\Scripts\\Python.exe launch.py",
    "created": 1765164988.4283407
  },
  {
    "level": "INFO",
    "name": "root",
    "message": "WebUI stderr: await self.app(scope, receive, send)",
    "created": 1765164988.4333422
  },
  {
    "level": "INFO",
    "name": "shutdown_inspector_threads",
    "message": "Child process: pid=33140 name=python.exe cmdline=<USER_HOME>\\AppData\\Local\\Programs\\Python\\Python310\\python.exe launch.py",
    "created": 1765164988.4343412
  },
  {
    "level": "INFO",
    "name": "root",
    "message": "WebUI stderr: File \"<USER_HOME>\\stable-diffusion-webui\\venv\\lib\\site-packages\\starlette\\routing.py\", line 718, in __call__",
    "created": 1765164988.4393406
  },
  {
    "level": "INFO",
    "name": "shutdown_inspector_children",
    "message": "=== Shutdown inspector (child-check) ===",
    "created": 1765164988.4413853
  },
  {
    "level": "INFO",
    "name": "root",
    "message": "WebUI stderr: await route.handle(scope, receive, send)",
    "created": 1765164988.446385
  },
  {
    "level": "INFO",
    "name": "shutdown_inspector_children",
    "message": "Thread: name=MainThread daemon=False alive=True ident=5676",
    "created": 1765164988.4473848
  },
  {
    "level": "INFO",
    "name": "root",
    "message": "WebUI stderr: File \"<USER_HOME>\\stable-diffusion-webui\\venv\\lib\\site-packages\\starlette\\routing.py\", line 276, in handle",
    "created": 1765164988.4523847
  },
  {
    "level": "INFO",
    "name": "shutdown_inspector_children",
    "message": "Thread: name=ProcessAutoScanner daemon=True alive=True ident=26464",
    "created": 1765164988.4533849
  },
  {
    "level": "INFO",
    "name": "root",
    "message": "WebUI stderr: await self.app(scope, receive, send)",
    "created": 1765164988.458385
  },
  {
    "level": "INFO",
    "name": "shutdown_inspector_children",
    "message": "Thread: name=ProcessAutoScanner daemon=True alive=True ident=15880",
    "created": 1765164988.4593875
  },
  {
    "level": "INFO",
    "name": "root",
    "message": "WebUI stderr: File \"<USER_HOME>\\stable-diffusion-webui\\venv\\lib\\site-packages\\starlette\\routing.py\", line 66, in app",
    "created": 1765164988.4653852
  },
  {
    "level": "INFO",
    "name": "shutdown_inspector_children",
    "message": "Thread: name=ProcessAutoScanner daemon=True alive=True ident=6480",
    "created": 1765164988.4663851
  },
  {
    "level": "INFO",
    "name": "root",
    "message": "WebUI stderr: response = await func(request)",
    "created": 1765164988.4703848
  },
  {
    "level": "INFO",
    "name": "shutdown_inspector_children",
    "message": "Thread: name=ProcessAutoScanner daemon=True alive=True ident=16568",
    "created": 1765164988.471385
  },
  {
    "level": "INFO",
    "name": "root",
    "message": "WebUI stderr: File \"<USER_HOME>\\stable-diffusion-webui\\venv\\lib\\site-packages\\fastapi\\routing.py\", line 237, in app",
    "created": 1765164988.4763849
  },
  {
    "level": "INFO",
    "name": "shutdown_inspector_children",
    "message": "Thread: name=ProcessAutoScanner daemon=True alive=True ident=40688",
    "created": 1765164988.477385
  },
  {
    "level": "INFO",
    "name": "root",
    "message": "WebUI stderr: raw_response = await run_endpoint_function(",
    "created": 1765164988.482386
  },
  {
    "level": "INFO",
    "name": "shutdown_inspector_children",
    "message": "Thread: name=ProcessAutoScanner daemon=True alive=True ident=15972",
    "created": 1765164988.484385
  },
  {
    "level": "INFO",
    "name": "root",
    "message": "WebUI stderr: File \"<USER_HOME>\\stable-diffusion-webui\\venv\\lib\\site-packages\\fastapi\\routing.py\", line 165, in run_endpoint_function",
    "created": 1765164988.4883847
  },
  {
    "level": "INFO",
    "name": "shutdown_inspector_children",
    "message": "Thread: name=ProcessAutoScanner daemon=True alive=True ident=38956",
    "created": 1765164988.4893851
  },
  {
    "level": "INFO",
    "name": "root",
    "message": "WebUI stderr: return await run_in_threadpool(dependant.call, **values)",
    "created": 1765164988.494386
  },
  {
    "level": "INFO",
    "name": "shutdown_inspector_children",
    "message": "Thread: name=ProcessAutoScanner daemon=True alive=True ident=35640",
    "created": 1765164988.4953864
  },
  {
    "level": "INFO",
    "name": "root",
    "message": "WebUI stderr: File \"<USER_HOME>\\stable-diffusion-webui\\venv\\lib\\site-packages\\starlette\\concurrency.py\", line 41, in run_in_threadpool",
    "created": 1765164988.5003853
  },
  {
    "level": "INFO",
    "name": "shutdown_inspector_children",
    "message": "Thread: name=ProcessAutoScanner daemon=True alive=True ident=26756",
    "created": 1765164988.5013852
  },
  {
    "level": "INFO",
    "name": "root",
    "message": "WebUI stderr: return await anyio.to_thread.run_sync(func, *args)",
    "created": 1765164988.5063856
  },
  {
    "level": "INFO",
    "name": "shutdown_inspector_children",
    "message": "Thread: name=ProcessAutoScanner daemon=True alive=True ident=5856",
    "created": 1765164988.5073855
  },
  {
    "level": "INFO",
    "name": "root",
    "message": "WebUI stderr: File \"<USER_HOME>\\stable-diffusion-webui\\venv\\lib\\site-packages\\anyio\\to_thread.py\", line 33, in run_sync",
    "created": 1765164988.5123851
  },
  {
    "level": "INFO",
    "name": "shutdown_inspector_children",
    "message": "Thread: name=ProcessAutoScanner daemon=True alive=True ident=39148",
    "created": 1765164988.5123851
  },
  {
    "level": "INFO",
    "name": "root",
    "message": "WebUI stderr: return await get_asynclib().run_sync_in_worker_thread(",
    "created": 1765164988.518385
  },
  {
    "level": "INFO",
    "name": "shutdown_inspector_children",
    "message": "Thread: name=ProcessAutoScanner daemon=True alive=True ident=33720",
    "created": 1765164988.518385
  },
  {
    "level": "INFO",
    "name": "root",
    "message": "WebUI stderr: File \"<USER_HOME>\\stable-diffusion-webui\\venv\\lib\\site-packages\\anyio\\_backends\\_asyncio.py\", line 877, in run_sync_in_worker_thread",
    "created": 1765164988.524385
  },
  {
    "level": "INFO",
    "name": "shutdown_inspector_children",
    "message": "Thread: name=ProcessAutoScanner daemon=True alive=True ident=21204",
    "created": 1765164988.524385
  },
  {
    "level": "INFO",
    "name": "root",
    "message": "WebUI stderr: return await future",
    "created": 1765164988.5303845
  },
  {
    "level": "INFO",
    "name": "shutdown_inspector_children",
    "message": "Thread: name=ProcessAutoScanner daemon=True alive=True ident=30136",
    "created": 1765164988.5303845
  },
  {
    "level": "INFO",
    "name": "root",
    "message": "WebUI stderr: File \"<USER_HOME>\\stable-diffusion-webui\\venv\\lib\\site-packages\\anyio\\_backends\\_asyncio.py\", line 807, in run",
    "created": 1765164988.5363848
  },
  {
    "level": "INFO",
    "name": "shutdown_inspector_children",
    "message": "Thread: name=ProcessAutoScanner daemon=True alive=True ident=25780",
    "created": 1765164988.5363848
  },
  {
    "level": "INFO",
    "name": "root",
    "message": "WebUI stderr: result = context.run(func, *args)",
    "created": 1765164988.5413847
  },
  {
    "level": "INFO",
    "name": "shutdown_inspector_children",
    "message": "Thread: name=ProcessAutoScanner daemon=True alive=True ident=25784",
    "created": 1765164988.5423846
  },
  {
    "level": "INFO",
    "name": "root",
    "message": "WebUI stderr: File \"<USER_HOME>\\stable-diffusion-webui\\modules\\api\\api.py\", line 681, in set_config",
    "created": 1765164988.5473845
  },
  {
    "level": "INFO",
    "name": "shutdown_inspector_children",
    "message": "Thread: name=ProcessAutoScanner daemon=True alive=True ident=2912",
    "created": 1765164988.5483847
  },
  {
    "level": "INFO",
    "name": "root",
    "message": "WebUI stderr: raise RuntimeError(f\"model {checkpoint_name!r} not found\")",
    "created": 1765164988.5533848
  },
  {
    "level": "INFO",
    "name": "shutdown_inspector_children",
    "message": "Thread: name=Thread-8 (log_output) daemon=True alive=True ident=40604",
    "created": 1765164988.554385
  },
  {
    "level": "INFO",
    "name": "root",
    "message": "WebUI stderr: RuntimeError: model 'StableNew-XL' not found",
    "created": 1765164988.558385
  },
  {
    "level": "INFO",
    "name": "shutdown_inspector_children",
    "message": "Thread: name=Thread-9 (log_output) daemon=True alive=True ident=37152",
    "created": 1765164988.5603848
  },
  {
    "level": "INFO",
    "name": "root",
    "message": "WebUI stderr: ",
    "created": 1765164988.565385
  },
  {
    "level": "INFO",
    "name": "shutdown_inspector_children",
    "message": "Thread: name=Thread-10 (_worker_loop) daemon=True alive=True ident=14208",
    "created": 1765164988.5673854
  },
  {
    "level": "INFO",
    "name": "root",
    "message": "WebUI stderr: ---",
    "created": 1765164988.5734444
  },
  {
    "level": "INFO",
    "name": "shutdown_inspector_children",
    "message": "Thread: name=ProcessAutoScanner daemon=True alive=True ident=10888",
    "created": 1765164988.5745142
  },
  {
    "level": "INFO",
    "name": "root",
    "message": "WebUI stderr: *** API error: POST: http://127.0.0.1:7860/sdapi/v1/options {'error': 'RuntimeError', 'detail': '', 'body': '', 'errors': \"model 'StableNew-XL' not found\"}",
    "created": 1765164988.580514
  },
  {
    "level": "INFO",
    "name": "shutdown_inspector_children",
    "message": "Thread: name=ProcessAutoScanner daemon=True alive=True ident=32648",
    "created": 1765164988.581514
  },
  {
    "level": "INFO",
    "name": "root",
    "message": "WebUI stderr: Traceback (most recent call last):",
    "created": 1765164988.5865135
  },
  {
    "level": "INFO",
    "name": "shutdown_inspector_children",
    "message": "Thread: name=Thread-11 (_worker_loop) daemon=True alive=True ident=6444",
    "created": 1765164988.5875134
  },
  {
    "level": "INFO",
    "name": "root",
    "message": "WebUI stderr: File \"<USER_HOME>\\stable-diffusion-webui\\venv\\lib\\site-packages\\anyio\\streams\\memory.py\", line 98, in receive",
    "created": 1765164988.5925138
  },
  {
    "level": "INFO",
    "name": "shutdown_inspector_children",
    "message": "Thread: name=ProcessAutoScanner daemon=True alive=True ident=4816",
    "created": 1765164988.5935142
  },
  {
    "level": "INFO",
    "name": "root",
    "message": "WebUI stderr: return self.receive_nowait()",
    "created": 1765164988.599519
  },
  {
    "level": "INFO",
    "name": "shutdown_inspector_children",
    "message": "Thread: name=ProcessAutoScanner daemon=True alive=True ident=4088",
    "created": 1765164988.599519
  },
  {
    "level": "INFO",
    "name": "root",
    "message": "WebUI stderr: File \"<USER_HOME>\\stable-diffusion-webui\\venv\\lib\\site-packages\\anyio\\streams\\memory.py\", line 93, in receive_nowait",
    "created": 1765164988.6065176
  },
  {
    "level": "INFO",
    "name": "shutdown_inspector_children",
    "message": "Thread: name=ProcessAutoScanner daemon=True alive=True ident=17828",
    "created": 1765164988.6065176
  },
  {
    "level": "INFO",
    "name": "root",
    "message": "WebUI stderr: raise WouldBlock",
    "created": 1765164988.6125426
  },
  {
    "level": "INFO",
    "name": "shutdown_inspector_children",
    "message": "Thread: name=Thread-12 (_worker_loop) daemon=True alive=True ident=20228",
    "created": 1765164988.6125426
  },
  {
    "level": "INFO",
    "name": "root",
    "message": "WebUI stderr: anyio.WouldBlock",
    "created": 1765164988.6185427
  },
  {
    "level": "INFO",
    "name": "shutdown_inspector_children",
    "message": "Thread: name=ProcessAutoScanner daemon=True alive=True ident=30512",
    "created": 1765164988.6195428
  },
  {
    "level": "INFO",
    "name": "root",
    "message": "WebUI stderr: ",
    "created": 1765164988.6255424
  },
  {
    "level": "INFO",
    "name": "shutdown_inspector_children",
    "message": "Thread: name=Thread-13 (_worker_loop) daemon=True alive=True ident=7540",
    "created": 1765164988.6255424
  },
  {
    "level": "INFO",
    "name": "root",
    "message": "WebUI stderr: During handling of the above exception, another exception occurred:",
    "created": 1765164988.6325424
  },
  {
    "level": "INFO",
    "name": "shutdown_inspector_children",
    "message": "Thread: name=ProcessAutoScanner daemon=True alive=True ident=32316",
    "created": 1765164988.6335425
  },
  {
    "level": "INFO",
    "name": "root",
    "message": "WebUI stderr: ",
    "created": 1765164988.638543
  },
  {
    "level": "INFO",
    "name": "shutdown_inspector_children",
    "message": "Thread: name=Thread-14 (_worker_loop) daemon=True alive=True ident=35860",
    "created": 1765164988.6395423
  },
  {
    "level": "INFO",
    "name": "root",
    "message": "WebUI stderr: Traceback (most recent call last):",
    "created": 1765164988.6445434
  },
  {
    "level": "INFO",
    "name": "shutdown_inspector_children",
    "message": "Thread: name=ProcessAutoScanner daemon=True alive=True ident=37980",
    "created": 1765164988.645543
  },
  {
    "level": "INFO",
    "name": "root",
    "message": "WebUI stderr: File \"<USER_HOME>\\stable-diffusion-webui\\venv\\lib\\site-packages\\starlette\\middleware\\base.py\", line 78, in call_next",
    "created": 1765164988.6505947
  },
  {
    "level": "INFO",
    "name": "shutdown_inspector_children",
    "message": "Thread: name=ProcessAutoScanner daemon=True alive=True ident=39212",
    "created": 1765164988.6515946
  },
  {
    "level": "INFO",
    "name": "root",
    "message": "WebUI stderr: message = await recv_stream.receive()",
    "created": 1765164988.6565948
  },
  {
    "level": "INFO",
    "name": "shutdown_inspector_children",
    "message": "Thread: name=ProcessAutoScanner daemon=True alive=True ident=10556",
    "created": 1765164988.6575947
  },
  {
    "level": "INFO",
    "name": "root",
    "message": "WebUI stderr: File \"<USER_HOME>\\stable-diffusion-webui\\venv\\lib\\site-packages\\anyio\\streams\\memory.py\", line 118, in receive",
    "created": 1765164988.6635947
  },
  {
    "level": "INFO",
    "name": "shutdown_inspector_children",
    "message": "Thread: name=Thread-15 (_shutdown_watchdog) daemon=True alive=True ident=17072",
    "created": 1765164988.6635947
  },
  {
    "level": "INFO",
    "name": "root",
    "message": "WebUI stderr: raise EndOfStream",
    "created": 1765164988.6696413
  },
  {
    "level": "INFO",
    "name": "shutdown_inspector_children",
    "message": "Thread: name=Thread-17 (_shutdown_watchdog) daemon=True alive=True ident=36340",
    "created": 1765164988.6706414
  },
  {
    "level": "INFO",
    "name": "root",
    "message": "WebUI stderr: anyio.EndOfStream",
    "created": 1765164988.6756923
  },
  {
    "level": "INFO",
    "name": "shutdown_inspector_children",
    "message": "Thread: name=Thread-19 (_shutdown_watchdog) daemon=True alive=True ident=11792",
    "created": 1765164988.6766925
  },
  {
    "level": "INFO",
    "name": "root",
    "message": "WebUI stderr: ",
    "created": 1765164988.6829665
  },
  {
    "level": "INFO",
    "name": "shutdown_inspector_children",
    "message": "Thread: name=Thread-20 (_shutdown_watchdog) daemon=True alive=True ident=14660",
    "created": 1765164988.6829665
  },
  {
    "level": "INFO",
    "name": "root",
    "message": "WebUI stderr: During handling of the above exception, another exception occurred:",
    "created": 1765164988.689021
  },
  {
    "level": "INFO",
    "name": "shutdown_inspector_children",
    "message": "Thread: name=ProcessAutoScanner daemon=True alive=True ident=17652",
    "created": 1765164988.690021
  },
  {
    "level": "INFO",
    "name": "root",
    "message": "WebUI stderr: ",
    "created": 1765164988.6960814
  },
  {
    "level": "INFO",
    "name": "shutdown_inspector_children",
    "message": "Thread: name=ProcessAutoScanner daemon=True alive=True ident=25716",
    "created": 1765164988.6970823
  },
  {
    "level": "INFO",
    "name": "root",
    "message": "WebUI stderr: Traceback (most recent call last):",
    "created": 1765164988.7021499
  },
  {
    "level": "INFO",
    "name": "shutdown_inspector_children",
    "message": "Thread: name=ProcessAutoScanner daemon=True alive=True ident=33500",
    "created": 1765164988.7031498
  },
  {
    "level": "INFO",
    "name": "root",
    "message": "WebUI stderr: File \"<USER_HOME>\\stable-diffusion-webui\\modules\\api\\api.py\", line 186, in exception_handling",
    "created": 1765164988.7101502
  },
  {
    "level": "INFO",
    "name": "shutdown_inspector_children",
    "message": "Thread: name=ProcessAutoScanner daemon=True alive=True ident=22328",
    "created": 1765164988.7111504
  },
  {
    "level": "INFO",
    "name": "root",
    "message": "WebUI stderr: return await call_next(request)",
    "created": 1765164988.7172046
  },
  {
    "level": "INFO",
    "name": "shutdown_inspector_children",
    "message": "Thread: name=ProcessAutoScanner daemon=True alive=True ident=26600",
    "created": 1765164988.7182047
  },
  {
    "level": "INFO",
    "name": "root",
    "message": "WebUI stderr: File \"<USER_HOME>\\stable-diffusion-webui\\venv\\lib\\site-packages\\starlette\\middleware\\base.py\", line 84, in call_next",
    "created": 1765164988.7242641
  },
  {
    "level": "INFO",
    "name": "shutdown_inspector_children",
    "message": "Thread: name=ProcessAutoScanner daemon=True alive=True ident=3088",
    "created": 1765164988.7252655
  },
  {
    "level": "INFO",
    "name": "root",
    "message": "WebUI stderr: raise app_exc",
    "created": 1765164988.7305326
  },
  {
    "level": "INFO",
    "name": "shutdown_inspector_children",
    "message": "Thread: name=Thread-21 daemon=True alive=True ident=32608",
    "created": 1765164988.7315893
  },
  {
    "level": "INFO",
    "name": "root",
    "message": "WebUI stderr: File \"<USER_HOME>\\stable-diffusion-webui\\venv\\lib\\site-packages\\starlette\\middleware\\base.py\", line 70, in coro",
    "created": 1765164988.7375896
  },
  {
    "level": "INFO",
    "name": "shutdown_inspector_children",
    "message": "Thread: name=ProcessAutoScanner daemon=True alive=True ident=26168",
    "created": 1765164988.7385893
  },
  {
    "level": "INFO",
    "name": "root",
    "message": "WebUI stderr: await self.app(scope, receive_or_disconnect, send_no_error)",
    "created": 1765164988.7446706
  },
  {
    "level": "INFO",
    "name": "shutdown_inspector_children",
    "message": "Thread: name=Thread-24 (_worker_loop) daemon=True alive=True ident=20372",
    "created": 1765164988.7456698
  },
  {
    "level": "INFO",
    "name": "root",
    "message": "WebUI stderr: File \"<USER_HOME>\\stable-diffusion-webui\\venv\\lib\\site-packages\\starlette\\middleware\\base.py\", line 108, in __call__",
    "created": 1765164988.7537177
  },
  {
    "level": "INFO",
    "name": "shutdown_inspector_children",
    "message": "Thread: name=ProcessAutoScanner daemon=True alive=True ident=7060",
    "created": 1765164988.755716
  },
  {
    "level": "INFO",
    "name": "root",
    "message": "WebUI stderr: response = await self.dispatch_func(request, call_next)",
    "created": 1765164988.7648115
  },
  {
    "level": "INFO",
    "name": "shutdown_inspector_children",
    "message": "Thread: name=ProcessAutoScanner daemon=True alive=True ident=16980",
    "created": 1765164988.7668111
  },
  {
    "level": "INFO",
    "name": "root",
    "message": "WebUI stderr: File \"<USER_HOME>\\stable-diffusion-webui\\modules\\api\\api.py\", line 150, in log_and_time",
    "created": 1765164988.7769496
  },
  {
    "level": "INFO",
    "name": "shutdown_inspector_children",
    "message": "Thread: name=ProcessAutoScanner daemon=True alive=True ident=3048",
    "created": 1765164988.77795
  },
  {
    "level": "INFO",
    "name": "root",
    "message": "WebUI stderr: res: Response = await call_next(req)",
    "created": 1765164988.7890043
  },
  {
    "level": "INFO",
    "name": "shutdown_inspector_children",
    "message": "Thread: name=ProcessAutoScanner daemon=True alive=True ident=2700",
    "created": 1765164988.791002
  },
  {
    "level": "INFO",
    "name": "root",
    "message": "WebUI stderr: File \"<USER_HOME>\\stable-diffusion-webui\\venv\\lib\\site-packages\\starlette\\middleware\\base.py\", line 84, in call_next",
    "created": 1765164988.8010027
  },
  {
    "level": "INFO",
    "name": "shutdown_inspector_children",
    "message": "Thread: name=ProcessAutoScanner daemon=True alive=True ident=14892",
    "created": 1765164988.8030038
  },
  {
    "level": "INFO",
    "name": "root",
    "message": "WebUI stderr: raise app_exc",
    "created": 1765164988.812004
  },
  {
    "level": "INFO",
    "name": "shutdown_inspector_children",
    "message": "Thread: name=ProcessAutoScanner daemon=True alive=True ident=3128",
    "created": 1765164988.8140028
  },
  {
    "level": "INFO",
    "name": "root",
    "message": "WebUI stderr: File \"<USER_HOME>\\stable-diffusion-webui\\venv\\lib\\site-packages\\starlette\\middleware\\base.py\", line 70, in coro",
    "created": 1765164988.8200035
  },
  {
    "level": "INFO",
    "name": "shutdown_inspector_children",
    "message": "Shutdown inspector: no child processes attached.",
    "created": 1765164988.8210034
  },
  {
    "level": "INFO",
    "name": "root",
    "message": "WebUI stderr: await self.app(scope, receive_or_disconnect, send_no_error)",
    "created": 1765164988.8270028
  },
  {
    "level": "INFO",
    "name": "src.controller.webui_connection_controller",
    "message": "WebUI models/options are ready at http://x",
    "created": 1765164988.8320813
  },
  {
    "level": "INFO",
    "name": "root",
    "message": "WebUI stderr: File \"<USER_HOME>\\stable-diffusion-webui\\venv\\lib\\site-packages\\starlette\\middleware\\cors.py\", line 84, in __call__",
    "created": 1765164988.8360808
  },
  {
    "level": "INFO",
    "name": "src.controller.webui_connection_controller",
    "message": "WebUI models/options are ready at http://x",
    "created": 1765164988.840082
  },
  {
    "level": "INFO",
    "name": "root",
    "message": "WebUI stderr: await self.app(scope, receive, send)",
    "created": 1765164988.8440812
  },
  {
    "level": "INFO",
    "name": "src.controller.webui_connection_controller",
    "message": "Trying to auto-detect WebUI on other ports...",
    "created": 1765164988.8481686
  },
  {
    "level": "INFO",
    "name": "root",
    "message": "WebUI stderr: File \"<USER_HOME>\\stable-diffusion-webui\\venv\\lib\\site-packages\\starlette\\middleware\\gzip.py\", line 24, in __call__",
    "created": 1765164988.8511665
  },
  {
    "level": "INFO",
    "name": "src.api.healthcheck",
    "message": "Checking for WebUI API on port 7860 | {\"endpoint\": \"/sdapi/v1/progress\", \"port\": 7860, \"subsystem\": \"api\"}",
    "created": 1765164988.8542283,
    "payload": {
      "message": "Checking for WebUI API on port 7860",
      "subsystem": "api",
      "port": 7860,
      "endpoint": "/sdapi/v1/progress"
    }
  },
  {
    "level": "INFO",
    "name": "root",
    "message": "WebUI stderr: await responder(scope, receive, send)",
    "created": 1765164988.858229
  },
  {
    "level": "INFO",
    "name": "src.api.healthcheck",
    "message": "Probing WebUI readiness at models/options endpoints | {\"models_endpoint\": \"/sdapi/v1/sd-models\", \"options_endpoint\": \"/sdapi/v1/options\", \"subsystem\": \"api\"}",
    "created": 1765164988.8602278,
    "payload": {
      "message": "Probing WebUI readiness at models/options endpoints",
      "subsystem": "api",
      "models_endpoint": "/sdapi/v1/sd-models",
      "options_endpoint": "/sdapi/v1/options"
    }
  },
  {
    "level": "INFO",
    "name": "root",
    "message": "WebUI stderr: File \"<USER_HOME>\\stable-diffusion-webui\\venv\\lib\\site-packages\\starlette\\middleware\\gzip.py\", line 44, in __call__",
    "created": 1765164988.8652294
  },
  {
    "level": "INFO",
    "name": "root",
    "message": "WebUI stderr: await self.app(scope, receive, self.send_with_gzip)",
    "created": 1765164988.8709989
  },
  {
    "level": "INFO",
    "name": "root",
    "message": "WebUI stderr: File \"<USER_HOME>\\stable-diffusion-webui\\venv\\lib\\site-packages\\starlette\\middleware\\exceptions.py\", line 79, in __call__",
    "created": 1765164988.8741248
  },
  {
    "level": "INFO",
    "name": "root",
    "message": "WebUI stderr: raise exc",
    "created": 1765164988.877248
  },
  {
    "level": "INFO",
    "name": "root",
    "message": "WebUI stderr: File \"<USER_HOME>\\stable-diffusion-webui\\venv\\lib\\site-packages\\starlette\\middleware\\exceptions.py\", line 68, in __call__",
    "created": 1765164990.742232
  },
  {
    "level": "INFO",
    "name": "root",
    "message": "WebUI stderr: await self.app(scope, receive, sender)",
    "created": 1765164993.2203624
  }
]