[
  {
    "level": "INFO",
    "name": "src.services.queue_store_v2",
    "message": "Loaded queue state: 0 jobs, auto_run=True, paused=False",
    "created": 1765505593.8965812
  },
  {
    "level": "INFO",
    "name": "src.controller.app_controller",
    "message": "Restored queue state: auto_run=True, paused=False, 0 jobs (jobs not restored in V1 queue)",
    "created": 1765505593.9015853
  },
  {
    "level": "INFO",
    "name": "src.utils.config",
    "message": "Found 15 presets",
    "created": 1765505593.9156475
  },
  {
    "level": "INFO",
    "name": "src.utils.file_io",
    "message": "Found 12 prompt packs in packs",
    "created": 1765505593.9276574
  },
  {
    "level": "INFO",
    "name": "src.utils.file_io",
    "message": "Read 10 prompts from SDXL_angelic_warriors_Fantasy.txt",
    "created": 1765505593.9329774
  },
  {
    "level": "INFO",
    "name": "src.utils.file_io",
    "message": "Read 10 prompts from SDXL_angelic_warriors_Realistic.txt",
    "created": 1765505593.937065
  },
  {
    "level": "INFO",
    "name": "src.utils.file_io",
    "message": "Read 10 prompts from SDXL_beautiful_women_Fantasy.txt",
    "created": 1765505593.942387
  },
  {
    "level": "INFO",
    "name": "src.utils.file_io",
    "message": "Read 10 prompts from SDXL_beautiful_women_Realistic.txt",
    "created": 1765505593.9463873
  },
  {
    "level": "INFO",
    "name": "src.utils.file_io",
    "message": "Read 10 prompts from SDXL_epic_structures_Fantasy.txt",
    "created": 1765505593.9513881
  },
  {
    "level": "INFO",
    "name": "src.utils.file_io",
    "message": "Read 10 prompts from SDXL_epic_structures_Realistic.txt",
    "created": 1765505593.956609
  },
  {
    "level": "INFO",
    "name": "src.utils.file_io",
    "message": "Read 10 prompts from SDXL_female_fantasy_heroes_Fantasy.txt",
    "created": 1765505593.9601107
  },
  {
    "level": "INFO",
    "name": "src.utils.file_io",
    "message": "Read 10 prompts from SDXL_female_fantasy_heroes_Realistic.txt",
    "created": 1765505593.9661276
  },
  {
    "level": "INFO",
    "name": "src.utils.file_io",
    "message": "Read 10 prompts from SDXL_male_fantasy_heroes_Fantasy.txt",
    "created": 1765505593.971631
  },
  {
    "level": "INFO",
    "name": "src.utils.file_io",
    "message": "Read 10 prompts from SDXL_male_fantasy_heroes_Realistic.txt",
    "created": 1765505593.9756343
  },
  {
    "level": "INFO",
    "name": "src.utils.file_io",
    "message": "Read 10 prompts from SDXL_mythical_beasts_Fantasy.txt",
    "created": 1765505593.9801366
  },
  {
    "level": "INFO",
    "name": "src.utils.file_io",
    "message": "Read 10 prompts from SDXL_mythical_beasts_Realistic.txt",
    "created": 1765505593.984643
  },
  {
    "level": "INFO",
    "name": "src.api.client",
    "message": "Retrieved 22 models",
    "created": 1765505594.1066155
  },
  {
    "level": "INFO",
    "name": "src.api.client",
    "message": "Retrieved 14 upscalers",
    "created": 1765505594.1374583
  },
  {
    "level": "INFO",
    "name": "src.api.client",
    "message": "Retrieved 10 VAE models",
    "created": 1765505594.1641138
  },
  {
    "level": "INFO",
    "name": "src.api.client",
    "message": "Retrieved 14 upscalers",
    "created": 1765505594.19431
  },
  {
    "level": "INFO",
    "name": "src.api.client",
    "message": "Retrieved 22 models",
    "created": 1765505594.203398
  }
]