{
  "reason": "uncaught_exception",
  "timestamp": "20251213_215457",
  "system": {
    "timestamp": "2025-12-13T21:54:57.948103Z",
    "hostname": "Rob-Gaming-Desk",
    "platform": {
      "system": "Windows",
      "release": "10",
      "version": "10.0.26100",
      "machine": "AMD64",
      "processor": "Intel64 Family 6 Model 183 Stepping 1, GenuineIntel"
    },
    "python": {
      "implementation": "CPython",
      "version": "3.10.6",
      "executable": "<USER_HOME>\\AppData\\Local\\Programs\\Python\\Python310\\python.exe"
    },
    "user": "rob",
    "cwd": "<USER_HOME>\\projects\\StableNew",
    "repo_root": "<USER_HOME>\\projects\\StableNew",
    "memory": {
      "total_mb": 32527.05859375,
      "available_mb": 16031.46875,
      "used_mb": 16495.58984375,
      "percent": 50.7
    },
    "cpu": {
      "percent": 15.3,
      "count_logical": 32,
      "count_physical": 24
    },
    "disk": {
      "total_mb": 1952658.99609375,
      "used_mb": 386830.90625,
      "free_mb": 1565828.08984375
    }
  },
  "context": {
    "exception": "'AppController' object has no attribute 'attach_watchdog'",
    "traceback": "Traceback (most recent call last):\n  File \"<USER_HOME>\\AppData\\Local\\Programs\\Python\\Python310\\lib\\runpy.py\", line 196, in _run_module_as_main\n    return _run_code(code, main_globals, None,\n  File \"<USER_HOME>\\AppData\\Local\\Programs\\Python\\Python310\\lib\\runpy.py\", line 86, in _run_code\n    exec(code, run_globals)\n  File \"<USER_HOME>\\projects\\StableNew\\src\\main.py\", line 459, in <module>\n    main()\n  File \"<USER_HOME>\\projects\\StableNew\\src\\main.py\", line 427, in main\n    root, app_state, app_controller, window = build_v2_app(root=tk.Tk(), webui_manager=webui_manager)\n  File \"<USER_HOME>\\projects\\StableNew\\src\\app_factory.py\", line 70, in build_v2_app\n    app_controller.attach_watchdog(diagnostics_service)\nAttributeError: 'AppController' object has no attribute 'attach_watchdog'\n"
  },
  "job_snapshot": {
    "jobs": [],
    "cached_metadata": {},
    "containers": {},
    "active_watchdogs": [],
    "watchdog_events": [],
    "cleanup_history": [],
    "process_container_config": {
      "enabled": true,
      "memory_limit_mb": null,
      "cpu_limit_percent": null,
      "max_processes": null
    }
  }
}